mode,scale,true,drop,theta,action,set,move,k,threshold,region,alive,lambdas,fitted,exp_shortfall,exp_ethanol,exp_unnecessary
1,1.0,C,0.01,0.9269169792220967,COMPENSATE,S1,False,1.0,6.6348966010212145,DIFFERENT_ACTION,"C,F,M,S","{""C"": 0.0, ""M"": 0.0, ""F"": 0.0, ""S"": 0.0}","{""C"": 0.9269169792220967, ""M"": 0.9849246231155779, ""F"": 0.9885139985642498, ""S"": -3.198950753768844e-06}",5.684720635204879e-07,0.0,0.0
1,1.0,C,0.01,0.9269169792220967,COMPENSATE,S1,True,2.0,6.6348966010212145,DIFFERENT_ACTION,"C,F,M,S","{""C"": 0.0, ""M"": 0.2092, ""F"": 0.7903, ""S"": 0.2758}","{""C"": 0.9269169792220967, ""M"": 0.994898775903038, ""F"": 0.9961457500074186, ""S"": -2.5134613065326607e-06}",5.684720635204879e-07,0.0,0.0
1,1.0,C,0.01,0.9269169792220967,COMPENSATE,S2,False,2.0,6.6348966010212145,DIFFERENT_ACTION,"C,F,M,S","{""C"": 0.0, ""M"": 0.0, ""F"": 0.0, ""S"": 0.0}","{""C"": 0.9269169792220967, ""M"": 0.9849246231155779, ""F"": 0.9885139985642498, ""S"": -3.198950753768844e-06}",5.684720635204879e-07,0.0,0.0
1,1.0,C,0.01,0.9269169792220967,COMPENSATE,S2,True,4.0,11.344866730144373,DIFFERENT_ACTION,"C,F,M,S","{""C"": 0.0, ""M"": 0.2093, ""F"": 0.7903, ""S"": 0.2759}","{""C"": 0.9269169792220967, ""M"": 0.994898776358968, ""F"": 0.9961457502646327, ""S"": -2.5134613065326607e-06}",5.684720635204879e-07,0.0,0.0
1,1.0,C,0.01,0.9269169792220967,COMPENSATE,S3,False,3.0,9.21034037197618,DIFFERENT_ACTION,"C,F,M,S","{""C"": 0.0, ""M"": 0.0, ""F"": 0.0, ""S"": 0.0}","{""C"": 0.9269169792220967, ""M"": 0.9849246231155779, ""F"": 0.9885139985642498, ""S"": -3.198950753768844e-06}",5.684720635204879e-07,0.0,0.0
1,1.0,C,0.01,0.9269169792220967,COMPENSATE,S3,True,6.0,15.086272469388987,DIFFERENT_ACTION,"C,F,M,S","{""C"": 0.0, ""M"": 0.232, ""F"": 0.7904, ""S"": 0.2968}","{""C"": 0.9269169792220967, ""M"": 0.9948988256709972, ""F"": 0.9961458034054196, ""S"": -2.5134613065326607e-06}",5.684720635204879e-07,0.0,0.0
1,1.0,C,0.01,0.9269169792220967,COMPENSATE,S4,False,7.0,16.811893829770927,DIFFERENT_ACTION,"C,F,M,S","{""C"": 0.0, ""M"": 0.0, ""F"": 0.0, ""S"": 0.0}","{""C"": 0.9269169792220967, ""M"": 0.9849246231155779, ""F"": 0.9885139985642498, ""S"": -3.198950753768844e-06}",5.684720635204879e-07,0.0,0.0
1,1.0,C,0.01,0.9269169792220967,COMPENSATE,S4,True,14.0,27.68824961045705,DIFFERENT_ACTION,"C,F,M,S","{""C"": 0.0, ""M"": 0.2479, ""F"": 0.7997, ""S"": 0.3125}","{""C"": 0.9269169792220967, ""M"": 0.9948988274175287, ""F"": 0.9961457322568942, ""S"": -2.5134613065326607e-06}",5.684720635204879e-07,0.0,0.0
1,1.0,C,0.02,0.8578842707217273,COMPENSATE,S1,False,1.0,6.6348966010212145,DIFFERENT_ACTION,"C,F,M,S","{""C"": 0.0, ""M"": 0.0, ""F"": 0.0, ""S"": 0.0}","{""C"": 0.8578842707217273, ""M"": 0.9758793969849247, ""F"": 0.9813352476669059, ""S"": -5.483915577889446e-06}",1.1368561840910022e-06,0.0,0.0
1,1.0,C,0.02,0.8578842707217273,COMPENSATE,S1,True,2.0,6.6348966010212145,DIFFERENT_ACTION,"C,F,M,S","{""C"": 0.0, ""M"": 3.5222, ""F"": 4.6243, ""S"": 1.1409}","{""C"": 0.8578842707217273, ""M"": 0.9847254583728409, ""F"": 0.9884921492915906, ""S"": -5.483915577889446e-06}",1.1368561840910022e-06,0.0,0.0
1,1.0,C,0.02,0.8578842707217273,COMPENSATE,S2,False,2.0,6.6348966010212145,DIFFERENT_ACTION,"C,F,M,S","{""C"": 0.0, ""M"": 0.0, ""F"": 0.0, ""S"": 0.0}","{""C"": 0.8578842707217273, ""M"": 0.9758793969849247, ""F"": 0.9813352476669059, ""S"": -5.483915577889446e-06}",1.1368561840910022e-06,0.0,0.0
1,1.0,C,0.02,0.8578842707217273,COMPENSATE,S2,True,4.0,11.344866730144373,DIFFERENT_ACTION,"C,F,M,S","{""C"": 0.0, ""M"": 3.5223, ""F"": 4.6244, ""S"": 1.1409}","{""C"": 0.8578842707217273, ""M"": 0.9847254603282873, ""F"": 0.9884921498867962, ""S"": -5.483915577889446e-06}",1.1368561840910022e-06,0.0,0.0
1,1.0,C,0.02,0.8578842707217273,COMPENSATE,S3,False,3.0,9.21034037197618,DIFFERENT_ACTION,"C,F,M,S","{""C"": 0.0, ""M"": 0.0, ""F"": 0.0, ""S"": 0.0}","{""C"": 0.8578842707217273, ""M"": 0.9758793969849247, ""F"": 0.9813352476669059, ""S"": -5.483915577889446e-06}",1.1368561840910022e-06,0.0,0.0
1,1.0,C,0.02,0.8578842707217273,COMPENSATE,S3,True,6.0,15.086272469388987,DIFFERENT_ACTION,"C,F,M,S","{""C"": 0.0, ""M"": 3.6174, ""F"": 4.6532, ""S"": 1.2245}","{""C"": 0.8578842707217273, ""M"": 0.9847255611200939, ""F"": 0.9884931329137687, ""S"": -5.483915577889446e-06}",1.1368561840910022e-06,0.0,0.0
1,1.0,C,0.02,0.8578842707217273,COMPENSATE,S4,False,7.0,16.811893829770927,DIFFERENT_ACTION,"C,F,M,S","{""C"": 0.0, ""M"": 0.008, ""F"": 0.3655, ""S"": 0.0045}","{""C"": 0.8578842707217273, ""M"": 0.9846313382514605, ""F"": 0.9884670484384944, ""S"": -5.483915577889446e-06}",1.1368561840910022e-06,0.0,0.0
1,1.0,C,0.02,0.8578842707217273,COMPENSATE,S4,True,14.0,27.68824961045705,DIFFERENT_ACTION,"C,F,M,S","{""C"": 0.0, ""M"": 3.689, ""F"": 5.0499, ""S"": 1.2922}","{""C"": 0.8578842707217273, ""M"": 0.9847255980883403, ""F"": 0.98849721342991, ""S"": -5.483915577889446e-06}",1.1368561840910022e-06,0.0,0.0
1,1.0,C,0.05,0.6731925672038667,COMPENSATE,S1,False,1.0,6.6348966010212145,DIFFERENT_ACTION,"C,F,M,S","{""C"": 0.0, ""M"": 0.0, ""F"": 0.0, ""S"": 0.0}","{""C"": 0.6731925672038667, ""M"": 0.9457286432160804, ""F"": 0.95908111988514, ""S"": -1.2338810050251258e-05}",2.8420085458025045e-06,0.0,0.0
1,1.0,C,0.05,0.6731925672038667,COMPENSATE,S1,True,2.0,6.6348966010212145,DISTINGUISHABLE,C,"{""C"": 0.0, ""M"": 36.3181, ""F"": 35.5693, ""S"": 7.8428}","{""C"": 0.6731925672038667, ""M"": 0.9542304750529788, ""F"": 0.9660152799775525, ""S"": -1.1424824120603016e-05}",0.0,0.0,0.0
1,1.0,C,0.05,0.6731925672038667,COMPENSATE,S2,False,2.0,6.6348966010212145,DIFFERENT_ACTION,"C,F,M,S","{""C"": 0.0, ""M"": 0.0, ""F"": 0.0, ""S"": 0.0}","{""C"": 0.6731925672038667, ""M"": 0.9457286432160804, ""F"": 0.95908111988514, ""S"": -1.2338810050251258e-05}",2.8420085458025045e-06,0.0,0.0
1,1.0,C,0.05,0.6731925672038667,COMPENSATE,S2,True,4.0,11.344866730144373,DIFFERENT_ACTION,"C,S","{""C"": 0.0, ""M"": 36.3188, ""F"": 35.5701, ""S"": 7.843}","{""C"": 0.6731925672038667, ""M"": 0.9542304813745702, ""F"": 0.966015281471418, ""S"": -1.1424824120603016e-05}",5.684017091605009e-06,0.0,0.0
1,1.0,C,0.05,0.6731925672038667,COMPENSATE,S3,False,3.0,9.21034037197618,DIFFERENT_ACTION,"C,F,M,S","{""C"": 0.0, ""M"": 0.0, ""F"": 0.0, ""S"": 0.0}","{""C"": 0.6731925672038667, ""M"": 0.9457286432160804, ""F"": 0.95908111988514, ""S"": -1.2338810050251258e-05}",2.8420085458025045e-06,0.0,0.0
1,1.0,C,0.05,0.6731925672038667,COMPENSATE,S3,True,6.0,15.086272469388987,DIFFERENT_ACTION,"C,S","{""C"": 0.0, ""M"": 36.9299, ""F"": 35.9742, ""S"": 8.367}","{""C"": 0.6731925672038667, ""M"": 0.9542307370601494, ""F"": 0.9660187467637135, ""S"": -1.1424824120603016e-05}",5.684017091605009e-06,0.0,0.0
1,1.0,C,0.05,0.6731925672038667,COMPENSATE,S4,False,7.0,16.811893829770927,DIFFERENT_ACTION,"C,M,S","{""C"": 0.0, ""M"": 15.3498, ""F"": 27.2657, ""S"": 14.8883}","{""C"": 0.6731925672038667, ""M"": 0.9539303981024669, ""F"": 0.9659754370998171, ""S"": -1.2338810050251258e-05}",3.7893447277366726e-06,0.0,0.0
1,1.0,C,0.05,0.6731925672038667,COMPENSATE,S4,True,14.0,27.68824961045705,DIFFERENT_ACTION,"C,S","{""C"": 0.0, ""M"": 52.6759, ""F"": 63.4095, ""S"": 23.6516}","{""C"": 0.6731925672038667, ""M"": 0.9542321251560436, ""F"": 0.9660532963034675, ""S"": -1.1424824120603016e-05}",5.684017091605009e-06,0.0,0.0
1,1.0,C,0.1,0.4300994011421313,COMPENSATE,S1,False,1.0,6.6348966010212145,DIFFERENT_ACTION,"C,F,M,S","{""C"": 0.0, ""M"": 0.0, ""F"": 0.0, ""S"": 0.0}","{""C"": 0.4300994011421313, ""M"": 0.8944723618090452, ""F"": 0.9231873653984207, ""S"": -2.3763634170854274e-05}",5.683929148654988e-06,0.0,0.0
1,1.0,C,0.1,0.4300994011421313,COMPENSATE,S1,True,2.0,6.6348966010212145,DISTINGUISHABLE,C,"{""C"": 0.0, ""M"": 158.3191, ""F"": 154.1884, ""S"": 36.3937}","{""C"": 0.4300994011421313, ""M"": 0.903488518584077, ""F"": 0.9300766364672365, ""S"": -2.3763634170854274e-05}",0.0,0.0,0.0
1,1.0,C,0.1,0.4300994011421313,COMPENSATE,S2,False,2.0,6.6348966010212145,DIFFERENT_ACTION,"C,F,M,S","{""C"": 0.0, ""M"": 0.0, ""F"": 0.0, ""S"": 0.0}","{""C"": 0.4300994011421313, ""M"": 0.8944723618090452, ""F"": 0.9231873653984207, ""S"": -2.3763634170854274e-05}",5.683929148654988e-06,0.0,0.0
1,1.0,C,0.1,0.4300994011421313,COMPENSATE,S2,True,4.0,11.344866730144373,DISTINGUISHABLE,C,"{""C"": 0.0, ""M"": 158.3223, ""F"": 154.1917, ""S"": 36.3946}","{""C"": 0.4300994011421313, ""M"": 0.9034885317466211, ""F"": 0.9300766391115132, ""S"": -2.3763634170854274e-05}",0.0,0.0,0.0
1,1.0,C,0.1,0.4300994011421313,COMPENSATE,S3,False,3.0,9.21034037197618,DIFFERENT_ACTION,"C,F,M,S","{""C"": 0.0, ""M"": 0.0, ""F"": 1.6853, ""S"": 0.0}","{""C"": 0.4300994011421313, ""M"": 0.8944723618090452, ""F"": 0.9300153734863407, ""S"": -2.3763634170854274e-05}",5.683929148654988e-06,0.0,0.0
1,1.0,C,0.1,0.4300994011421313,COMPENSATE,S3,True,6.0,15.086272469388987,DISTINGUISHABLE,C,"{""C"": 0.0, ""M"": 160.8019, ""F"": 157.565, ""S"": 38.503}","{""C"": 0.4300994011421313, ""M"": 0.9034890476458995, ""F"": 0.9301523287486154, ""S"": -2.3763634170854274e-05}",0.0,0.0,0.0
1,1.0,C,0.1,0.4300994011421313,COMPENSATE,S4,False,7.0,16.811893829770927,DISTINGUISHABLE,C,"{""C"": 0.0, ""M"": 122.1168, ""F"": 167.3882, ""S"": 117.2859}","{""C"": 0.4300994011421313, ""M"": 0.9028686795351137, ""F"": 0.9301045080495162, ""S"": -2.3763634170854274e-05}",0.0,0.0,0.0
1,1.0,C,0.1,0.4300994011421313,COMPENSATE,S4,True,14.0,27.68824961045705,DISTINGUISHABLE,C,"{""C"": 0.0, ""M"": 284.4951, ""F"": 323.9337, ""S"": 157.3834}","{""C"": 0.4300994011421313, ""M"": 0.9034956582273479, ""F"": 0.9302413528802634, ""S"": -2.3763634170854274e-05}",0.0,0.0,0.0
1,1.0,C,0.2,,,S1,False,,,UNREACHABLE,,,,,,
1,1.0,C,0.2,,,S1,True,,,UNREACHABLE,,,,,,
1,1.0,C,0.2,,,S2,False,,,UNREACHABLE,,,,,,
1,1.0,C,0.2,,,S2,True,,,UNREACHABLE,,,,,,
1,1.0,C,0.2,,,S3,False,,,UNREACHABLE,,,,,,
1,1.0,C,0.2,,,S3,True,,,UNREACHABLE,,,,,,
1,1.0,C,0.2,,,S4,False,,,UNREACHABLE,,,,,,
1,1.0,C,0.2,,,S4,True,,,UNREACHABLE,,,,,,
1,1.0,M,0.01,0.9897529008974665,COMPENSATE,S1,False,1.0,6.6348966010212145,DIFFERENT_ACTION,"C,F,M,S","{""M"": 0.0, ""C"": 0.0, ""F"": 0.0, ""S"": 0.0}","{""M"": 0.9897529008974665, ""C"": 0.8944723618090452, ""F"": 0.9885139985642498, ""S"": -3.198950753768844e-06}",5.684720635202982e-07,0.0,0.0
1,1.0,M,0.01,0.9897529008974665,COMPENSATE,S1,True,2.0,6.6348966010212145,DIFFERENT_ACTION,"C,F,M,S","{""M"": 0.0, ""C"": 1.3797, ""F"": 5.4396, ""S"": 3.879}","{""M"": 0.9897529008974665, ""C"": 0.8917969786837117, ""F"": 0.9961659313308163, ""S"": -2.5134613065326607e-06}",5.684720635202982e-07,0.0,0.0
1,1.0,M,0.01,0.9897529008974665,COMPENSATE,S2,False,2.0,6.6348966010212145,DIFFERENT_ACTION,"C,F,M,S","{""M"": 0.0, ""C"": 0.0, ""F"": 0.0, ""S"": 0.0}","{""M"": 0.9897529008974665, ""C"": 0.8944723618090452, ""F"": 0.9885139985642498, ""S"": -3.198950753768844e-06}",5.684720635202982e-07,0.0,0.0
1,1.0,M,0.01,0.9897529008974665,COMPENSATE,S2,True,4.0,11.344866730144373,DIFFERENT_ACTION,"C,F,M,S","{""M"": 0.0, ""C"": 1.3797, ""F"": 5.4398, ""S"": 3.879}","{""M"": 0.9897529008974665, ""C"": 0.8917969762387303, ""F"": 0.9961659319886607, ""S"": -2.5134613065326607e-06}",5.684720635202982e-07,0.0,0.0
1,1.0,M,0.01,0.9897529008974665,COMPENSATE,S3,False,3.0,9.21034037197618,DIFFERENT_ACTION,"C,F,M,S","{""M"": 0.0, ""C"": 0.0, ""F"": 0.0, ""S"": 0.0}","{""M"": 0.9897529008974665, ""C"": 0.8944723618090452, ""F"": 0.9885139985642498, ""S"": -3.198950753768844e-06}",5.684720635202982e-07,0.0,0.0
1,1.0,M,0.01,0.9897529008974665,COMPENSATE,S3,True,6.0,15.086272469388987,DIFFERENT_ACTION,"C,F,M,S","{""M"": 0.0, ""C"": 1.4324, ""F"": 5.4671, ""S"": 3.8792}","{""M"": 0.9897529008974665, ""C"": 0.891802679433934, ""F"": 0.9961669088821271, ""S"": -2.5134613065326607e-06}",5.684720635202982e-07,0.0,0.0
1,1.0,M,0.01,0.9897529008974665,COMPENSATE,S4,False,7.0,16.811893829770927,DIFFERENT_ACTION,"C,F,M,S","{""M"": 0.0, ""C"": 0.0, ""F"": 0.0, ""S"": 0.0}","{""M"": 0.9897529008974665, ""C"": 0.8944723618090452, ""F"": 0.9892318736539842, ""S"": -3.198950753768844e-06}",5.684720635202982e-07,0.0,0.0
1,1.0,M,0.01,0.9897529008974665,COMPENSATE,S4,True,14.0,27.68824961045705,DIFFERENT_ACTION,"C,F,M,S","{""M"": 0.0, ""C"": 1.4682, ""F"": 5.4698, ""S"": 3.8792}","{""M"": 0.9897529008974665, ""C"": 0.8918067783798035, ""F"": 0.9961670146900968, ""S"": -2.5134613065326607e-06}",5.684720635202982e-07,0.0,0.0
1,1.0,M,0.02,0.9795110065961382,COMPENSATE,S1,False,1.0,6.6348966010212145,DIFFERENT_ACTION,"C,F,M,S","{""M"": 0.0, ""C"": 0.0, ""F"": 0.0, ""S"": 0.0}","{""M"": 0.9795110065961382, ""C"": 0.8251256281407036, ""F"": 0.9813352476669059, ""S"": -5.483915577889446e-06}",1.136856184089552e-06,0.0,0.0
1,1.0,M,0.02,0.9795110065961382,COMPENSATE,S1,True,2.0,6.6348966010212145,DISTINGUISHABLE,M,"{""M"": 0.0, ""C"": 6.7134, ""F"": 25.1868, ""S"": 15.509}","{""M"": 0.9795110065961382, ""C"": 0.8245902716739463, ""F"": 0.9885311441258566, ""S"": -5.483915577889446e-06}",0.0,0.0,0.0
1,1.0,M,0.02,0.9795110065961382,COMPENSATE,S2,False,2.0,6.6348966010212145,DIFFERENT_ACTION,"C,F,M,S","{""M"": 0.0, ""C"": 0.0, ""F"": 0.0, ""S"": 0.0}","{""M"": 0.9795110065961382, ""C"": 0.8251256281407036, ""F"": 0.9813352476669059, ""S"": -5.483915577889446e-06}",1.136856184089552e-06,0.0,0.0
1,1.0,M,0.02,0.9795110065961382,COMPENSATE,S2,True,4.0,11.344866730144373,SAME_ACTION,"C,M","{""M"": 0.0, ""C"": 6.7135, ""F"": 25.1873, ""S"": 15.5094}","{""M"": 0.9795110065961382, ""C"": 0.8245902663639457, ""F"": 0.9885311454935292, ""S"": -5.483915577889446e-06}",0.0,0.0,0.0
1,1.0,M,0.02,0.9795110065961382,COMPENSATE,S3,False,3.0,9.21034037197618,DIFFERENT_ACTION,"C,F,M,S","{""M"": 0.0, ""C"": 0.0, ""F"": 0.0, ""S"": 0.0}","{""M"": 0.9795110065961382, ""C"": 0.8251256281407036, ""F"": 0.9813352476669059, ""S"": -5.483915577889446e-06}",1.136856184089552e-06,0.0,0.0
1,1.0,M,0.02,0.9795110065961382,COMPENSATE,S3,True,6.0,15.086272469388987,SAME_ACTION,"C,M","{""M"": 0.0, ""C"": 6.863, ""F"": 25.4194, ""S"": 15.51}","{""M"": 0.9795110065961382, ""C"": 0.8245993198784759, ""F"": 0.9885339306305089, ""S"": -5.483915577889446e-06}",0.0,0.0,0.0
1,1.0,M,0.02,0.9795110065961382,COMPENSATE,S4,False,7.0,16.811893829770927,DIFFERENT_ACTION,"C,F,M,S","{""M"": 0.0, ""C"": 0.0, ""F"": 0.0002, ""S"": 0.0}","{""M"": 0.9795110065961382, ""C"": 0.8673366834170855, ""F"": 0.9884631172800541, ""S"": -5.483915577889446e-06}",1.136856184089552e-06,0.0,0.0
1,1.0,M,0.02,0.9795110065961382,COMPENSATE,S4,True,14.0,27.68824961045705,DIFFERENT_ACTION,"C,F,M,S","{""M"": 0.0, ""C"": 7.5429, ""F"": 25.4438, ""S"": 15.5101}","{""M"": 0.9795110065961382, ""C"": 0.8247624842409551, ""F"": 0.9885343442811099, ""S"": -5.483915577889446e-06}",1.136856184089552e-06,0.0,0.0
1,1.0,M,0.05,0.9488164842195013,COMPENSATE,S1,False,1.0,6.6348966010212145,DIFFERENT_ACTION,"C,F,M,S","{""M"": 0.0, ""C"": 0.0, ""F"": 0.0, ""S"": 0.0}","{""M"": 0.9488164842195013, ""C"": 0.6472361809045226, ""F"": 0.95908111988514, ""S"": -1.2338810050251258e-05}",2.84200854581109e-06,0.0,0.0
1,1.0,M,0.05,0.9488164842195013,COMPENSATE,S1,True,2.0,6.6348966010212145,DISTINGUISHABLE,M,"{""M"": 0.0, ""C"": 45.3151, ""F"": 168.9587, ""S"": 96.8044}","{""M"": 0.9488164842195013, ""C"": 0.6448844441868421, ""F"": 0.9661030859416263, ""S"": -1.1424824120603016e-05}",0.0,0.0,0.0
1,1.0,M,0.05,0.9488164842195013,COMPENSATE,S2,False,2.0,6.6348966010212145,DIFFERENT_ACTION,"C,F,M,S","{""M"": 0.0, ""C"": 0.0, ""F"": 0.0, ""S"": 0.0}","{""M"": 0.9488164842195013, ""C"": 0.6472361809045226, ""F"": 0.95908111988514, ""S"": -1.2338810050251258e-05}",2.84200854581109e-06,0.0,0.0
1,1.0,M,0.05,0.9488164842195013,COMPENSATE,S2,True,4.0,11.344866730144373,DISTINGUISHABLE,M,"{""M"": 0.0, ""C"": 45.3161, ""F"": 168.9623, ""S"": 96.8065}","{""M"": 0.9488164842195013, ""C"": 0.64488443154279, ""F"": 0.9661030891618976, ""S"": -1.1424824120603016e-05}",0.0,0.0,0.0
1,1.0,M,0.05,0.9488164842195013,COMPENSATE,S3,False,3.0,9.21034037197618,DIFFERENT_ACTION,"C,F,M,S","{""M"": 0.0, ""C"": 0.0, ""F"": 0.0, ""S"": 0.0}","{""M"": 0.9488164842195013, ""C"": 0.6472361809045226, ""F"": 0.95908111988514, ""S"": -1.2338810050251258e-05}",2.84200854581109e-06,0.0,0.0
1,1.0,M,0.05,0.9488164842195013,COMPENSATE,S3,True,6.0,15.086272469388987,DISTINGUISHABLE,M,"{""M"": 0.0, ""C"": 46.049, ""F"": 170.953, ""S"": 96.8106}","{""M"": 0.9488164842195013, ""C"": 0.6449011448648432, ""F"": 0.9661107313135935, ""S"": -1.1424824120603016e-05}",0.0,0.0,0.0
1,1.0,M,0.05,0.9488164842195013,COMPENSATE,S4,False,7.0,16.811893829770927,DIFFERENT_ACTION,"C,F,M,S","{""M"": 0.0, ""C"": 11.3143, ""F"": 4.5928, ""S"": 0.0}","{""M"": 0.9488164842195013, ""C"": 0.7023976446667731, ""F"": 0.9659685780795132, ""S"": -1.2338810050251258e-05}",2.84200854581109e-06,0.0,0.0
1,1.0,M,0.05,0.9488164842195013,COMPENSATE,S4,True,14.0,27.68824961045705,DISTINGUISHABLE,M,"{""M"": 0.0, ""C"": 66.0358, ""F"": 175.6874, ""S"": 96.8108}","{""M"": 0.9488164842195013, ""C"": 0.7017923821822193, ""F"": 0.9661390599519591, ""S"": -1.1424824120603016e-05}",0.0,0.0,0.0
1,1.0,M,0.1,0.8977624078487472,COMPENSATE,S1,False,1.0,6.6348966010212145,DIFFERENT_ACTION,"C,F,M,S","{""M"": 0.0, ""C"": 0.0, ""F"": 0.0, ""S"": 0.0}","{""M"": 0.8977624078487472, ""C"": 0.4120603015075377, ""F"": 0.9231873653984207, ""S"": -2.3763634170854274e-05}",5.6839291486550014e-06,0.0,0.0
1,1.0,M,0.1,0.8977624078487472,COMPENSATE,S1,True,2.0,6.6348966010212145,DISTINGUISHABLE,M,"{""M"": 0.0, ""C"": 175.9931, ""F"": 677.7948, ""S"": 386.3732}","{""M"": 0.8977624078487472, ""C"": 0.4087043624867037, ""F"": 0.9302235276245183, ""S"": -2.3763634170854274e-05}",0.0,0.0,0.0
1,1.0,M,0.1,0.8977624078487472,COMPENSATE,S2,False,2.0,6.6348966010212145,DIFFERENT_ACTION,"C,F,M,S","{""M"": 0.0, ""C"": 0.0, ""F"": 0.0, ""S"": 0.0}","{""M"": 0.8977624078487472, ""C"": 0.4120603015075377, ""F"": 0.9231873653984207, ""S"": -2.3763634170854274e-05}",5.6839291486550014e-06,0.0,0.0
1,1.0,M,0.1,0.8977624078487472,COMPENSATE,S2,True,4.0,11.344866730144373,DISTINGUISHABLE,M,"{""M"": 0.0, ""C"": 175.9968, ""F"": 677.8091, ""S"": 386.3817}","{""M"": 0.8977624078487472, ""C"": 0.4087043415261777, ""F"": 0.9302235331146381, ""S"": -2.3763634170854274e-05}",0.0,0.0,0.0
1,1.0,M,0.1,0.8977624078487472,COMPENSATE,S3,False,3.0,9.21034037197618,DIFFERENT_ACTION,"C,M,S","{""M"": 0.0, ""C"": 0.0, ""F"": 171.8027, ""S"": 0.0}","{""M"": 0.8977624078487472, ""C"": 0.4120603015075377, ""F"": 0.9306677001673673, ""S"": -2.3763634170854274e-05}",7.578572198206668e-06,0.0,0.0
1,1.0,M,0.1,0.8977624078487472,COMPENSATE,S3,True,6.0,15.086272469388987,DISTINGUISHABLE,M,"{""M"": 0.0, ""C"": 178.6722, ""F"": 854.5477, ""S"": 386.3981}","{""M"": 0.8977624078487472, ""C"": 0.40872799452819103, ""F"": 0.9309555902411397, ""S"": -2.3763634170854274e-05}",0.0,0.0,0.0
1,1.0,M,0.1,0.8977624078487472,COMPENSATE,S4,False,7.0,16.811893829770927,DIFFERENT_ACTION,"M,S","{""M"": 0.0, ""C"": 107.9884, ""F"": 214.2065, ""S"": 0.0}","{""M"": 0.8977624078487472, ""C"": 0.45276486803885635, ""F"": 0.9307795929000089, ""S"": -2.3763634170854274e-05}",1.1367858297310003e-05,0.0,0.0
1,1.0,M,0.1,0.8977624078487472,COMPENSATE,S4,True,14.0,27.68824961045705,DISTINGUISHABLE,M,"{""M"": 0.0, ""C"": 307.2261, ""F"": 897.2746, ""S"": 386.3987}","{""M"": 0.8977624078487472, ""C"": 0.451784367787036, ""F"": 0.9310681034830324, ""S"": -2.3763634170854274e-05}",0.0,0.0,0.0
1,1.0,M,0.2,0.796039206512023,SERVICE_MEMBRANE,S1,False,1.0,6.6348966010212145,DIFFERENT_ACTION,"F,M,S","{""M"": 0.0, ""C"": 30687.8296, ""F"": 0.0, ""S"": 0.0}","{""M"": 0.796039206512023, ""C"": 0.4, ""F"": 0.8571428571428572, ""S"": -4.5470800000000005e-05}",1.0156751231628615e-05,0.0,0.3333333333333333
1,1.0,M,0.2,0.796039206512023,SERVICE_MEMBRANE,S1,True,2.0,6.6348966010212145,DISTINGUISHABLE,M,"{""M"": 0.0, ""C"": 31755.5017, ""F"": 2618.686, ""S"": 1538.7747}","{""M"": 0.796039206512023, ""C"": 0.4, ""F"": 0.8635284069363118, ""S"": -4.5470800000000005e-05}",0.0,0.0,0.0
1,1.0,M,0.2,0.796039206512023,SERVICE_MEMBRANE,S2,False,2.0,6.6348966010212145,DIFFERENT_ACTION,"F,M,S","{""M"": 0.0, ""C"": 30687.8296, ""F"": 0.0, ""S"": 0.0}","{""M"": 0.796039206512023, ""C"": 0.4, ""F"": 0.8571428571428572, ""S"": -4.5470800000000005e-05}",1.0156751231628615e-05,0.0,0.3333333333333333
1,1.0,M,0.2,0.796039206512023,SERVICE_MEMBRANE,S2,True,4.0,11.344866730144373,DISTINGUISHABLE,M,"{""M"": 0.0, ""C"": 31755.5245, ""F"": 2618.7409, ""S"": 1538.8083}","{""M"": 0.796039206512023, ""C"": 0.4, ""F"": 0.8635284146739584, ""S"": -4.5470800000000005e-05}",0.0,0.0,0.0
1,1.0,M,0.2,0.796039206512023,SERVICE_MEMBRANE,S3,False,3.0,9.21034037197618,DIFFERENT_ACTION,"M,S","{""M"": 0.0, ""C"": 30687.8296, ""F"": 1963.0698, ""S"": 0.0}","{""M"": 0.796039206512023, ""C"": 0.4, ""F"": 0.8651304497399627, ""S"": -4.5470800000000005e-05}",7.617563423721461e-06,0.0,0.0
1,1.0,M,0.2,0.796039206512023,SERVICE_MEMBRANE,S3,True,6.0,15.086272469388987,DISTINGUISHABLE,M,"{""M"": 0.0, ""C"": 31758.7363, ""F"": 4596.6991, ""S"": 1538.8736}","{""M"": 0.796039206512023, ""C"": 0.4, ""F"": 0.8655566525634452, ""S"": -4.5470800000000005e-05}",0.0,0.0,0.0
1,1.0,M,0.2,0.796039206512023,SERVICE_MEMBRANE,S4,False,7.0,16.811893829770927,DIFFERENT_ACTION,"M,S","{""M"": 0.0, ""C"": 30841.8306, ""F"": 2244.825, ""S"": 0.0}","{""M"": 0.796039206512023, ""C"": 0.4, ""F"": 0.8654063007383238, ""S"": -4.5470800000000005e-05}",7.617563423721461e-06,0.0,0.0
1,1.0,M,0.2,0.796039206512023,SERVICE_MEMBRANE,S4,True,14.0,27.68824961045705,DISTINGUISHABLE,M,"{""M"": 0.0, ""C"": 31914.5978, ""F"": 4879.2295, ""S"": 1538.8759}","{""M"": 0.796039206512023, ""C"": 0.4, ""F"": 0.8658339524090336, ""S"": -4.5470800000000005e-05}",0.0,0.0,0.0
1,1.0,F,0.01,0.992287687607279,COMPENSATE,S1,False,1.0,6.6348966010212145,DIFFERENT_ACTION,"C,F,M,S","{""F"": 0.0, ""C"": 0.0, ""M"": 0.0, ""S"": 0.0}","{""F"": 0.992287687607279, ""C"": 0.8944723618090452, ""M"": 0.9849246231155779, ""S"": -3.198950753768844e-06}",5.684720635204676e-07,0.0,0.0
1,1.0,F,0.01,0.992287687607279,COMPENSATE,S1,True,2.0,6.6348966010212145,DIFFERENT_ACTION,"C,F,M,S","{""F"": 0.0, ""C"": 0.9714, ""M"": 2.8974, ""S"": 0.5264}","{""F"": 0.992287687607279, ""C"": 0.9630342002948002, ""M"": 0.9949612775146508, ""S"": -2.056468341708543e-06}",5.684720635204676e-07,0.0,0.0
1,1.0,F,0.01,0.992287687607279,COMPENSATE,S2,False,2.0,6.6348966010212145,DIFFERENT_ACTION,"C,F,M,S","{""F"": 0.0, ""C"": 0.0, ""M"": 0.0, ""S"": 0.0}","{""F"": 0.992287687607279, ""C"": 0.8944723618090452, ""M"": 0.9849246231155779, ""S"": -3.198950753768844e-06}",5.684720635204676e-07,0.0,0.0
1,1.0,F,0.01,0.992287687607279,COMPENSATE,S2,True,4.0,11.344866730144373,DIFFERENT_ACTION,"C,F,M,S","{""F"": 0.0, ""C"": 0.9714, ""M"": 2.8975, ""S"": 0.5265}","{""F"": 0.992287687607279, ""C"": 0.9630342024415808, ""M"": 0.9949612793119207, ""S"": -2.056468341708543e-06}",5.684720635204676e-07,0.0,0.0
1,1.0,F,0.01,0.992287687607279,COMPENSATE,S3,False,3.0,9.21034037197618,DIFFERENT_ACTION,"C,F,M,S","{""F"": 0.0, ""C"": 0.0, ""M"": 0.0, ""S"": 0.0}","{""F"": 0.992287687607279, ""C"": 0.8944723618090452, ""M"": 0.9849246231155779, ""S"": -3.198950753768844e-06}",5.684720635204676e-07,0.0,0.0
1,1.0,F,0.01,0.992287687607279,COMPENSATE,S3,True,6.0,15.086272469388987,DIFFERENT_ACTION,"C,F,M,S","{""F"": 0.0, ""C"": 1.027, ""M"": 2.9963, ""S"": 0.6213}","{""F"": 0.992287687607279, ""C"": 0.963027966665374, ""M"": 0.9949613822444223, ""S"": -2.056468341708543e-06}",5.684720635204676e-07,0.0,0.0
1,1.0,F,0.01,0.992287687607279,COMPENSATE,S4,False,7.0,16.811893829770927,DIFFERENT_ACTION,"C,F,M,S","{""F"": 0.0, ""C"": 0.0, ""M"": 0.0, ""S"": 0.0}","{""F"": 0.992287687607279, ""C"": 0.8944723618090452, ""M"": 0.9849246231155779, ""S"": -3.198950753768844e-06}",5.684720635204676e-07,0.0,0.0
1,1.0,F,0.01,0.992287687607279,COMPENSATE,S4,True,14.0,27.68824961045705,DIFFERENT_ACTION,"C,F,M,S","{""F"": 0.0, ""C"": 1.0328, ""M"": 3.0074, ""S"": 0.6324}","{""F"": 0.992287687607279, ""C"": 0.963027714113305, ""M"": 0.9949613816578603, ""S"": -2.056468341708543e-06}",5.684720635204676e-07,0.0,0.0
1,1.0,F,0.02,0.98465878085257,COMPENSATE,S1,False,1.0,6.6348966010212145,DIFFERENT_ACTION,"C,F,M,S","{""F"": 0.0, ""C"": 0.0, ""M"": 0.0, ""S"": 0.0}","{""F"": 0.98465878085257, ""C"": 0.8251256281407036, ""M"": 0.9758793969849247, ""S"": -5.483915577889446e-06}",1.1368561840908667e-06,0.0,0.0
1,1.0,F,0.02,0.98465878085257,COMPENSATE,S1,True,2.0,6.6348966010212145,DIFFERENT_ACTION,"C,F,S","{""F"": 0.0, ""C"": 4.9833, ""M"": 19.11, ""S"": 2.0698}","{""F"": 0.98465878085257, ""C"": 0.8921161459421246, ""M"": 0.9848506086789535, ""S"": -5.026922613065328e-06}",1.515808245454489e-06,0.0,0.0
1,1.0,F,0.02,0.98465878085257,COMPENSATE,S2,False,2.0,6.6348966010212145,DIFFERENT_ACTION,"C,F,M,S","{""F"": 0.0, ""C"": 0.0, ""M"": 0.0, ""S"": 0.0}","{""F"": 0.98465878085257, ""C"": 0.8251256281407036, ""M"": 0.9758793969849247, ""S"": -5.483915577889446e-06}",1.1368561840908667e-06,0.0,0.0
1,1.0,F,0.02,0.98465878085257,COMPENSATE,S2,True,4.0,11.344866730144373,DIFFERENT_ACTION,"C,F,S","{""F"": 0.0, ""C"": 4.9834, ""M"": 19.1104, ""S"": 2.0699}","{""F"": 0.98465878085257, ""C"": 0.8921161507359247, ""M"": 0.9848506133197196, ""S"": -5.026922613065328e-06}",1.515808245454489e-06,0.0,0.0
1,1.0,F,0.02,0.98465878085257,COMPENSATE,S3,False,3.0,9.21034037197618,DIFFERENT_ACTION,"C,F,M,S","{""F"": 0.0, ""C"": 0.0, ""M"": 0.0, ""S"": 0.0}","{""F"": 0.98465878085257, ""C"": 0.8251256281407036, ""M"": 0.9758793969849247, ""S"": -5.483915577889446e-06}",1.1368561840908667e-06,0.0,0.0
1,1.0,F,0.02,0.98465878085257,COMPENSATE,S3,True,6.0,15.086272469388987,DIFFERENT_ACTION,"C,F,S","{""F"": 0.0, ""C"": 5.1411, ""M"": 19.5123, ""S"": 2.4479}","{""F"": 0.98465878085257, ""C"": 0.8921062041940596, ""M"": 0.9848508215159071, ""S"": -5.026922613065328e-06}",1.515808245454489e-06,0.0,0.0
1,1.0,F,0.02,0.98465878085257,COMPENSATE,S4,False,7.0,16.811893829770927,DIFFERENT_ACTION,"C,F,M,S","{""F"": 0.0, ""C"": 0.0579, ""M"": 0.1645, ""S"": 0.1789}","{""F"": 0.98465878085257, ""C"": 0.8919573357148237, ""M"": 0.974391930793152, ""S"": -5.483915577889446e-06}",1.1368561840908667e-06,0.0,0.0
1,1.0,F,0.02,0.98465878085257,COMPENSATE,S4,True,14.0,27.68824961045705,DIFFERENT_ACTION,"C,F,M,S","{""F"": 0.0, ""C"": 5.2216, ""M"": 19.7264, ""S"": 2.6706}","{""F"": 0.98465878085257, ""C"": 0.8921566121218648, ""M"": 0.9848507478913066, ""S"": -5.026922613065328e-06}",1.1368561840908667e-06,0.0,0.0
1,1.0,F,0.05,0.9622564615152633,COMPENSATE,S1,False,1.0,6.6348966010212145,DIFFERENT_ACTION,"C,F,M,S","{""F"": 0.0, ""C"": 0.0, ""M"": 0.0, ""S"": 0.0}","{""F"": 0.9622564615152633, ""C"": 0.6472361809045226, ""M"": 0.9457286432160804, ""S"": -1.2338810050251258e-05}",2.8420085457974494e-06,0.0,0.0
1,1.0,F,0.05,0.9622564615152633,COMPENSATE,S1,True,2.0,6.6348966010212145,DISTINGUISHABLE,F,"{""F"": 0.0, ""C"": 36.0192, ""M"": 151.2873, ""S"": 12.2723}","{""F"": 0.9622564615152633, ""C"": 0.7022878827755125, ""M"": 0.9545443062925343, ""S"": -1.2409448194851974e-05}",0.0,0.0,0.0
1,1.0,F,0.05,0.9622564615152633,COMPENSATE,S2,False,2.0,6.6348966010212145,DIFFERENT_ACTION,"C,F,M,S","{""F"": 0.0, ""C"": 0.0, ""M"": 0.0, ""S"": 0.0}","{""F"": 0.9622564615152633, ""C"": 0.6472361809045226, ""M"": 0.9457286432160804, ""S"": -1.2338810050251258e-05}",2.8420085457974494e-06,0.0,0.0
1,1.0,F,0.05,0.9622564615152633,COMPENSATE,S2,True,4.0,11.344866730144373,DISTINGUISHABLE,F,"{""F"": 0.0, ""C"": 36.0199, ""M"": 151.2904, ""S"": 12.2725}","{""F"": 0.9622564615152633, ""C"": 0.7022878946315987, ""M"": 0.9545443193448058, ""S"": -1.2409448194851974e-05}",0.0,0.0,0.0
1,1.0,F,0.05,0.9622564615152633,COMPENSATE,S3,False,3.0,9.21034037197618,DIFFERENT_ACTION,"C,F,M,S","{""F"": 0.0, ""C"": 0.0, ""M"": 0.0, ""S"": 0.0}","{""F"": 0.9622564615152633, ""C"": 0.6472361809045226, ""M"": 0.9457286432160804, ""S"": -1.2338810050251258e-05}",2.8420085457974494e-06,0.0,0.0
1,1.0,F,0.05,0.9622564615152633,COMPENSATE,S3,True,6.0,15.086272469388987,DIFFERENT_ACTION,"F,S","{""F"": 0.0, ""C"": 36.7769, ""M"": 153.8082, ""S"": 14.6092}","{""F"": 0.9622564615152633, ""C"": 0.7022694705078406, ""M"": 0.9545448447975524, ""S"": -1.2409448194851974e-05}",5.684017091594899e-06,0.0,0.0
1,1.0,F,0.05,0.9622564615152633,COMPENSATE,S4,False,7.0,16.811893829770927,DIFFERENT_ACTION,"F,M,S","{""F"": 0.0, ""C"": 24.6948, ""M"": 6.6681, ""S"": 6.7764}","{""F"": 0.9622564615152633, ""C"": 0.7026012265040755, ""M"": 0.9437050925094905, ""S"": -1.2338810050251258e-05}",3.7893447277299324e-06,0.0,0.0
1,1.0,F,0.05,0.9622564615152633,COMPENSATE,S4,True,14.0,27.68824961045705,DIFFERENT_ACTION,"F,S","{""F"": 0.0, ""C"": 61.5551, ""M"": 160.7541, ""S"": 21.6493}","{""F"": 0.9622564615152633, ""C"": 0.7031013755623342, ""M"": 0.9545446455341537, ""S"": -1.2409448194851974e-05}",5.684017091594899e-06,0.0,0.0
1,1.0,F,0.1,0.9264433018901617,COMPENSATE,S1,False,1.0,6.6348966010212145,DIFFERENT_ACTION,"C,F,M,S","{""F"": 0.0, ""C"": 0.0, ""M"": 0.0, ""S"": 0.0}","{""F"": 0.9264433018901617, ""C"": 0.4120603015075377, ""M"": 0.8944723618090452, ""S"": -2.3763634170854274e-05}",5.683929148674178e-06,0.0,0.0
1,1.0,F,0.1,0.9264433018901617,COMPENSATE,S1,True,2.0,6.6348966010212145,DISTINGUISHABLE,F,"{""F"": 0.0, ""C"": 153.1953, ""M"": 637.5886, ""S"": 44.8379}","{""F"": 0.9264433018901617, ""C"": 0.4520904804373078, ""M"": 0.9041193239566117, ""S"": -2.3763634170854274e-05}",0.0,0.0,0.0
1,1.0,F,0.1,0.9264433018901617,COMPENSATE,S2,False,2.0,6.6348966010212145,DIFFERENT_ACTION,"C,F,M,S","{""F"": 0.0, ""C"": 0.0, ""M"": 0.0, ""S"": 0.0}","{""F"": 0.9264433018901617, ""C"": 0.4120603015075377, ""M"": 0.8944723618090452, ""S"": -2.3763634170854274e-05}",5.683929148674178e-06,0.0,0.0
1,1.0,F,0.1,0.9264433018901617,COMPENSATE,S2,True,4.0,11.344866730144373,DISTINGUISHABLE,F,"{""F"": 0.0, ""C"": 153.1986, ""M"": 637.6019, ""S"": 44.8387}","{""F"": 0.9264433018901617, ""C"": 0.4520905077605243, ""M"": 0.9041193506371827, ""S"": -2.3763634170854274e-05}",0.0,0.0,0.0
1,1.0,F,0.1,0.9264433018901617,COMPENSATE,S3,False,3.0,9.21034037197618,SAME_ACTION,"C,F","{""F"": 0.0, ""C"": 8.4676, ""M"": 257.6669, ""S"": 217.2446}","{""F"": 0.9264433018901617, ""C"": 0.40932354222184875, ""M"": 0.9029186135179114, ""S"": -2.3763634170854274e-05}",0.0,0.0,0.0
1,1.0,F,0.1,0.9264433018901617,COMPENSATE,S3,True,6.0,15.086272469388987,DISTINGUISHABLE,F,"{""F"": 0.0, ""C"": 172.041, ""M"": 904.6743, ""S"": 271.264}","{""F"": 0.9264433018901617, ""C"": 0.45159206397112384, ""M"": 0.9041764090272336, ""S"": -2.3763634170854274e-05}",0.0,0.0,0.0
1,1.0,F,0.1,0.9264433018901617,COMPENSATE,S4,False,7.0,16.811893829770927,DISTINGUISHABLE,F,"{""F"": 0.0, ""C"": 180.6603, ""M"": 313.0696, ""S"": 271.6175}","{""F"": 0.9264433018901617, ""C"": 0.4522433781718459, ""M"": 0.9029202413542118, ""S"": -2.3763634170854274e-05}",0.0,0.0,0.0
1,1.0,F,0.1,0.9264433018901617,COMPENSATE,S4,True,14.0,27.68824961045705,DISTINGUISHABLE,F,"{""F"": 0.0, ""C"": 336.8797, ""M"": 961.0462, ""S"": 326.6256}","{""F"": 0.9264433018901617, ""C"": 0.4531238857005074, ""M"": 0.9041780070989367, ""S"": -2.3763634170854274e-05}",0.0,0.0,0.0
1,1.0,F,0.2,0.8599437208224789,REPAIR_FEED,S1,False,1.0,6.6348966010212145,DIFFERENT_ACTION,"F,M,S","{""F"": 0.0, ""C"": 30687.8296, ""M"": 0.0, ""S"": 0.0}","{""F"": 0.8599437208224789, ""C"": 0.4, ""M"": 0.7919597989949749, ""S"": -4.5470800000000005e-05}",3.404845443647871e-06,0.0,0.3333333333333333
1,1.0,F,0.2,0.8599437208224789,REPAIR_FEED,S1,True,2.0,6.6348966010212145,DISTINGUISHABLE,F,"{""F"": 0.0, ""C"": 31039.8718, ""M"": 2522.3043, ""S"": 149.1041}","{""F"": 0.8599437208224789, ""C"": 0.4, ""M"": 0.8035909545391775, ""S"": -4.5470800000000005e-05}",0.0,0.0,0.0
1,1.0,F,0.2,0.8599437208224789,REPAIR_FEED,S2,False,2.0,6.6348966010212145,DIFFERENT_ACTION,"F,M,S","{""F"": 0.0, ""C"": 30687.8296, ""M"": 0.0, ""S"": 0.0}","{""F"": 0.8599437208224789, ""C"": 0.4, ""M"": 0.7919597989949749, ""S"": -4.5470800000000005e-05}",3.404845443647871e-06,0.0,0.3333333333333333
1,1.0,F,0.2,0.8599437208224789,REPAIR_FEED,S2,True,4.0,11.344866730144373,DISTINGUISHABLE,F,"{""F"": 0.0, ""C"": 31039.879, ""M"": 2522.3566, ""S"": 149.1068}","{""F"": 0.8599437208224789, ""C"": 0.4, ""M"": 0.8035910070888883, ""S"": -4.5470800000000005e-05}",0.0,0.0,0.0
1,1.0,F,0.2,0.8599437208224789,REPAIR_FEED,S3,False,3.0,9.21034037197618,DISTINGUISHABLE,F,"{""F"": 0.0, ""C"": 31951.6866, ""M"": 2581.5935, ""S"": 2306.6947}","{""F"": 0.8599437208224789, ""C"": 0.4, ""M"": 0.8012972821627564, ""S"": -4.5470800000000005e-05}",0.0,0.0,0.0
1,1.0,F,0.2,0.8599437208224789,REPAIR_FEED,S3,True,6.0,15.086272469388987,DISTINGUISHABLE,F,"{""F"": 0.0, ""C"": 32322.2612, ""M"": 5139.1133, ""S"": 2491.2844}","{""F"": 0.8599437208224789, ""C"": 0.4, ""M"": 0.803775348011026, ""S"": -4.5470800000000005e-05}",0.0,0.0,0.0
1,1.0,F,0.2,0.8599437208224789,REPAIR_FEED,S4,False,7.0,16.811893829770927,DISTINGUISHABLE,F,"{""F"": 0.0, ""C"": 32352.2082, ""M"": 2937.6515, ""S"": 2657.6286}","{""F"": 0.8599437208224789, ""C"": 0.4, ""M"": 0.8013011385476787, ""S"": -4.5470800000000005e-05}",0.0,0.0,0.0
1,1.0,F,0.2,0.8599437208224789,REPAIR_FEED,S4,True,14.0,27.68824961045705,DISTINGUISHABLE,F,"{""F"": 0.0, ""C"": 32724.6583, ""M"": 5498.5708, ""S"": 2845.7047}","{""F"": 0.8599437208224789, ""C"": 0.4, ""M"": 0.8037791490144847, ""S"": -4.5470800000000005e-05}",0.0,0.0,0.0
1,1.0,S,0.01,-2.2735364822820026e-06,RECALIBRATE,S1,False,1.0,6.6348966010212145,DIFFERENT_ACTION,"C,F,M,S","{""S"": 0.0, ""C"": 0.0, ""M"": 0.0, ""F"": 0.0}","{""S"": -2.2735364822820026e-06, ""C"": 0.8944723618090452, ""M"": 0.9849246231155779, ""F"": 0.9885139985642498}",0.0,1.8264651349221344e-05,0.0
1,1.0,S,0.01,-2.2735364822820026e-06,RECALIBRATE,S1,True,2.0,6.6348966010212145,DIFFERENT_ACTION,"C,F,M,S","{""S"": 0.0, ""C"": 0.0678, ""M"": 0.9606, ""F"": 0.1326}","{""S"": -2.2735364822820026e-06, ""C"": 0.9629646260001266, ""M"": 0.9949250209467121, ""F"": 0.9961384119313648}",0.0,6.111747593061509e-06,0.0
1,1.0,S,0.01,-2.2735364822820026e-06,RECALIBRATE,S2,False,2.0,6.6348966010212145,DIFFERENT_ACTION,"C,F,M,S","{""S"": 0.0, ""C"": 0.0, ""M"": 0.0, ""F"": 0.0}","{""S"": -2.2735364822820026e-06, ""C"": 0.8944723618090452, ""M"": 0.9849246231155779, ""F"": 0.9885139985642498}",0.0,1.8264651349221344e-05,0.0
1,1.0,S,0.01,-2.2735364822820026e-06,RECALIBRATE,S2,True,4.0,11.344866730144373,DIFFERENT_ACTION,"C,F,M,S","{""S"": 0.0, ""C"": 0.0678, ""M"": 0.9607, ""F"": 0.1326}","{""S"": -2.2735364822820026e-06, ""C"": 0.9629646266267547, ""M"": 0.9949250220117625, ""F"": 0.9961384120285695}",0.0,6.111747076632487e-06,0.0
1,1.0,S,0.01,-2.2735364822820026e-06,RECALIBRATE,S3,False,3.0,9.21034037197618,DIFFERENT_ACTION,"C,F,M,S","{""S"": 0.0, ""C"": 0.0, ""M"": 0.0, ""F"": 0.0}","{""S"": -2.2735364822820026e-06, ""C"": 0.8944723618090452, ""M"": 0.9849246231155779, ""F"": 0.9885139985642498}",0.0,1.8264651349221344e-05,0.0
1,1.0,S,0.01,-2.2735364822820026e-06,RECALIBRATE,S3,True,6.0,15.086272469388987,DIFFERENT_ACTION,"C,F,M,S","{""S"": 0.0, ""C"": 0.073, ""M"": 0.9607, ""F"": 0.1562}","{""S"": -2.2735364822820026e-06, ""C"": 0.9629665290614828, ""M"": 0.9949250240892179, ""F"": 0.9961393196087027}",0.0,6.111159164598652e-06,0.0
1,1.0,S,0.01,-2.2735364822820026e-06,RECALIBRATE,S4,False,7.0,16.811893829770927,DIFFERENT_ACTION,"C,F,M,S","{""S"": 0.0, ""C"": 0.0, ""M"": 0.0, ""F"": 0.0}","{""S"": -2.2735364822820026e-06, ""C"": 0.8944723618090452, ""M"": 0.9849246231155779, ""F"": 0.9892318736539842}",0.0,1.7879237085731414e-05,0.0
1,1.0,S,0.01,-2.2735364822820026e-06,RECALIBRATE,S4,True,14.0,27.68824961045705,DIFFERENT_ACTION,"C,F,M,S","{""S"": 0.0, ""C"": 0.0769, ""M"": 0.9607, ""F"": 0.159}","{""S"": -2.2735364822820026e-06, ""C"": 0.9629679676721752, ""M"": 0.9949250241643305, ""F"": 0.996139426660559}",0.0,6.111021664037802e-06,0.0
1,1.0,S,0.02,-4.547072964564005e-06,RECALIBRATE,S1,False,1.0,6.6348966010212145,DIFFERENT_ACTION,"C,F,M,S","{""S"": 0.0, ""C"": 0.0, ""M"": 0.0, ""F"": 0.0}","{""S"": -4.547072964564005e-06, ""C"": 0.8251256281407036, ""M"": 0.9758793969849247, ""F"": 0.9813352476669059}",0.0,3.032255301329992e-05,0.0
1,1.0,S,0.02,-4.547072964564005e-06,RECALIBRATE,S1,True,2.0,6.6348966010212145,DIFFERENT_ACTION,"C,F,S","{""S"": 0.0, ""C"": 0.6307, ""M"": 8.642, ""F"": 1.1729}","{""S"": -4.547072964564005e-06, ""C"": 0.891981462531576, ""M"": 0.9847787829659884, ""F"": 0.9884776373947297}",0.0,1.640323632261763e-05,0.0
1,1.0,S,0.02,-4.547072964564005e-06,RECALIBRATE,S2,False,2.0,6.6348966010212145,DIFFERENT_ACTION,"C,F,M,S","{""S"": 0.0, ""C"": 0.0, ""M"": 0.0, ""F"": 0.0}","{""S"": -4.547072964564005e-06, ""C"": 0.8251256281407036, ""M"": 0.9758793969849247, ""F"": 0.9813352476669059}",0.0,3.032255301329992e-05,0.0
1,1.0,S,0.02,-4.547072964564005e-06,RECALIBRATE,S2,True,4.0,11.344866730144373,DIFFERENT_ACTION,"C,F,M,S","{""S"": 0.0, ""C"": 0.6307, ""M"": 8.6422, ""F"": 1.1729}","{""S"": -4.547072964564005e-06, ""C"": 0.8919814643908929, ""M"": 0.984778786157771, ""F"": 0.9884776376740673}",0.0,1.8495487681429953e-05,0.0
1,1.0,S,0.02,-4.547072964564005e-06,RECALIBRATE,S3,False,3.0,9.21034037197618,DIFFERENT_ACTION,"C,F,M,S","{""S"": 0.0, ""C"": 0.0, ""M"": 0.0, ""F"": 0.0}","{""S"": -4.547072964564005e-06, ""C"": 0.8251256281407036, ""M"": 0.9758793969849247, ""F"": 0.9813352476669059}",0.0,3.032255301329992e-05,0.0
1,1.0,S,0.02,-4.547072964564005e-06,RECALIBRATE,S3,True,6.0,15.086272469388987,DIFFERENT_ACTION,"C,F,M,S","{""S"": 0.0, ""C"": 0.6775, ""M"": 8.6425, ""F"": 1.383}","{""S"": -4.547072964564005e-06, ""C"": 0.8919868422939774, ""M"": 0.9847787923833863, ""F"": 0.9884802864561653}",0.0,1.8493736406180027e-05,0.0
1,1.0,S,0.02,-4.547072964564005e-06,RECALIBRATE,S4,False,7.0,16.811893829770927,DIFFERENT_ACTION,"C,F,M,S","{""S"": 0.0, ""C"": 0.0, ""M"": 0.0, ""F"": 0.0008}","{""S"": -4.547072964564005e-06, ""C"": 0.864321608040201, ""M"": 0.9758793969849247, ""F"": 0.9884633071447161}",0.0,2.396448386363277e-05,0.0
1,1.0,S,0.02,-4.547072964564005e-06,RECALIBRATE,S4,True,14.0,27.68824961045705,DIFFERENT_ACTION,"C,F,M,S","{""S"": 0.0, ""C"": 0.713, ""M"": 8.6426, ""F"": 1.4084}","{""S"": -4.547072964564005e-06, ""C"": 0.8919909219133638, ""M"": 0.9847787926082993, ""F"": 0.9884809639882542}",0.0,1.8493125376815877e-05,0.0
1,1.0,S,0.05,-1.1367682411410013e-05,RECALIBRATE,S1,False,1.0,6.6348966010212145,DIFFERENT_ACTION,"C,F,M,S","{""S"": 0.0, ""C"": 0.0, ""M"": 0.0, ""F"": 0.0}","{""S"": -1.1367682411410013e-05, ""C"": 0.6472361809045226, ""M"": 0.9457286432160804, ""F"": 0.95908111988514}",0.0,6.931194512630422e-05,0.0
1,1.0,S,0.05,-1.1367682411410013e-05,RECALIBRATE,S1,True,2.0,6.6348966010212145,DIFFERENT_ACTION,"C,S","{""S"": 0.0, ""C"": 6.2498, ""M"": 77.678, ""F"": 10.0179}","{""S"": -1.1367682411410013e-05, ""C"": 0.7019860879685068, ""M"": 0.954369899404802, ""F"": 0.9659803559493874}",0.0,3.808809721471927e-05,0.0
1,1.0,S,0.05,-1.1367682411410013e-05,RECALIBRATE,S2,False,2.0,6.6348966010212145,DIFFERENT_ACTION,"C,F,M,S","{""S"": 0.0, ""C"": 0.0, ""M"": 0.0, ""F"": 0.0}","{""S"": -1.1367682411410013e-05, ""C"": 0.6472361809045226, ""M"": 0.9457286432160804, ""F"": 0.95908111988514}",0.0,6.931194512630422e-05,0.0
1,1.0,S,0.05,-1.1367682411410013e-05,RECALIBRATE,S2,True,4.0,11.344866730144373,DIFFERENT_ACTION,"C,F,S","{""S"": 0.0, ""C"": 6.25, ""M"": 77.6797, ""F"": 10.0181}","{""S"": -1.1367682411410013e-05, ""C"": 0.7019860933119615, ""M"": 0.9543699089504679, ""F"": 0.9659803566904847}",0.0,5.004535046103173e-05,0.0
1,1.0,S,0.05,-1.1367682411410013e-05,RECALIBRATE,S3,False,3.0,9.21034037197618,DIFFERENT_ACTION,"C,F,M,S","{""S"": 0.0, ""C"": 0.0, ""M"": 0.0, ""F"": 0.0}","{""S"": -1.1367682411410013e-05, ""C"": 0.6472361809045226, ""M"": 0.9457286432160804, ""F"": 0.95908111988514}",0.0,6.931194512630422e-05,0.0
1,1.0,S,0.05,-1.1367682411410013e-05,RECALIBRATE,S3,True,6.0,15.086272469388987,DIFFERENT_ACTION,"C,F,S","{""S"": 0.0, ""C"": 6.6689, ""M"": 77.683, ""F"": 11.8475}","{""S"": -1.1367682411410013e-05, ""C"": 0.7019995490526737, ""M"": 0.9543699275677524, ""F"": 0.9659876832716966}",0.0,5.0038490819002416e-05,0.0
1,1.0,S,0.05,-1.1367682411410013e-05,RECALIBRATE,S4,False,7.0,16.811893829770927,DIFFERENT_ACTION,"C,F,M,S","{""S"": 0.0, ""C"": 10.9106, ""M"": 0.0, ""F"": 4.7394}","{""S"": -1.1367682411410013e-05, ""C"": 0.7023868819387967, ""M"": 0.9457286432160804, ""F"": 0.9659690168087905}",0.0,6.105822061812805e-05,0.0
1,1.0,S,0.05,-1.1367682411410013e-05,RECALIBRATE,S4,True,14.0,27.68824961045705,DIFFERENT_ACTION,"C,F,S","{""S"": 0.0, ""C"": 17.8639, ""M"": 77.6831, ""F"": 16.7805}","{""S"": -1.1367682411410013e-05, ""C"": 0.7026245941109535, ""M"": 0.9543699282386445, ""F"": 0.9660165855180385}",0.0,4.995350098194734e-05,0.0
1,1.0,S,0.1,-2.273536482282e-05,RECALIBRATE,S1,False,1.0,6.6348966010212145,DIFFERENT_ACTION,"C,F,M,S","{""S"": 0.0, ""C"": 0.0, ""M"": 0.0, ""F"": 0.0}","{""S"": -2.273536482282e-05, ""C"": 0.4120603015075377, ""M"": 0.8944723618090452, ""F"": 0.9231873653984207}",0.0,0.0001406826177895896,0.0
1,1.0,S,0.1,-2.273536482282e-05,RECALIBRATE,S1,True,2.0,6.6348966010212145,DISTINGUISHABLE,S,"{""S"": 0.0, ""C"": 32.3193, ""M"": 345.4539, ""F"": 40.7988}","{""S"": -2.273536482282e-05, ""C"": 0.45160080151004006, ""M"": 0.9037874779078467, ""F"": 0.9300116413208942}",0.0,0.0,0.0
1,1.0,S,0.1,-2.273536482282e-05,RECALIBRATE,S2,False,2.0,6.6348966010212145,DIFFERENT_ACTION,"C,F,M,S","{""S"": 0.0, ""C"": 0.0, ""M"": 0.0, ""F"": 0.0}","{""S"": -2.273536482282e-05, ""C"": 0.4120603015075377, ""M"": 0.8944723618090452, ""F"": 0.9231873653984207}",0.0,0.0001406826177895896,0.0
1,1.0,S,0.1,-2.273536482282e-05,RECALIBRATE,S2,True,4.0,11.344866730144373,DISTINGUISHABLE,S,"{""S"": 0.0, ""C"": 32.3201, ""M"": 345.4614, ""F"": 40.7995}","{""S"": -2.273536482282e-05, ""C"": 0.45160081169457533, ""M"": 0.9037874979493804, ""F"": 0.9300116425872951}",0.0,0.0,0.0
1,1.0,S,0.1,-2.273536482282e-05,RECALIBRATE,S3,False,3.0,9.21034037197618,DIFFERENT_ACTION,"C,M,S","{""S"": 0.0, ""C"": 0.0, ""M"": 0.0, ""F"": 139.9879}","{""S"": -2.273536482282e-05, ""C"": 0.4120603015075377, ""M"": 0.8944723618090452, ""F"": 0.9305978996946261}",0.0,0.00012933330121280037,0.0
1,1.0,S,0.1,-2.273536482282e-05,RECALIBRATE,S3,True,6.0,15.086272469388987,DISTINGUISHABLE,S,"{""S"": 0.0, ""C"": 34.173, ""M"": 345.476, ""F"": 187.646}","{""S"": -2.273536482282e-05, ""C"": 0.4516216903977587, ""M"": 0.9037875370503776, ""F"": 0.9306777988715469}",0.0,0.0,0.0
1,1.0,S,0.1,-2.273536482282e-05,RECALIBRATE,S4,False,7.0,16.811893829770927,DIFFERENT_ACTION,"M,S","{""S"": 0.0, ""C"": 103.5591, ""M"": 0.0, ""F"": 181.7387}","{""S"": -2.273536482282e-05, ""C"": 0.4527258545379922, ""M"": 0.8944723618090452, ""F"": 0.9307096095990799}",0.0,0.0001003796076090599,0.0
1,1.0,S,0.1,-2.273536482282e-05,RECALIBRATE,S4,True,14.0,27.68824961045705,DISTINGUISHABLE,S,"{""S"": 0.0, ""C"": 138.8556, ""M"": 345.4765, ""F"": 230.1152}","{""S"": -2.273536482282e-05, ""C"": 0.4531752076612171, ""M"": 0.9037875384491094, ""F"": 0.9307906480578624}",0.0,0.0,0.0
1,1.0,S,0.2,-4.547072964564e-05,RECALIBRATE,S1,False,1.0,6.6348966010212145,DIFFERENT_ACTION,"F,M,S","{""S"": 0.0, ""C"": 30687.8296, ""M"": 0.0, ""F"": 0.0}","{""S"": -4.547072964564e-05, ""C"": 0.4, ""M"": 0.7919597989949749, ""F"": 0.8571428571428572}",0.0,0.00019999999999999996,0.6666666666666666
1,1.0,S,0.2,-4.547072964564e-05,RECALIBRATE,S1,True,2.0,6.6348966010212145,DISTINGUISHABLE,S,"{""S"": 0.0, ""C"": 30730.7579, ""M"": 1449.2913, ""F"": 142.9982}","{""S"": -4.547072964564e-05, ""C"": 0.4, ""M"": 0.8029913258640777, ""F"": 0.863215328596975}",0.0,0.0,0.0
1,1.0,S,0.2,-4.547072964564e-05,RECALIBRATE,S2,False,2.0,6.6348966010212145,DIFFERENT_ACTION,"F,M,S","{""S"": 0.0, ""C"": 30687.8296, ""M"": 0.0, ""F"": 0.0}","{""S"": -4.547072964564e-05, ""C"": 0.4, ""M"": 0.7919597989949749, ""F"": 0.8571428571428572}",0.0,0.00019999999999999996,0.6666666666666666
1,1.0,S,0.2,-4.547072964564e-05,RECALIBRATE,S2,True,4.0,11.344866730144373,DISTINGUISHABLE,S,"{""S"": 0.0, ""C"": 30730.759, ""M"": 1449.3227, ""F"": 143.0008}","{""S"": -4.547072964564e-05, ""C"": 0.4, ""M"": 0.8029913665904125, ""F"": 0.8632153302646821}",0.0,0.0,0.0
1,1.0,S,0.2,-4.547072964564e-05,RECALIBRATE,S3,False,3.0,9.21034037197618,DIFFERENT_ACTION,"M,S","{""S"": 0.0, ""C"": 30687.8296, ""M"": 0.0, ""F"": 1749.7962}","{""S"": -4.547072964564e-05, ""C"": 0.4, ""M"": 0.7919597989949749, ""F"": 0.8650226024475035}",0.0,0.00014999999999999996,0.5
1,1.0,S,0.2,-4.547072964564e-05,RECALIBRATE,S3,True,6.0,15.086272469388987,DISTINGUISHABLE,S,"{""S"": 0.0, ""C"": 30733.1339, ""M"": 1449.3839, ""F"": 1917.857}","{""S"": -4.547072964564e-05, ""C"": 0.4, ""M"": 0.8029914459913641, ""F"": 0.8651371258003783}",0.0,0.0,0.0
1,1.0,S,0.2,-4.547072964564e-05,RECALIBRATE,S4,False,7.0,16.811893829770927,DIFFERENT_ACTION,"M,S","{""S"": 0.0, ""C"": 30830.8792, ""M"": 0.0, ""F"": 2029.8172}","{""S"": -4.547072964564e-05, ""C"": 0.4, ""M"": 0.7919597989949749, ""F"": 0.865298538723036}",0.0,0.00014999999999999996,0.5
1,1.0,S,0.2,-4.547072964564e-05,RECALIBRATE,S4,True,14.0,27.68824961045705,DISTINGUISHABLE,S,"{""S"": 0.0, ""C"": 30878.0132, ""M"": 1449.3861, ""F"": 2200.3954}","{""S"": -4.547072964564e-05, ""C"": 0.4, ""M"": 0.8029914488169749, ""F"": 0.8654149222507049}",0.0,0.0,0.0
1,0.5,C,0.01,0.9269169792220967,COMPENSATE,S1,False,1.0,6.6348966010212145,DIFFERENT_ACTION,"C,F,M,S","{""C"": 0.0, ""M"": 0.0, ""F"": 0.0, ""S"": 0.0}","{""C"": 0.9269169792220967, ""M"": 0.9879396984924623, ""F"": 0.990667623833453, ""S"": -2.7419577889447195e-06}",5.684720635204879e-07,0.0,0.0
1,0.5,C,0.01,0.9269169792220967,COMPENSATE,S1,True,2.0,6.6348966010212145,DIFFERENT_ACTION,"C,F,M,S","{""C"": 0.0, ""M"": 3.5904, ""F"": 4.5783, ""S"": 1.1034}","{""C"": 0.9269169792220967, ""M"": 0.9923617516128381, ""F"": 0.9942227385769881, ""S"": -2.5134613065326607e-06}",5.684720635204879e-07,0.0,0.0
1,0.5,C,0.01,0.9269169792220967,COMPENSATE,S2,False,2.0,6.6348966010212145,DIFFERENT_ACTION,"C,F,M,S","{""C"": 0.0, ""M"": 0.0, ""F"": 0.0, ""S"": 0.0}","{""C"": 0.9269169792220967, ""M"": 0.9879396984924623, ""F"": 0.990667623833453, ""S"": -2.7419577889447195e-06}",5.684720635204879e-07,0.0,0.0
1,0.5,C,0.01,0.9269169792220967,COMPENSATE,S2,True,4.0,11.344866730144373,DIFFERENT_ACTION,"C,F,M,S","{""C"": 0.0, ""M"": 3.5905, ""F"": 4.5784, ""S"": 1.1034}","{""C"": 0.9269169792220967, ""M"": 0.9923617526010158, ""F"": 0.9942227388800498, ""S"": -2.5134613065326607e-06}",5.684720635204879e-07,0.0,0.0
1,0.5,C,0.01,0.9269169792220967,COMPENSATE,S3,False,3.0,9.21034037197618,DIFFERENT_ACTION,"C,F,M,S","{""C"": 0.0, ""M"": 0.0, ""F"": 0.0, ""S"": 0.0}","{""C"": 0.9269169792220967, ""M"": 0.9879396984924623, ""F"": 0.990667623833453, ""S"": -2.7419577889447195e-06}",5.684720635204879e-07,0.0,0.0
1,0.5,C,0.01,0.9269169792220967,COMPENSATE,S3,True,6.0,15.086272469388987,DIFFERENT_ACTION,"C,F,M,S","{""C"": 0.0, ""M"": 3.6855, ""F"": 4.6077, ""S"": 1.187}","{""C"": 0.9269169792220967, ""M"": 0.9923618029433057, ""F"": 0.9942232422842588, ""S"": -2.5134613065326607e-06}",5.684720635204879e-07,0.0,0.0
1,0.5,C,0.01,0.9269169792220967,COMPENSATE,S4,False,7.0,16.811893829770927,DIFFERENT_ACTION,"C,F,M,S","{""C"": 0.0, ""M"": 0.0138, ""F"": 0.4003, ""S"": 0.0091}","{""C"": 0.9269169792220967, ""M"": 0.9923142074491639, ""F"": 0.9942100711338944, ""S"": -2.7419577889447195e-06}",5.684720635204879e-07,0.0,0.0
1,0.5,C,0.01,0.9269169792220967,COMPENSATE,S4,True,14.0,27.68824961045705,DIFFERENT_ACTION,"C,F,M,S","{""C"": 0.0, ""M"": 3.7628, ""F"": 5.0388, ""S"": 1.2592}","{""C"": 0.9269169792220967, ""M"": 0.9923618266849803, ""F"": 0.9942253958620195, ""S"": -2.5134613065326607e-06}",5.684720635204879e-07,0.0,0.0
1,0.5,C,0.02,0.8578842707217273,COMPENSATE,S1,False,1.0,6.6348966010212145,DIFFERENT_ACTION,"C,F,M,S","{""C"": 0.0, ""M"": 0.0, ""F"": 0.0, ""S"": 0.0}","{""C"": 0.8578842707217273, ""M"": 0.978894472361809, ""F"": 0.9827709978463748, ""S"": -5.026922613065328e-06}",1.1368561840910022e-06,0.0,0.0
1,0.5,C,0.02,0.8578842707217273,COMPENSATE,S1,True,2.0,6.6348966010212145,DIFFERENT_ACTION,"C,S","{""C"": 0.0, ""M"": 22.4018, ""F"": 21.6823, ""S"": 4.5634}","{""C"": 0.8578842707217273, ""M"": 0.9821896850787549, ""F"": 0.9865897073242138, ""S"": -4.761737613148268e-06}",2.2737123681820044e-06,0.0,0.0
1,0.5,C,0.02,0.8578842707217273,COMPENSATE,S2,False,2.0,6.6348966010212145,DIFFERENT_ACTION,"C,F,M,S","{""C"": 0.0, ""M"": 0.0, ""F"": 0.0, ""S"": 0.0}","{""C"": 0.8578842707217273, ""M"": 0.978894472361809, ""F"": 0.9827709978463748, ""S"": -5.026922613065328e-06}",1.1368561840910022e-06,0.0,0.0
1,0.5,C,0.02,0.8578842707217273,COMPENSATE,S2,True,4.0,11.344866730144373,DIFFERENT_ACTION,"C,S","{""C"": 0.0, ""M"": 22.4023, ""F"": 21.6828, ""S"": 4.5635}","{""C"": 0.8578842707217273, ""M"": 0.9821896875654542, ""F"": 0.9865897079598068, ""S"": -4.761737613148268e-06}",2.2737123681820044e-06,0.0,0.0
1,0.5,C,0.02,0.8578842707217273,COMPENSATE,S3,False,3.0,9.21034037197618,DIFFERENT_ACTION,"C,F,M,S","{""C"": 0.0, ""M"": 0.0, ""F"": 0.0, ""S"": 0.0}","{""C"": 0.8578842707217273, ""M"": 0.978894472361809, ""F"": 0.9827709978463748, ""S"": -5.026922613065328e-06}",1.1368561840910022e-06,0.0,0.0
1,0.5,C,0.02,0.8578842707217273,COMPENSATE,S3,True,6.0,15.086272469388987,DIFFERENT_ACTION,"C,S","{""C"": 0.0, ""M"": 22.7908, ""F"": 21.9239, ""S"": 4.8982}","{""C"": 0.8578842707217273, ""M"": 0.9821897893769078, ""F"": 0.9865911219171275, ""S"": -4.761737613148268e-06}",2.2737123681820044e-06,0.0,0.0
1,0.5,C,0.02,0.8578842707217273,COMPENSATE,S4,False,7.0,16.811893829770927,DIFFERENT_ACTION,"C,F,M,S","{""C"": 0.0, ""M"": 7.2168, ""F"": 14.0611, ""S"": 6.998}","{""C"": 0.8578842707217273, ""M"": 0.9820714086089971, ""F"": 0.9865710598438174, ""S"": -5.026922613065328e-06}",1.1368561840910022e-06,0.0,0.0
1,0.5,C,0.02,0.8578842707217273,COMPENSATE,S4,True,14.0,27.68824961045705,DIFFERENT_ACTION,"C,S","{""C"": 0.0, ""M"": 30.2608, ""F"": 36.0923, ""S"": 12.149}","{""C"": 0.8578842707217273, ""M"": 0.982190195110445, ""F"": 0.9866038879727329, ""S"": -4.779645985141877e-06}",2.2737123681820044e-06,0.0,0.0
1,0.5,C,0.05,0.6731925672038667,COMPENSATE,S1,False,1.0,6.6348966010212145,DIFFERENT_ACTION,"C,F,M,S","{""C"": 0.0, ""M"": 0.0, ""F"": 0.0, ""S"": 0.0}","{""C"": 0.6731925672038667, ""M"": 0.9487437185929648, ""F"": 0.9605168700646087, ""S"": -1.1881817085427134e-05}",2.8420085458025045e-06,0.0,0.0
1,0.5,C,0.05,0.6731925672038667,COMPENSATE,S1,True,2.0,6.6348966010212145,DISTINGUISHABLE,C,"{""C"": 0.0, ""M"": 169.8116, ""F"": 150.4285, ""S"": 31.3711}","{""C"": 0.6731925672038667, ""M"": 0.9516984432227916, ""F"": 0.9641722043561476, ""S"": -1.1424824120603016e-05}",0.0,0.0,0.0
1,0.5,C,0.05,0.6731925672038667,COMPENSATE,S2,False,2.0,6.6348966010212145,DIFFERENT_ACTION,"C,F,M,S","{""C"": 0.0, ""M"": 0.0, ""F"": 0.0, ""S"": 0.0}","{""C"": 0.6731925672038667, ""M"": 0.9487437185929648, ""F"": 0.9605168700646087, ""S"": -1.1881817085427134e-05}",2.8420085458025045e-06,0.0,0.0
1,0.5,C,0.05,0.6731925672038667,COMPENSATE,S2,True,4.0,11.344866730144373,DISTINGUISHABLE,C,"{""C"": 0.0, ""M"": 169.8151, ""F"": 150.4318, ""S"": 31.3719}","{""C"": 0.6731925672038667, ""M"": 0.9516984500727155, ""F"": 0.964172205877146, ""S"": -1.1424824120603016e-05}",0.0,0.0,0.0
1,0.5,C,0.05,0.6731925672038667,COMPENSATE,S3,False,3.0,9.21034037197618,DIFFERENT_ACTION,"C,F,M,S","{""C"": 0.0, ""M"": 0.0, ""F"": 3.5135, ""S"": 0.0}","{""C"": 0.6731925672038667, ""M"": 0.9487437185929648, ""F"": 0.9641538384588086, ""S"": -1.1881817085427134e-05}",2.8420085458025045e-06,0.0,0.0
1,0.5,C,0.05,0.6731925672038667,COMPENSATE,S3,True,6.0,15.086272469388987,DISTINGUISHABLE,C,"{""C"": 0.0, ""M"": 172.2794, ""F"": 155.6927, ""S"": 33.4681}","{""C"": 0.6731925672038667, ""M"": 0.9516987067468483, ""F"": 0.9642313689921813, ""S"": -1.1424824120603016e-05}",0.0,0.0,0.0
1,0.5,C,0.05,0.6731925672038667,COMPENSATE,S4,False,7.0,16.811893829770927,DISTINGUISHABLE,C,"{""C"": 0.0, ""M"": 125.7659, ""F"": 174.892, ""S"": 121.006}","{""C"": 0.6731925672038667, ""M"": 0.951375870493616, ""F"": 0.9642021490247583, ""S"": -1.1881817085427134e-05}",0.0,0.0,0.0
1,0.5,C,0.05,0.6731925672038667,COMPENSATE,S4,True,14.0,27.68824961045705,DISTINGUISHABLE,C,"{""C"": 0.0, ""M"": 299.6109, ""F"": 327.688, ""S"": 156.0591}","{""C"": 0.6731925672038667, ""M"": 0.9517019712564192, ""F"": 0.9642796087131532, ""S"": -1.1424824120603016e-05}",0.0,0.0,0.0
1,0.5,C,0.1,0.4300994011421313,COMPENSATE,S1,False,1.0,6.6348966010212145,DIFFERENT_ACTION,"C,F,M,S","{""C"": 0.0, ""M"": 0.0, ""F"": 0.0, ""S"": 0.0}","{""C"": 0.4300994011421313, ""M"": 0.8974874371859296, ""F"": 0.9253409906676239, ""S"": -2.307814472361809e-05}",5.683929148654988e-06,0.0,0.0
1,0.5,C,0.1,0.4300994011421313,COMPENSATE,S1,True,2.0,6.6348966010212145,DISTINGUISHABLE,C,"{""C"": 0.0, ""M"": 683.3603, ""F"": 632.0666, ""S"": 145.5747}","{""C"": 0.4300994011421313, ""M"": 0.9009627020259913, ""F"": 0.9283253356645509, ""S"": -2.307814472361809e-05}",0.0,0.0,0.0
1,0.5,C,0.1,0.4300994011421313,COMPENSATE,S2,False,2.0,6.6348966010212145,DIFFERENT_ACTION,"C,F,M,S","{""C"": 0.0, ""M"": 0.0, ""F"": 0.0, ""S"": 0.0}","{""C"": 0.4300994011421313, ""M"": 0.8974874371859296, ""F"": 0.9253409906676239, ""S"": -2.307814472361809e-05}",5.683929148654988e-06,0.0,0.0
1,0.5,C,0.1,0.4300994011421313,COMPENSATE,S2,True,4.0,11.344866730144373,DISTINGUISHABLE,C,"{""C"": 0.0, ""M"": 683.3742, ""F"": 632.0801, ""S"": 145.5783}","{""C"": 0.4300994011421313, ""M"": 0.9009627157124913, ""F"": 0.9283253383153344, ""S"": -2.307814472361809e-05}",0.0,0.0,0.0
1,0.5,C,0.1,0.4300994011421313,COMPENSATE,S3,False,3.0,9.21034037197618,DIFFERENT_ACTION,"C,S","{""C"": 0.0, ""M"": 21.8223, ""F"": 572.7862, ""S"": 4.1529}","{""C"": 0.4300994011421313, ""M"": 0.9003200992656454, ""F"": 0.9288570688671217, ""S"": -2.307814472361809e-05}",1.1367858297309976e-05,0.0,0.0
1,0.5,C,0.1,0.4300994011421313,COMPENSATE,S3,True,6.0,15.086272469388987,DISTINGUISHABLE,C,"{""C"": 0.0, ""M"": 714.9947, ""F"": 1206.9209, ""S"": 158.1648}","{""C"": 0.4300994011421313, ""M"": 0.900971171689047, ""F"": 0.9289947873669822, ""S"": -2.307814472361809e-05}",0.0,0.0,0.0
1,0.5,C,0.1,0.4300994011421313,COMPENSATE,S4,False,7.0,16.811893829770927,DISTINGUISHABLE,C,"{""C"": 0.0, ""M"": 700.1591, ""F"": 1387.902, ""S"": 657.0599}","{""C"": 0.4300994011421313, ""M"": 0.9003286496938402, ""F"": 0.9289668228485486, ""S"": -2.307814472361809e-05}",0.0,0.0,0.0
1,0.5,C,0.1,0.4300994011421313,COMPENSATE,S4,True,14.0,27.68824961045705,DISTINGUISHABLE,C,"{""C"": 0.0, ""M"": 1399.5953, ""F"": 2024.5141, ""S"": 817.4501}","{""C"": 0.4300994011421313, ""M"": 0.9009796571193924, ""F"": 0.9291043655886837, ""S"": -2.307814472361809e-05}",0.0,0.0,0.0
1,0.5,C,0.2,,,S1,False,,,UNREACHABLE,,,,,,
1,0.5,C,0.2,,,S1,True,,,UNREACHABLE,,,,,,
1,0.5,C,0.2,,,S2,False,,,UNREACHABLE,,,,,,
1,0.5,C,0.2,,,S2,True,,,UNREACHABLE,,,,,,
1,0.5,C,0.2,,,S3,False,,,UNREACHABLE,,,,,,
1,0.5,C,0.2,,,S3,True,,,UNREACHABLE,,,,,,
1,0.5,C,0.2,,,S4,False,,,UNREACHABLE,,,,,,
1,0.5,C,0.2,,,S4,True,,,UNREACHABLE,,,,,,
1,0.5,M,0.01,0.9897529008974665,COMPENSATE,S1,False,1.0,6.6348966010212145,DIFFERENT_ACTION,"C,F,M,S","{""M"": 0.0, ""C"": 0.0, ""F"": 0.0, ""S"": 0.0}","{""M"": 0.9897529008974665, ""C"": 0.9095477386934674, ""F"": 0.990667623833453, ""S"": -2.7419577889447195e-06}",5.684720635202982e-07,0.0,0.0
1,0.5,M,0.01,0.9897529008974665,COMPENSATE,S1,True,2.0,6.6348966010212145,DISTINGUISHABLE,M,"{""M"": 0.0, ""C"": 6.8617, ""F"": 25.2648, ""S"": 15.5158}","{""M"": 0.9897529008974665, ""C"": 0.9091637318052181, ""F"": 0.9942427796480142, ""S"": -2.5134613065326607e-06}",0.0,0.0,0.0
1,0.5,M,0.01,0.9897529008974665,COMPENSATE,S2,False,2.0,6.6348966010212145,DIFFERENT_ACTION,"C,F,M,S","{""M"": 0.0, ""C"": 0.0, ""F"": 0.0, ""S"": 0.0}","{""M"": 0.9897529008974665, ""C"": 0.9095477386934674, ""F"": 0.990667623833453, ""S"": -2.7419577889447195e-06}",5.684720635202982e-07,0.0,0.0
1,0.5,M,0.01,0.9897529008974665,COMPENSATE,S2,True,4.0,11.344866730144373,SAME_ACTION,"C,M","{""M"": 0.0, ""C"": 6.8618, ""F"": 25.2653, ""S"": 15.5162}","{""M"": 0.9897529008974665, ""C"": 0.90916372902521, ""F"": 0.9942427803485813, ""S"": -2.5134613065326607e-06}",0.0,0.0,0.0
1,0.5,M,0.01,0.9897529008974665,COMPENSATE,S3,False,3.0,9.21034037197618,DIFFERENT_ACTION,"C,F,M,S","{""M"": 0.0, ""C"": 0.0, ""F"": 0.0, ""S"": 0.0}","{""M"": 0.9897529008974665, ""C"": 0.9095477386934674, ""F"": 0.990667623833453, ""S"": -2.7419577889447195e-06}",5.684720635202982e-07,0.0,0.0
1,0.5,M,0.01,0.9897529008974665,COMPENSATE,S3,True,6.0,15.086272469388987,SAME_ACTION,"C,M","{""M"": 0.0, ""C"": 7.0116, ""F"": 25.4993, ""S"": 15.5168}","{""M"": 0.9897529008974665, ""C"": 0.9091686097390392, ""F"": 0.9942442011589728, ""S"": -2.5134613065326607e-06}",0.0,0.0,0.0
1,0.5,M,0.01,0.9897529008974665,COMPENSATE,S4,False,7.0,16.811893829770927,DIFFERENT_ACTION,"C,F,M,S","{""M"": 0.0, ""C"": 0.0, ""F"": 0.0004, ""S"": 0.0}","{""M"": 0.9897529008974665, ""C"": 0.9336683417085427, ""F"": 0.994208033269221, ""S"": -2.7419577889447195e-06}",5.684720635202982e-07,0.0,0.0
1,0.5,M,0.01,0.9897529008974665,COMPENSATE,S4,True,14.0,27.68824961045705,DIFFERENT_ACTION,"C,F,M,S","{""M"": 0.0, ""C"": 7.7014, ""F"": 25.5241, ""S"": 15.5168}","{""M"": 0.9897529008974665, ""C"": 0.9092574989543563, ""F"": 0.9942444570817226, ""S"": -2.5134613065326607e-06}",5.684720635202982e-07,0.0,0.0
1,0.5,M,0.02,0.9795110065961382,COMPENSATE,S1,False,1.0,6.6348966010212145,DIFFERENT_ACTION,"C,F,M,S","{""M"": 0.0, ""C"": 0.0, ""F"": 0.0, ""S"": 0.0}","{""M"": 0.9795110065961382, ""C"": 0.8432160804020101, ""F"": 0.9827709978463748, ""S"": -5.026922613065328e-06}",1.136856184089552e-06,0.0,0.0
1,0.5,M,0.02,0.9795110065961382,COMPENSATE,S1,True,2.0,6.6348966010212145,DISTINGUISHABLE,M,"{""M"": 0.0, ""C"": 29.8232, ""F"": 108.0124, ""S"": 62.0361}","{""M"": 0.9795110065961382, ""C"": 0.8409855217132096, ""F"": 0.9866284282534445, ""S"": -4.744080119547746e-06}",0.0,0.0,0.0
1,0.5,M,0.02,0.9795110065961382,COMPENSATE,S2,False,2.0,6.6348966010212145,DIFFERENT_ACTION,"C,F,M,S","{""M"": 0.0, ""C"": 0.0, ""F"": 0.0, ""S"": 0.0}","{""M"": 0.9795110065961382, ""C"": 0.8432160804020101, ""F"": 0.9827709978463748, ""S"": -5.026922613065328e-06}",1.136856184089552e-06,0.0,0.0
1,0.5,M,0.02,0.9795110065961382,COMPENSATE,S2,True,4.0,11.344866730144373,DISTINGUISHABLE,M,"{""M"": 0.0, ""C"": 29.8238, ""F"": 108.0147, ""S"": 62.0375}","{""M"": 0.9795110065961382, ""C"": 0.8409855035515729, ""F"": 0.9866284296561278, ""S"": -4.744080119547746e-06}",0.0,0.0,0.0
1,0.5,M,0.02,0.9795110065961382,COMPENSATE,S3,False,3.0,9.21034037197618,DIFFERENT_ACTION,"C,F,M,S","{""M"": 0.0, ""C"": 0.0, ""F"": 0.0, ""S"": 0.0}","{""M"": 0.9795110065961382, ""C"": 0.8432160804020101, ""F"": 0.9827709978463748, ""S"": -5.026922613065328e-06}",1.136856184089552e-06,0.0,0.0
1,0.5,M,0.02,0.9795110065961382,COMPENSATE,S3,True,6.0,15.086272469388987,DISTINGUISHABLE,M,"{""M"": 0.0, ""C"": 30.3157, ""F"": 109.2575, ""S"": 62.0401}","{""M"": 0.9795110065961382, ""C"": 0.8409938511024203, ""F"": 0.9866316335525841, ""S"": -4.744080119547746e-06}",0.0,0.0,0.0
1,0.5,M,0.02,0.9795110065961382,COMPENSATE,S4,False,7.0,16.811893829770927,DIFFERENT_ACTION,"C,F,M,S","{""M"": 0.0, ""C"": 4.323, ""F"": 2.1879, ""S"": 0.0}","{""M"": 0.9795110065961382, ""C"": 0.8750027454718523, ""F"": 0.986568553756075, ""S"": -5.026922613065328e-06}",1.136856184089552e-06,0.0,0.0
1,0.5,M,0.02,0.9795110065961382,COMPENSATE,S4,True,14.0,27.68824961045705,DISTINGUISHABLE,M,"{""M"": 0.0, ""C"": 40.9221, ""F"": 111.5362, ""S"": 62.0402}","{""M"": 0.9795110065961382, ""C"": 0.8670513680888519, ""F"": 0.9866421546447712, ""S"": -4.744080119547746e-06}",0.0,0.0,0.0
1,0.5,M,0.05,0.9488164842195013,COMPENSATE,S1,False,1.0,6.6348966010212145,DIFFERENT_ACTION,"C,F,M,S","{""M"": 0.0, ""C"": 0.0, ""F"": 0.0, ""S"": 0.0}","{""M"": 0.9488164842195013, ""C"": 0.6592964824120603, ""F"": 0.9605168700646087, ""S"": -1.1881817085427134e-05}",2.84200854581109e-06,0.0,0.0
1,0.5,M,0.05,0.9488164842195013,COMPENSATE,S1,True,2.0,6.6348966010212145,DISTINGUISHABLE,M,"{""M"": 0.0, ""C"": 189.5555, ""F"": 693.4703, ""S"": 387.2176}","{""M"": 0.9488164842195013, ""C"": 0.6586372189940752, ""F"": 0.9642593746006015, ""S"": -1.1424824120603016e-05}",0.0,0.0,0.0
1,0.5,M,0.05,0.9488164842195013,COMPENSATE,S2,False,2.0,6.6348966010212145,DIFFERENT_ACTION,"C,F,M,S","{""M"": 0.0, ""C"": 0.0, ""F"": 0.0, ""S"": 0.0}","{""M"": 0.9488164842195013, ""C"": 0.6592964824120603, ""F"": 0.9605168700646087, ""S"": -1.1881817085427134e-05}",2.84200854581109e-06,0.0,0.0
1,0.5,M,0.05,0.9488164842195013,COMPENSATE,S2,True,4.0,11.344866730144373,DISTINGUISHABLE,M,"{""M"": 0.0, ""C"": 189.5594, ""F"": 693.4849, ""S"": 387.2261}","{""M"": 0.9488164842195013, ""C"": 0.6586372059350617, ""F"": 0.9642593778350238, ""S"": -1.1424824120603016e-05}",0.0,0.0,0.0
1,0.5,M,0.05,0.9488164842195013,COMPENSATE,S3,False,3.0,9.21034037197618,DIFFERENT_ACTION,"C,M,S","{""M"": 0.0, ""C"": 0.0, ""F"": 194.738, ""S"": 0.0}","{""M"": 0.9488164842195013, ""C"": 0.6592964824120603, ""F"": 0.9645227526210821, ""S"": -1.1881817085427134e-05}",3.78934472774812e-06,0.0,0.0
1,0.5,M,0.05,0.9488164842195013,COMPENSATE,S3,True,6.0,15.086272469388987,DISTINGUISHABLE,M,"{""M"": 0.0, ""C"": 192.2516, ""F"": 892.762, ""S"": 387.2426}","{""M"": 0.9488164842195013, ""C"": 0.6586534706803889, ""F"": 0.9646889851410773, ""S"": -1.1424824120603016e-05}",0.0,0.0,0.0
1,0.5,M,0.05,0.9488164842195013,COMPENSATE,S4,False,7.0,16.811893829770927,DIFFERENT_ACTION,"M,S","{""M"": 0.0, ""C"": 110.4581, ""F"": 239.7677, ""S"": 0.0}","{""M"": 0.9488164842195013, ""C"": 0.6884614165010186, ""F"": 0.9645849973621716, ""S"": -1.1881817085427134e-05}",5.68401709162218e-06,0.0,0.0
1,0.5,M,0.05,0.9488164842195013,COMPENSATE,S4,True,14.0,27.68824961045705,DISTINGUISHABLE,M,"{""M"": 0.0, ""C"": 321.3007, ""F"": 938.08, ""S"": 387.2432}","{""M"": 0.9488164842195013, ""C"": 0.687874637581256, ""F"": 0.9647515206804033, ""S"": -1.1424824120603016e-05}",0.0,0.0,0.0
1,0.5,M,0.1,0.8977624078487472,COMPENSATE,S1,False,1.0,6.6348966010212145,DIFFERENT_ACTION,"C,F,M,S","{""M"": 0.0, ""C"": 0.0, ""F"": 0.0, ""S"": 0.0}","{""M"": 0.8977624078487472, ""C"": 0.421105527638191, ""F"": 0.9253409906676239, ""S"": -2.307814472361809e-05}",5.6839291486550014e-06,0.0,0.0
1,0.5,M,0.1,0.8977624078487472,COMPENSATE,S1,True,2.0,6.6348966010212145,DISTINGUISHABLE,M,"{""M"": 0.0, ""C"": 722.6906, ""F"": 2743.1951, ""S"": 1545.4929}","{""M"": 0.8977624078487472, ""C"": 0.4188350569109335, ""F"": 0.9284711511241768, ""S"": -2.307814472361809e-05}",0.0,0.0,0.0
1,0.5,M,0.1,0.8977624078487472,COMPENSATE,S2,False,2.0,6.6348966010212145,DIFFERENT_ACTION,"C,F,M,S","{""M"": 0.0, ""C"": 0.0, ""F"": 0.0, ""S"": 0.0}","{""M"": 0.8977624078487472, ""C"": 0.421105527638191, ""F"": 0.9253409906676239, ""S"": -2.307814472361809e-05}",5.6839291486550014e-06,0.0,0.0
1,0.5,M,0.1,0.8977624078487472,COMPENSATE,S2,True,4.0,11.344866730144373,DISTINGUISHABLE,M,"{""M"": 0.0, ""C"": 722.7054, ""F"": 2743.2527, ""S"": 1545.5267}","{""M"": 0.8977624078487472, ""C"": 0.4188350354822088, ""F"": 0.9284711566009283, ""S"": -2.307814472361809e-05}",0.0,0.0,0.0
1,0.5,M,0.1,0.8977624078487472,COMPENSATE,S3,False,3.0,9.21034037197618,DIFFERENT_ACTION,"M,S","{""M"": 0.0, ""C"": 15.2254, ""F"": 2260.0016, ""S"": 0.0}","{""M"": 0.8977624078487472, ""C"": 0.4407792843254141, ""F"": 0.9295003063043163, ""S"": -2.307814472361809e-05}",1.1367858297310003e-05,0.0,0.0
1,0.5,M,0.1,0.8977624078487472,COMPENSATE,S3,True,6.0,15.086272469388987,DISTINGUISHABLE,M,"{""M"": 0.0, ""C"": 758.0121, ""F"": 5013.3371, ""S"": 1545.5924}","{""M"": 0.8977624078487472, ""C"": 0.419128189507496, ""F"": 0.9297883910104905, ""S"": -2.307814472361809e-05}",0.0,0.0,0.0
1,0.5,M,0.1,0.8977624078487472,COMPENSATE,S4,False,7.0,16.811893829770927,DIFFERENT_ACTION,"M,S","{""M"": 0.0, ""C"": 647.7962, ""F"": 2560.817, ""S"": 0.0}","{""M"": 0.8977624078487472, ""C"": 0.44267721806488225, ""F"": 0.9296632777924582, ""S"": -2.307814472361809e-05}",1.1367858297310003e-05,0.0,0.0
1,0.5,M,0.1,0.8977624078487472,COMPENSATE,S4,True,14.0,27.68824961045705,DISTINGUISHABLE,M,"{""M"": 0.0, ""C"": 1427.3927, ""F"": 5314.5689, ""S"": 1545.5947}","{""M"": 0.8977624078487472, ""C"": 0.44171944573994665, ""F"": 0.9299520220569978, ""S"": -2.307814472361809e-05}",0.0,0.0,0.0
1,0.5,M,0.2,0.796039206512023,SERVICE_MEMBRANE,S1,False,1.0,6.6348966010212145,DIFFERENT_ACTION,"F,M,S","{""M"": 0.0, ""C"": 129858.4954, ""F"": 0.0, ""S"": 0.0}","{""M"": 0.796039206512023, ""C"": 0.4, ""F"": 0.8585786073223259, ""S"": -4.5470800000000005e-05}",1.0156751231628615e-05,0.0,0.3333333333333333
1,0.5,M,0.2,0.796039206512023,SERVICE_MEMBRANE,S1,True,2.0,6.6348966010212145,DISTINGUISHABLE,M,"{""M"": 0.0, ""C"": 134129.1836, ""F"": 10525.9554, ""S"": 6155.0987}","{""M"": 0.796039206512023, ""C"": 0.4, ""F"": 0.8619361430841674, ""S"": -4.5470800000000005e-05}",0.0,0.0,0.0
1,0.5,M,0.2,0.796039206512023,SERVICE_MEMBRANE,S2,False,2.0,6.6348966010212145,DIFFERENT_ACTION,"F,M,S","{""M"": 0.0, ""C"": 129858.4954, ""F"": 0.0, ""S"": 0.0}","{""M"": 0.796039206512023, ""C"": 0.4, ""F"": 0.8585786073223259, ""S"": -4.5470800000000005e-05}",1.0156751231628615e-05,0.0,0.3333333333333333
1,0.5,M,0.2,0.796039206512023,SERVICE_MEMBRANE,S2,True,4.0,11.344866730144373,DISTINGUISHABLE,M,"{""M"": 0.0, ""C"": 134129.2747, ""F"": 10526.1759, ""S"": 6155.2333}","{""M"": 0.796039206512023, ""C"": 0.4, ""F"": 0.861936150725179, ""S"": -4.5470800000000005e-05}",0.0,0.0,0.0
1,0.5,M,0.2,0.796039206512023,SERVICE_MEMBRANE,S3,False,3.0,9.21034037197618,DIFFERENT_ACTION,"M,S","{""M"": 0.0, ""C"": 129933.0242, ""F"": 12063.0221, ""S"": 0.0}","{""M"": 0.796039206512023, ""C"": 0.4, ""F"": 0.8640126331070532, ""S"": -4.5470800000000005e-05}",7.617563423721461e-06,0.0,0.0
1,0.5,M,0.2,0.796039206512023,SERVICE_MEMBRANE,S3,True,6.0,15.086272469388987,DISTINGUISHABLE,M,"{""M"": 0.0, ""C"": 134216.6508, ""F"": 22635.5555, ""S"": 6155.4944}","{""M"": 0.796039206512023, ""C"": 0.4, ""F"": 0.8644377239661357, ""S"": -4.5470800000000005e-05}",0.0,0.0,0.0
1,0.5,M,0.2,0.796039206512023,SERVICE_MEMBRANE,S4,False,7.0,16.811893829770927,DIFFERENT_ACTION,"M,S","{""M"": 0.0, ""C"": 130748.8422, ""F"": 13554.3318, ""S"": 0.0}","{""M"": 0.796039206512023, ""C"": 0.4, ""F"": 0.8643344981542811, ""S"": -4.5470800000000005e-05}",7.617563423721461e-06,0.0,0.0
1,0.5,M,0.2,0.796039206512023,SERVICE_MEMBRANE,S4,True,14.0,27.68824961045705,DISTINGUISHABLE,M,"{""M"": 0.0, ""C"": 135039.9109, ""F"": 24128.5933, ""S"": 6155.5038}","{""M"": 0.796039206512023, ""C"": 0.4, ""F"": 0.8647611318180057, ""S"": -4.5470800000000005e-05}",0.0,0.0,0.0
1,0.5,F,0.01,0.992287687607279,COMPENSATE,S1,False,1.0,6.6348966010212145,DIFFERENT_ACTION,"C,F,M,S","{""F"": 0.0, ""C"": 0.0, ""M"": 0.0, ""S"": 0.0}","{""F"": 0.992287687607279, ""C"": 0.9095477386934674, ""M"": 0.9879396984924623, ""S"": -2.7419577889447195e-06}",5.684720635204676e-07,0.0,0.0
1,0.5,F,0.01,0.992287687607279,COMPENSATE,S1,True,2.0,6.6348966010212145,DIFFERENT_ACTION,"C,F,S","{""F"": 0.0, ""C"": 4.9944, ""M"": 19.2225, ""S"": 2.1058}","{""F"": 0.992287687607279, ""C"": 0.9449066035937209, ""M"": 0.992424238525277, ""S"": -2.056468341708543e-06}",7.579627513606234e-07,0.0,0.0
1,0.5,F,0.01,0.992287687607279,COMPENSATE,S2,False,2.0,6.6348966010212145,DIFFERENT_ACTION,"C,F,M,S","{""F"": 0.0, ""C"": 0.0, ""M"": 0.0, ""S"": 0.0}","{""F"": 0.992287687607279, ""C"": 0.9095477386934674, ""M"": 0.9879396984924623, ""S"": -2.7419577889447195e-06}",5.684720635204676e-07,0.0,0.0
1,0.5,F,0.01,0.992287687607279,COMPENSATE,S2,True,4.0,11.344866730144373,DIFFERENT_ACTION,"C,F,S","{""F"": 0.0, ""C"": 4.9946, ""M"": 19.2229, ""S"": 2.1058}","{""F"": 0.992287687607279, ""C"": 0.9449066060376565, ""M"": 0.9924242408544899, ""S"": -2.056468341708543e-06}",7.579627513606234e-07,0.0,0.0
1,0.5,F,0.01,0.992287687607279,COMPENSATE,S3,False,3.0,9.21034037197618,DIFFERENT_ACTION,"C,F,M,S","{""F"": 0.0, ""C"": 0.0, ""M"": 0.0, ""S"": 0.0}","{""F"": 0.992287687607279, ""C"": 0.9095477386934674, ""M"": 0.9879396984924623, ""S"": -2.7419577889447195e-06}",5.684720635204676e-07,0.0,0.0
1,0.5,F,0.01,0.992287687607279,COMPENSATE,S3,True,6.0,15.086272469388987,DIFFERENT_ACTION,"C,F,S","{""F"": 0.0, ""C"": 5.1537, ""M"": 19.6262, ""S"": 2.4852}","{""F"": 0.992287687607279, ""C"": 0.9449014047631266, ""M"": 0.9924243448100412, ""S"": -2.056468341708543e-06}",7.579627513606234e-07,0.0,0.0
1,0.5,F,0.01,0.992287687607279,COMPENSATE,S4,False,7.0,16.811893829770927,DIFFERENT_ACTION,"C,F,M,S","{""F"": 0.0, ""C"": 0.0555, ""M"": 0.162, ""S"": 0.1763}","{""F"": 0.992287687607279, ""C"": 0.9448257803770165, ""M"": 0.9871919066279164, ""S"": -2.7419577889447195e-06}",5.684720635204676e-07,0.0,0.0
1,0.5,F,0.01,0.992287687607279,COMPENSATE,S4,True,14.0,27.68824961045705,DIFFERENT_ACTION,"C,F,M,S","{""F"": 0.0, ""C"": 5.232, ""M"": 19.8383, ""S"": 2.706}","{""F"": 0.992287687607279, ""C"": 0.9449272085432494, ""M"": 0.9924243082404705, ""S"": -2.056468341708543e-06}",5.684720635204676e-07,0.0,0.0
1,0.5,F,0.02,0.98465878085257,COMPENSATE,S1,False,1.0,6.6348966010212145,DIFFERENT_ACTION,"C,F,M,S","{""F"": 0.0, ""C"": 0.0, ""M"": 0.0, ""S"": 0.0}","{""F"": 0.98465878085257, ""C"": 0.8432160804020101, ""M"": 0.978894472361809, ""S"": -5.026922613065328e-06}",1.1368561840908667e-06,0.0,0.0
1,0.5,F,0.02,0.98465878085257,COMPENSATE,S1,True,2.0,6.6348966010212145,DISTINGUISHABLE,F,"{""F"": 0.0, ""C"": 22.4399, ""M"": 94.5277, ""S"": 8.2793}","{""F"": 0.98465878085257, ""C"": 0.8749940024731764, ""M"": 0.9823148073433344, ""S"": -5.026922613065328e-06}",0.0,0.0,0.0
1,0.5,F,0.02,0.98465878085257,COMPENSATE,S2,False,2.0,6.6348966010212145,DIFFERENT_ACTION,"C,F,M,S","{""F"": 0.0, ""C"": 0.0, ""M"": 0.0, ""S"": 0.0}","{""F"": 0.98465878085257, ""C"": 0.8432160804020101, ""M"": 0.978894472361809, ""S"": -5.026922613065328e-06}",1.1368561840908667e-06,0.0,0.0
1,0.5,F,0.02,0.98465878085257,COMPENSATE,S2,True,4.0,11.344866730144373,DIFFERENT_ACTION,"F,S","{""F"": 0.0, ""C"": 22.4404, ""M"": 94.5297, ""S"": 8.2794}","{""F"": 0.98465878085257, ""C"": 0.8749940075504445, ""M"": 0.9823148125147699, ""S"": -5.026922613065328e-06}",2.2737123681817334e-06,0.0,0.0
1,0.5,F,0.02,0.98465878085257,COMPENSATE,S3,False,3.0,9.21034037197618,DIFFERENT_ACTION,"C,F,M,S","{""F"": 0.0, ""C"": 0.0, ""M"": 0.0, ""S"": 0.0}","{""F"": 0.98465878085257, ""C"": 0.8432160804020101, ""M"": 0.978894472361809, ""S"": -5.026922613065328e-06}",1.1368561840908667e-06,0.0,0.0
1,0.5,F,0.02,0.98465878085257,COMPENSATE,S3,True,6.0,15.086272469388987,DIFFERENT_ACTION,"F,S","{""F"": 0.0, ""C"": 22.9614, ""M"": 96.1537, ""S"": 9.7915}","{""F"": 0.98465878085257, ""C"": 0.8749851019914582, ""M"": 0.9823150217166164, ""S"": -5.026922613065328e-06}",2.2737123681817334e-06,0.0,0.0
1,0.5,F,0.02,0.98465878085257,COMPENSATE,S4,False,7.0,16.811893829770927,DIFFERENT_ACTION,"C,F,M,S","{""F"": 0.0, ""C"": 11.4717, ""M"": 3.4993, ""S"": 3.617}","{""F"": 0.98465878085257, ""C"": 0.8751130054170821, ""M"": 0.9769511670871084, ""S"": -5.026922613065328e-06}",1.1368561840908667e-06,0.0,0.0
1,0.5,F,0.02,0.98465878085257,COMPENSATE,S4,True,14.0,27.68824961045705,DIFFERENT_ACTION,"F,S","{""F"": 0.0, ""C"": 34.4951, ""M"": 99.8551, ""S"": 13.584}","{""F"": 0.98465878085257, ""C"": 0.8753249698097098, ""M"": 0.9823148556542667, ""S"": -5.026922613065328e-06}",2.2737123681817334e-06,0.0,0.0
1,0.5,F,0.05,0.9622564615152633,COMPENSATE,S1,False,1.0,6.6348966010212145,DIFFERENT_ACTION,"C,F,M,S","{""F"": 0.0, ""C"": 0.0, ""M"": 0.0, ""S"": 0.0}","{""F"": 0.9622564615152633, ""C"": 0.6592964824120603, ""M"": 0.9487437185929648, ""S"": -1.1881817085427134e-05}",2.8420085457974494e-06,0.0,0.0
1,0.5,F,0.05,0.9622564615152633,COMPENSATE,S1,True,2.0,6.6348966010212145,DISTINGUISHABLE,F,"{""F"": 0.0, ""C"": 151.3234, ""M"": 654.2377, ""S"": 49.0891}","{""F"": 0.9622564615152633, ""C"": 0.6879025026075044, ""M"": 0.9520122070574046, ""S"": -1.1934225933354526e-05}",0.0,0.0,0.0
1,0.5,F,0.05,0.9622564615152633,COMPENSATE,S2,False,2.0,6.6348966010212145,DIFFERENT_ACTION,"C,F,M,S","{""F"": 0.0, ""C"": 0.0, ""M"": 0.0, ""S"": 0.0}","{""F"": 0.9622564615152633, ""C"": 0.6592964824120603, ""M"": 0.9487437185929648, ""S"": -1.1881817085427134e-05}",2.8420085457974494e-06,0.0,0.0
1,0.5,F,0.05,0.9622564615152633,COMPENSATE,S2,True,4.0,11.344866730144373,DISTINGUISHABLE,F,"{""F"": 0.0, ""C"": 151.3266, ""M"": 654.2513, ""S"": 49.0901}","{""F"": 0.9622564615152633, ""C"": 0.687902514685412, ""M"": 0.9520122206365339, ""S"": -1.1934225933354526e-05}",0.0,0.0,0.0
1,0.5,F,0.05,0.9622564615152633,COMPENSATE,S3,False,3.0,9.21034037197618,DISTINGUISHABLE,F,"{""F"": 0.0, ""C"": 10.9723, ""M"": 269.4293, ""S"": 228.7175}","{""F"": 0.9622564615152633, ""C"": 0.6589629379100834, ""M"": 0.9514011005831767, ""S"": -1.1881817085427134e-05}",0.0,0.0,0.0
1,0.5,F,0.05,0.9622564615152633,COMPENSATE,S3,True,6.0,15.086272469388987,DISTINGUISHABLE,F,"{""F"": 0.0, ""C"": 173.8117, ""M"": 933.2344, ""S"": 287.1544}","{""F"": 0.9622564615152633, ""C"": 0.6875338472853105, ""M"": 0.9520409641933363, ""S"": -1.1934225933354526e-05}",0.0,0.0,0.0
1,0.5,F,0.05,0.9622564615152633,COMPENSATE,S4,False,7.0,16.811893829770927,DISTINGUISHABLE,F,"{""F"": 0.0, ""C"": 185.7948, ""M"": 325.9096, ""S"": 284.2336}","{""F"": 0.9622564615152633, ""C"": 0.6880621723945685, ""M"": 0.9514018670958355, ""S"": -1.1881817085427134e-05}",0.0,0.0,0.0
1,0.5,F,0.05,0.9622564615152633,COMPENSATE,S4,True,14.0,27.68824961045705,DISTINGUISHABLE,F,"{""F"": 0.0, ""C"": 340.3457, ""M"": 990.7502, ""S"": 343.7251}","{""F"": 0.9622564615152633, ""C"": 0.6885712139870788, ""M"": 0.9520417179238873, ""S"": -1.1934225933354526e-05}",0.0,0.0,0.0
1,0.5,F,0.1,0.9264433018901617,COMPENSATE,S1,False,1.0,6.6348966010212145,DIFFERENT_ACTION,"C,F,M,S","{""F"": 0.0, ""C"": 0.0, ""M"": 0.0, ""S"": 0.0}","{""F"": 0.9264433018901617, ""C"": 0.421105527638191, ""M"": 0.8974874371859296, ""S"": -2.307814472361809e-05}",5.683929148674178e-06,0.0,0.0
1,0.5,F,0.1,0.9264433018901617,COMPENSATE,S1,True,2.0,6.6348966010212145,DISTINGUISHABLE,F,"{""F"": 0.0, ""C"": 629.8685, ""M"": 2649.9063, ""S"": 179.3517}","{""F"": 0.9264433018901617, ""C"": 0.4414723475673548, ""M"": 0.9015933692628777, ""S"": -2.307814472361809e-05}",0.0,0.0,0.0
1,0.5,F,0.1,0.9264433018901617,COMPENSATE,S2,False,2.0,6.6348966010212145,DIFFERENT_ACTION,"C,F,M,S","{""F"": 0.0, ""C"": 0.0, ""M"": 0.0, ""S"": 0.0}","{""F"": 0.9264433018901617, ""C"": 0.421105527638191, ""M"": 0.8974874371859296, ""S"": -2.307814472361809e-05}",5.683929148674178e-06,0.0,0.0
1,0.5,F,0.1,0.9264433018901617,COMPENSATE,S2,True,4.0,11.344866730144373,DISTINGUISHABLE,F,"{""F"": 0.0, ""C"": 629.882, ""M"": 2649.9614, ""S"": 179.355}","{""F"": 0.9264433018901617, ""C"": 0.44147236826940883, ""M"": 0.9015933964636001, ""S"": -2.307814472361809e-05}",0.0,0.0,0.0
1,0.5,F,0.1,0.9264433018901617,COMPENSATE,S3,False,3.0,9.21034037197618,DISTINGUISHABLE,F,"{""F"": 0.0, ""C"": 693.599, ""M"": 2721.9863, ""S"": 2448.1158}","{""F"": 0.9264433018901617, ""C"": 0.41832394076033264, ""M"": 0.9004040101717811, ""S"": -2.307814472361809e-05}",0.0,0.0,0.0
1,0.5,F,0.1,0.9264433018901617,COMPENSATE,S3,True,6.0,15.086272469388987,DISTINGUISHABLE,F,"{""F"": 0.0, ""C"": 1370.3714, ""M"": 5408.2163, ""S"": 2664.1936}","{""F"": 0.9264433018901617, ""C"": 0.4192195764460378, ""M"": 0.9016854852818774, ""S"": -2.307814472361809e-05}",0.0,0.0,0.0
1,0.5,F,0.1,0.9264433018901617,COMPENSATE,S4,False,7.0,16.811893829770927,DISTINGUISHABLE,F,"{""F"": 0.0, ""C"": 1575.2043, ""M"": 3079.4291, ""S"": 2801.1961}","{""F"": 0.9264433018901617, ""C"": 0.4406210235441218, ""M"": 0.9004056847106048, ""S"": -2.307814472361809e-05}",0.0,0.0,0.0
1,0.5,F,0.1,0.9264433018901617,COMPENSATE,S4,True,14.0,27.68824961045705,DISTINGUISHABLE,F,"{""F"": 0.0, ""C"": 2218.3753, ""M"": 5769.5323, ""S"": 3021.2285}","{""F"": 0.9264433018901617, ""C"": 0.44150820551719483, ""M"": 0.9016871333734019, ""S"": -2.307814472361809e-05}",0.0,0.0,0.0
1,0.5,F,0.2,0.8599437208224789,REPAIR_FEED,S1,False,1.0,6.6348966010212145,DIFFERENT_ACTION,"F,M,S","{""F"": 0.0, ""C"": 129858.4954, ""M"": 0.0, ""S"": 0.0}","{""F"": 0.8599437208224789, ""C"": 0.4, ""M"": 0.7949748743718593, ""S"": -4.5470800000000005e-05}",3.404845443647871e-06,0.0,0.3333333333333333
1,0.5,F,0.2,0.8599437208224789,REPAIR_FEED,S1,True,2.0,6.6348966010212145,DISTINGUISHABLE,F,"{""F"": 0.0, ""C"": 131266.6642, ""M"": 10285.4382, ""S"": 596.4165}","{""F"": 0.8599437208224789, ""C"": 0.4, ""M"": 0.8010771660003736, ""S"": -4.5470800000000005e-05}",0.0,0.0,0.0
1,0.5,F,0.2,0.8599437208224789,REPAIR_FEED,S2,False,2.0,6.6348966010212145,DIFFERENT_ACTION,"F,M,S","{""F"": 0.0, ""C"": 129858.4954, ""M"": 0.0, ""S"": 0.0}","{""F"": 0.8599437208224789, ""C"": 0.4, ""M"": 0.7949748743718593, ""S"": -4.5470800000000005e-05}",3.404845443647871e-06,0.0,0.3333333333333333
1,0.5,F,0.2,0.8599437208224789,REPAIR_FEED,S2,True,4.0,11.344866730144373,DISTINGUISHABLE,F,"{""F"": 0.0, ""C"": 131266.6928, ""M"": 10285.6515, ""S"": 596.4273}","{""F"": 0.8599437208224789, ""C"": 0.4, ""M"": 0.8010772309633145, ""S"": -4.5470800000000005e-05}",0.0,0.0,0.0
1,0.5,F,0.2,0.8599437208224789,REPAIR_FEED,S3,False,3.0,9.21034037197618,DISTINGUISHABLE,F,"{""F"": 0.0, ""C"": 138157.9843, ""M"": 14808.3657, ""S"": 13469.024}","{""F"": 0.8599437208224789, ""C"": 0.4, ""M"": 0.7987964168918655, ""S"": -4.5470800000000005e-05}",0.0,0.0,0.0
1,0.5,F,0.2,0.8599437208224789,REPAIR_FEED,S3,True,6.0,15.086272469388987,DISTINGUISHABLE,F,"{""F"": 0.0, ""C"": 139640.2828, ""M"": 25231.8789, ""S"": 14207.3826}","{""F"": 0.8599437208224789, ""C"": 0.4, ""M"": 0.8012975472273572, ""S"": -4.5470800000000005e-05}",0.0,0.0,0.0
1,0.5,F,0.2,0.8599437208224789,REPAIR_FEED,S4,False,7.0,16.811893829770927,DISTINGUISHABLE,F,"{""F"": 0.0, ""C"": 140076.3204, ""M"": 16599.4161, ""S"": 15238.6682}","{""F"": 0.8599437208224789, ""C"": 0.4, ""M"": 0.7988003835860964, ""S"": -4.5470800000000005e-05}",0.0,0.0,0.0
1,0.5,F,0.2,0.8599437208224789,REPAIR_FEED,S4,True,14.0,27.68824961045705,DISTINGUISHABLE,F,"{""F"": 0.0, ""C"": 141566.1208, ""M"": 27036.5151, ""S"": 15990.9724}","{""F"": 0.8599437208224789, ""C"": 0.4, ""M"": 0.8013014573560683, ""S"": -4.5470800000000005e-05}",0.0,0.0,0.0
1,0.5,S,0.01,-2.2735364822820026e-06,RECALIBRATE,S1,False,1.0,6.6348966010212145,DIFFERENT_ACTION,"C,F,M,S","{""S"": 0.0, ""C"": 0.0, ""M"": 0.0, ""F"": 0.0}","{""S"": -2.2735364822820026e-06, ""C"": 0.9095477386934674, ""M"": 0.9879396984924623, ""F"": 0.990667623833453}",0.0,1.4957715335163404e-05,0.0
1,0.5,S,0.01,-2.2735364822820026e-06,RECALIBRATE,S1,True,2.0,6.6348966010212145,DIFFERENT_ACTION,"C,F,S","{""S"": 0.0, ""C"": 0.615, ""M"": 8.6448, ""F"": 1.188}","{""S"": -2.2735364822820026e-06, ""C"": 0.9448374362596975, ""M"": 0.9923879904822831, ""F"": 0.9942154514007586}",0.0,8.168879032202444e-06,0.0
1,0.5,S,0.01,-2.2735364822820026e-06,RECALIBRATE,S2,False,2.0,6.6348966010212145,DIFFERENT_ACTION,"C,F,M,S","{""S"": 0.0, ""C"": 0.0, ""M"": 0.0, ""F"": 0.0}","{""S"": -2.2735364822820026e-06, ""C"": 0.9095477386934674, ""M"": 0.9879396984924623, ""F"": 0.990667623833453}",0.0,1.4957715335163404e-05,0.0
1,0.5,S,0.01,-2.2735364822820026e-06,RECALIBRATE,S2,True,4.0,11.344866730144373,DIFFERENT_ACTION,"C,F,M,S","{""S"": 0.0, ""C"": 0.615, ""M"": 8.645, ""F"": 1.188}","{""S"": -2.2735364822820026e-06, ""C"": 0.9448374372126576, ""M"": 0.9923879920794475, ""F"": 0.9942154515446652}",0.0,9.18697279472466e-06,0.0
1,0.5,S,0.01,-2.2735364822820026e-06,RECALIBRATE,S3,False,3.0,9.21034037197618,DIFFERENT_ACTION,"C,F,M,S","{""S"": 0.0, ""C"": 0.0, ""M"": 0.0, ""F"": 0.0}","{""S"": -2.2735364822820026e-06, ""C"": 0.9095477386934674, ""M"": 0.9879396984924623, ""F"": 0.990667623833453}",0.0,1.4957715335163404e-05,0.0
1,0.5,S,0.01,-2.2735364822820026e-06,RECALIBRATE,S3,True,6.0,15.086272469388987,DIFFERENT_ACTION,"C,F,M,S","{""S"": 0.0, ""C"": 0.6618, ""M"": 8.6453, ""F"": 1.3999}","{""S"": -2.2735364822820026e-06, ""C"": 0.9448402429890381, ""M"": 0.992387995194794, ""F"": 0.9942168019496386}",0.0,9.186093696985937e-06,0.0
1,0.5,S,0.01,-2.2735364822820026e-06,RECALIBRATE,S4,False,7.0,16.811893829770927,DIFFERENT_ACTION,"C,F,M,S","{""S"": 0.0, ""C"": 0.0, ""M"": 0.0, ""F"": 0.0012}","{""S"": -2.2735364822820026e-06, ""C"": 0.9306532663316583, ""M"": 0.9879396984924623, ""F"": 0.994208131566113}",0.0,1.1830907271298237e-05,0.0
1,0.5,S,0.01,-2.2735364822820026e-06,RECALIBRATE,S4,True,14.0,27.68824961045705,DIFFERENT_ACTION,"C,F,M,S","{""S"": 0.0, ""C"": 0.6973, ""M"": 8.6453, ""F"": 1.4259}","{""S"": -2.2735364822820026e-06, ""C"": 0.9448423766051747, ""M"": 0.9923879953074182, ""F"": 0.9942171975669175}",0.0,9.185761407119524e-06,0.0
1,0.5,S,0.02,-4.547072964564005e-06,RECALIBRATE,S1,False,1.0,6.6348966010212145,DIFFERENT_ACTION,"C,F,M,S","{""S"": 0.0, ""C"": 0.0, ""M"": 0.0, ""F"": 0.0}","{""S"": -4.547072964564005e-06, ""C"": 0.8432160804020101, ""M"": 0.978894472361809, ""F"": 0.9827709978463748}",0.0,2.7086645342603525e-05,0.0
1,0.5,S,0.02,-4.547072964564005e-06,RECALIBRATE,S1,True,2.0,6.6348966010212145,DIFFERENT_ACTION,"C,F,S","{""S"": 0.0, ""C"": 3.4625, ""M"": 47.0458, ""F"": 6.3583}","{""S"": -4.547072964564005e-06, ""C"": 0.874860168922254, ""M"": 0.9822429966688119, ""F"": 0.9865752972419876}",0.0,1.9163229222840354e-05,0.0
1,0.5,S,0.02,-4.547072964564005e-06,RECALIBRATE,S2,False,2.0,6.6348966010212145,DIFFERENT_ACTION,"C,F,M,S","{""S"": 0.0, ""C"": 0.0, ""M"": 0.0, ""F"": 0.0}","{""S"": -4.547072964564005e-06, ""C"": 0.8432160804020101, ""M"": 0.978894472361809, ""F"": 0.9827709978463748}",0.0,2.7086645342603525e-05,0.0
1,0.5,S,0.02,-4.547072964564005e-06,RECALIBRATE,S2,True,4.0,11.344866730144373,DIFFERENT_ACTION,"C,F,S","{""S"": 0.0, ""C"": 3.4626, ""M"": 47.0469, ""F"": 6.3584}","{""S"": -4.547072964564005e-06, ""C"": 0.8748601710864531, ""M"": 0.9822430003916349, ""F"": 0.9865752975645381}",0.0,1.9163228812940088e-05,0.0
1,0.5,S,0.02,-4.547072964564005e-06,RECALIBRATE,S3,False,3.0,9.21034037197618,DIFFERENT_ACTION,"C,F,M,S","{""S"": 0.0, ""C"": 0.0, ""M"": 0.0, ""F"": 0.0}","{""S"": -4.547072964564005e-06, ""C"": 0.8432160804020101, ""M"": 0.978894472361809, ""F"": 0.9827709978463748}",0.0,2.7086645342603525e-05,0.0
1,0.5,S,0.02,-4.547072964564005e-06,RECALIBRATE,S3,True,6.0,15.086272469388987,DIFFERENT_ACTION,"C,F,S","{""S"": 0.0, ""C"": 3.7173, ""M"": 47.0489, ""F"": 7.4989}","{""S"": -4.547072964564005e-06, ""C"": 0.874866351129417, ""M"": 0.9822430076530075, ""F"": 0.9865783665056312}",0.0,1.9160513610980118e-05,0.0
1,0.5,S,0.02,-4.547072964564005e-06,RECALIBRATE,S4,False,7.0,16.811893829770927,DIFFERENT_ACTION,"C,F,M,S","{""S"": 0.0, ""C"": 4.1218, ""M"": 0.0, ""F"": 2.2698}","{""S"": -4.547072964564005e-06, ""C"": 0.8749977418757963, ""M"": 0.978894472361809, ""F"": 0.9865687443113351}",0.0,2.3035772264980614e-05,0.0
1,0.5,S,0.02,-4.547072964564005e-06,RECALIBRATE,S4,True,14.0,27.68824961045705,DIFFERENT_ACTION,"C,F,S","{""S"": 0.0, ""C"": 8.017, ""M"": 47.0489, ""F"": 9.891}","{""S"": -4.547072964564005e-06, ""C"": 0.8750946109102065, ""M"": 0.9822430079152737, ""F"": 0.9865891487367761}",0.0,1.913399567171553e-05,0.0
1,0.5,S,0.05,-1.1367682411410013e-05,RECALIBRATE,S1,False,1.0,6.6348966010212145,DIFFERENT_ACTION,"C,F,M,S","{""S"": 0.0, ""C"": 0.0, ""M"": 0.0, ""F"": 0.0}","{""S"": -1.1367682411410013e-05, ""C"": 0.6592964824120603, ""M"": 0.9487437185929648, ""F"": 0.9605168700646087}",0.0,6.609169413485875e-05,0.0
1,0.5,S,0.05,-1.1367682411410013e-05,RECALIBRATE,S1,True,2.0,6.6348966010212145,DISTINGUISHABLE,S,"{""S"": 0.0, ""C"": 28.0702, ""M"": 346.1576, ""F"": 44.4502}","{""S"": -1.1367682411410013e-05, ""C"": 0.6876029961074128, ""M"": 0.9518378362034386, ""F"": 0.9641375294410232}",0.0,0.0,0.0
1,0.5,S,0.05,-1.1367682411410013e-05,RECALIBRATE,S2,False,2.0,6.6348966010212145,DIFFERENT_ACTION,"C,F,M,S","{""S"": 0.0, ""C"": 0.0, ""M"": 0.0, ""F"": 0.0}","{""S"": -1.1367682411410013e-05, ""C"": 0.6592964824120603, ""M"": 0.9487437185929648, ""F"": 0.9605168700646087}",0.0,6.609169413485875e-05,0.0
1,0.5,S,0.05,-1.1367682411410013e-05,RECALIBRATE,S2,True,4.0,11.344866730144373,DISTINGUISHABLE,S,"{""S"": 0.0, ""C"": 28.0709, ""M"": 346.1651, ""F"": 44.4511}","{""S"": -1.1367682411410013e-05, ""C"": 0.6876030017234269, ""M"": 0.9518378462770323, ""F"": 0.9641375302152674}",0.0,0.0,0.0
1,0.5,S,0.05,-1.1367682411410013e-05,RECALIBRATE,S3,False,3.0,9.21034037197618,DIFFERENT_ACTION,"C,M,S","{""S"": 0.0, ""C"": 0.0, ""M"": 0.0, ""F"": 160.2714}","{""S"": -1.1367682411410013e-05, ""C"": 0.6592964824120603, ""M"": 0.9487437185929648, ""F"": 0.9644833882700746}",0.0,5.9347094464150145e-05,0.0
1,0.5,S,0.05,-1.1367682411410013e-05,RECALIBRATE,S3,True,6.0,15.086272469388987,DISTINGUISHABLE,S,"{""S"": 0.0, ""C"": 29.9371, ""M"": 346.1797, ""F"": 211.7445}","{""S"": -1.1367682411410013e-05, ""C"": 0.6876169789475883, ""M"": 0.9518378659230863, ""F"": 0.9645305884931205}",0.0,0.0,0.0
1,0.5,S,0.05,-1.1367682411410013e-05,RECALIBRATE,S4,False,7.0,16.811893829770927,DIFFERENT_ACTION,"M,S","{""S"": 0.0, ""C"": 105.9756, ""M"": 0.0, ""F"": 204.6033}","{""S"": -1.1367682411410013e-05, ""C"": 0.6884347657565199, ""M"": 0.9487437185929648, ""F"": 0.9645454931698683}",0.0,4.425253362513263e-05,0.0
1,0.5,S,0.05,-1.1367682411410013e-05,RECALIBRATE,S4,True,14.0,27.68824961045705,DISTINGUISHABLE,S,"{""S"": 0.0, ""C"": 137.0769, ""M"": 346.1802, ""F"": 256.8228}","{""S"": -1.1367682411410013e-05, ""C"": 0.6886838408724401, ""M"": 0.9518378666309791, ""F"": 0.9645933376448833}",0.0,0.0,0.0
1,0.5,S,0.1,-2.273536482282e-05,RECALIBRATE,S1,False,1.0,6.6348966010212145,DIFFERENT_ACTION,"C,F,M,S","{""S"": 0.0, ""C"": 0.0, ""M"": 0.0, ""F"": 0.0}","{""S"": -2.273536482282e-05, ""C"": 0.421105527638191, ""M"": 0.8974874371859296, ""F"": 0.9253409906676239}",0.0,0.00013655141100573807,0.0
1,0.5,S,0.1,-2.273536482282e-05,RECALIBRATE,S1,True,2.0,6.6348966010212145,DISTINGUISHABLE,S,"{""S"": 0.0, ""C"": 137.1917, ""M"": 1455.3443, ""F"": 171.1162}","{""S"": -2.273536482282e-05, ""C"": 0.44098666802127123, ""M"": 0.9012615937853539, ""F"": 0.9282608139431098}",0.0,0.0,0.0
1,0.5,S,0.1,-2.273536482282e-05,RECALIBRATE,S2,False,2.0,6.6348966010212145,DIFFERENT_ACTION,"C,F,M,S","{""S"": 0.0, ""C"": 0.0, ""M"": 0.0, ""F"": 0.0}","{""S"": -2.273536482282e-05, ""C"": 0.421105527638191, ""M"": 0.8974874371859296, ""F"": 0.9253409906676239}",0.0,0.00013655141100573807,0.0
1,0.5,S,0.1,-2.273536482282e-05,RECALIBRATE,S2,True,4.0,11.344866730144373,DISTINGUISHABLE,S,"{""S"": 0.0, ""C"": 137.1951, ""M"": 1455.3758, ""F"": 171.1194}","{""S"": -2.273536482282e-05, ""C"": 0.44098667841987316, ""M"": 0.9012616143551575, ""F"": 0.9282608152288091}",0.0,0.0,0.0
1,0.5,S,0.1,-2.273536482282e-05,RECALIBRATE,S3,False,3.0,9.21034037197618,DIFFERENT_ACTION,"C,M,S","{""S"": 0.0, ""C"": 1.6023, ""M"": 0.0, ""F"": 2024.0414}","{""S"": -2.273536482282e-05, ""C"": 0.4406323430678023, ""M"": 0.8974874371859296, ""F"": 0.9294314967137649}",0.0,0.0001225151951684975,0.0
1,0.5,S,0.1,-2.273536482282e-05,RECALIBRATE,S3,True,6.0,15.086272469388987,DISTINGUISHABLE,S,"{""S"": 0.0, ""C"": 146.5482, ""M"": 1455.4372, ""F"": 2220.9136}","{""S"": -2.273536482282e-05, ""C"": 0.4410771755425673, ""M"": 0.9012616544676163, ""F"": 0.9295123859771438}",0.0,0.0,0.0
1,0.5,S,0.1,-2.273536482282e-05,RECALIBRATE,S4,False,7.0,16.811893829770927,DIFFERENT_ACTION,"M,S","{""S"": 0.0, ""C"": 611.0379, ""M"": 0.0, ""F"": 2322.6607}","{""S"": -2.273536482282e-05, ""C"": 0.44249754972838745, ""M"": 0.8974874371859296, ""F"": 0.9295943057257375}",0.0,9.696159770297046e-05,0.0
1,0.5,S,0.1,-2.273536482282e-05,RECALIBRATE,S4,True,14.0,27.68824961045705,DISTINGUISHABLE,S,"{""S"": 0.0, ""C"": 760.4504, ""M"": 1455.4394, ""F"": 2522.2326}","{""S"": -2.273536482282e-05, ""C"": 0.4429546594488576, ""M"": 0.9012616559067059, ""F"": 0.9296763320373465}",0.0,0.0,0.0
1,0.5,S,0.2,-4.547072964564e-05,RECALIBRATE,S1,False,1.0,6.6348966010212145,DIFFERENT_ACTION,"F,M,S","{""S"": 0.0, ""C"": 129858.4954, ""M"": 0.0, ""F"": 0.0}","{""S"": -4.547072964564e-05, ""C"": 0.4, ""M"": 0.7949748743718593, ""F"": 0.8585786073223259}",0.0,0.00019999999999999996,0.6666666666666666
1,0.5,S,0.2,-4.547072964564e-05,RECALIBRATE,S1,True,2.0,6.6348966010212145,DISTINGUISHABLE,S,"{""S"": 0.0, ""C"": 130030.2085, ""M"": 5946.1289, ""F"": 583.9943}","{""S"": -4.547072964564e-05, ""C"": 0.4, ""M"": 0.8004776688260126, ""F"": 0.8616255559186828}",0.0,0.0,0.0
1,0.5,S,0.2,-4.547072964564e-05,RECALIBRATE,S2,False,2.0,6.6348966010212145,DIFFERENT_ACTION,"F,M,S","{""S"": 0.0, ""C"": 129858.4954, ""M"": 0.0, ""F"": 0.0}","{""S"": -4.547072964564e-05, ""C"": 0.4, ""M"": 0.7949748743718593, ""F"": 0.8585786073223259}",0.0,0.00019999999999999996,0.6666666666666666
1,0.5,S,0.2,-4.547072964564e-05,RECALIBRATE,S2,True,4.0,11.344866730144373,DISTINGUISHABLE,S,"{""S"": 0.0, ""C"": 130030.2128, ""M"": 5946.2577, ""F"": 584.0049}","{""S"": -4.547072964564e-05, ""C"": 0.4, ""M"": 0.8004777100594669, ""F"": 0.8616255575878942}",0.0,0.0,0.0
1,0.5,S,0.2,-4.547072964564e-05,RECALIBRATE,S3,False,3.0,9.21034037197618,DIFFERENT_ACTION,"M,S","{""S"": 0.0, ""C"": 129869.8194, ""M"": 0.0, ""F"": 11000.3002}","{""S"": -4.547072964564e-05, ""C"": 0.4, ""M"": 0.7949748743718593, ""F"": 0.8639063882205512}",0.0,0.00014999999999999996,0.5
1,0.5,S,0.2,-4.547072964564e-05,RECALIBRATE,S3,True,6.0,15.086272469388987,DISTINGUISHABLE,S,"{""S"": 0.0, ""C"": 130051.0365, ""M"": 5946.509, ""F"": 11682.7833}","{""S"": -4.547072964564e-05, ""C"": 0.4, ""M"": 0.8004777904487262, ""F"": 0.8640212826471585}",0.0,0.0,0.0
1,0.5,S,0.2,-4.547072964564e-05,RECALIBRATE,S4,False,7.0,16.811893829770927,DIFFERENT_ACTION,"M,S","{""S"": 0.0, ""C"": 130631.8763, ""M"": 0.0, ""F"": 12485.8124}","{""S"": -4.547072964564e-05, ""C"": 0.4, ""M"": 0.7949748743718593, ""F"": 0.8642283873118342}",0.0,0.00014999999999999996,0.5
1,0.5,S,0.2,-4.547072964564e-05,RECALIBRATE,S4,True,14.0,27.68824961045705,DISTINGUISHABLE,S,"{""S"": 0.0, ""C"": 130820.4122, ""M"": 5946.5179, ""F"": 13178.1193}","{""S"": -4.547072964564e-05, ""C"": 0.4, ""M"": 0.8004777933088958, ""F"": 0.8643451418721646}",0.0,0.0,0.0
1,2.0,C,0.01,0.9269169792220967,COMPENSATE,S1,False,1.0,6.6348966010212145,DIFFERENT_ACTION,"C,F,M,S","{""C"": 0.0, ""M"": 0.0, ""F"": 0.0, ""S"": 0.0}","{""C"": 0.9269169792220967, ""M"": 0.9819095477386934, ""F"": 0.9849246231155779, ""S"": -4.341433165829145e-06}",5.684720635204879e-07,0.0,0.0
1,2.0,C,0.01,0.9269169792220967,COMPENSATE,S1,True,2.0,6.6348966010212145,DIFFERENT_ACTION,"C,F,M,S","{""C"": 0.0, ""M"": 0.0, ""F"": 0.069, ""S"": 0.069}","{""C"": 0.9269169792220967, ""M"": 0.9972673185648876, ""F"": 1.0, ""S"": -2.5134613065326607e-06}",5.684720635204879e-07,0.0,0.0
1,2.0,C,0.01,0.9269169792220967,COMPENSATE,S2,False,2.0,6.6348966010212145,DIFFERENT_ACTION,"C,F,M,S","{""C"": 0.0, ""M"": 0.0, ""F"": 0.0, ""S"": 0.0}","{""C"": 0.9269169792220967, ""M"": 0.9819095477386934, ""F"": 0.9849246231155779, ""S"": -4.341433165829145e-06}",5.684720635204879e-07,0.0,0.0
1,2.0,C,0.01,0.9269169792220967,COMPENSATE,S2,True,4.0,11.344866730144373,DIFFERENT_ACTION,"C,F,M,S","{""C"": 0.0, ""M"": 0.0, ""F"": 0.069, ""S"": 0.069}","{""C"": 0.9269169792220967, ""M"": 0.9972673142817153, ""F"": 1.0, ""S"": -2.5134613065326607e-06}",5.684720635204879e-07,0.0,0.0
1,2.0,C,0.01,0.9269169792220967,COMPENSATE,S3,False,3.0,9.21034037197618,DIFFERENT_ACTION,"C,F,M,S","{""C"": 0.0, ""M"": 0.0, ""F"": 0.0, ""S"": 0.0}","{""C"": 0.9269169792220967, ""M"": 0.9819095477386934, ""F"": 0.9849246231155779, ""S"": -4.341433165829145e-06}",5.684720635204879e-07,0.0,0.0
1,2.0,C,0.01,0.9269169792220967,COMPENSATE,S3,True,6.0,15.086272469388987,DIFFERENT_ACTION,"C,F,M,S","{""C"": 0.0, ""M"": 0.0055, ""F"": 0.0742, ""S"": 0.0742}","{""C"": 0.9269169792220967, ""M"": 0.9972723471985857, ""F"": 1.0, ""S"": -2.5134613065326607e-06}",5.684720635204879e-07,0.0,0.0
1,2.0,C,0.01,0.9269169792220967,COMPENSATE,S4,False,7.0,16.811893829770927,DIFFERENT_ACTION,"C,F,M,S","{""C"": 0.0, ""M"": 0.0, ""F"": 0.0, ""S"": 0.0}","{""C"": 0.9269169792220967, ""M"": 0.9819095477386934, ""F"": 0.9849246231155779, ""S"": -4.341433165829145e-06}",5.684720635204879e-07,0.0,0.0
1,2.0,C,0.01,0.9269169792220967,COMPENSATE,S4,True,14.0,27.68824961045705,DIFFERENT_ACTION,"C,F,M,S","{""C"": 0.0, ""M"": 0.0094, ""F"": 0.0781, ""S"": 0.0781}","{""C"": 0.9269169792220967, ""M"": 0.9972725254380229, ""F"": 1.0, ""S"": -2.5134613065326607e-06}",5.684720635204879e-07,0.0,0.0
1,2.0,C,0.02,0.8578842707217273,COMPENSATE,S1,False,1.0,6.6348966010212145,DIFFERENT_ACTION,"C,F,M,S","{""C"": 0.0, ""M"": 0.0, ""F"": 0.0, ""S"": 0.0}","{""C"": 0.8578842707217273, ""M"": 0.9698492462311558, ""F"": 0.9777458722182341, ""S"": -6.626397989949747e-06}",1.1368561840910022e-06,0.0,0.0
1,2.0,C,0.02,0.8578842707217273,COMPENSATE,S1,True,2.0,6.6348966010212145,DIFFERENT_ACTION,"C,F,M,S","{""C"": 0.0, ""M"": 0.2012, ""F"": 0.8033, ""S"": 0.2852}","{""C"": 0.8578842707217273, ""M"": 0.9897979384056377, ""F"": 0.9923124115360186, ""S"": -5.483915577889446e-06}",1.1368561840910022e-06,0.0,0.0
1,2.0,C,0.02,0.8578842707217273,COMPENSATE,S2,False,2.0,6.6348966010212145,DIFFERENT_ACTION,"C,F,M,S","{""C"": 0.0, ""M"": 0.0, ""F"": 0.0, ""S"": 0.0}","{""C"": 0.8578842707217273, ""M"": 0.9698492462311558, ""F"": 0.9777458722182341, ""S"": -6.626397989949747e-06}",1.1368561840910022e-06,0.0,0.0
1,2.0,C,0.02,0.8578842707217273,COMPENSATE,S2,True,4.0,11.344866730144373,DIFFERENT_ACTION,"C,F,M,S","{""C"": 0.0, ""M"": 0.2012, ""F"": 0.8033, ""S"": 0.2852}","{""C"": 0.8578842707217273, ""M"": 0.9897979392977209, ""F"": 0.9923124120468082, ""S"": -5.483915577889446e-06}",1.1368561840910022e-06,0.0,0.0
1,2.0,C,0.02,0.8578842707217273,COMPENSATE,S3,False,3.0,9.21034037197618,DIFFERENT_ACTION,"C,F,M,S","{""C"": 0.0, ""M"": 0.0, ""F"": 0.0, ""S"": 0.0}","{""C"": 0.8578842707217273, ""M"": 0.9698492462311558, ""F"": 0.9777458722182341, ""S"": -6.626397989949747e-06}",1.1368561840910022e-06,0.0,0.0
1,2.0,C,0.02,0.8578842707217273,COMPENSATE,S3,True,6.0,15.086272469388987,DIFFERENT_ACTION,"C,F,M,S","{""C"": 0.0, ""M"": 0.224, ""F"": 0.8034, ""S"": 0.3061}","{""C"": 0.8578842707217273, ""M"": 0.9897980380479142, ""F"": 0.9923125137416884, ""S"": -5.483915577889446e-06}",1.1368561840910022e-06,0.0,0.0
1,2.0,C,0.02,0.8578842707217273,COMPENSATE,S4,False,7.0,16.811893829770927,DIFFERENT_ACTION,"C,F,M,S","{""C"": 0.0, ""M"": 0.0, ""F"": 0.0, ""S"": 0.0}","{""C"": 0.8578842707217273, ""M"": 0.9698492462311558, ""F"": 0.9777458722182341, ""S"": -6.626397989949747e-06}",1.1368561840910022e-06,0.0,0.0
1,2.0,C,0.02,0.8578842707217273,COMPENSATE,S4,True,14.0,27.68824961045705,DIFFERENT_ACTION,"C,F,M,S","{""C"": 0.0, ""M"": 0.2399, ""F"": 0.8127, ""S"": 0.3219}","{""C"": 0.8578842707217273, ""M"": 0.9897980415669633, ""F"": 0.9923123735140594, ""S"": -5.483915577889446e-06}",1.1368561840910022e-06,0.0,0.0
1,2.0,C,0.05,0.6731925672038667,COMPENSATE,S1,False,1.0,6.6348966010212145,DIFFERENT_ACTION,"C,F,M,S","{""C"": 0.0, ""M"": 0.0, ""F"": 0.0, ""S"": 0.0}","{""C"": 0.6731925672038667, ""M"": 0.9396984924623115, ""F"": 0.9554917444364681, ""S"": -1.3481292462311559e-05}",2.8420085458025045e-06,0.0,0.0
1,2.0,C,0.05,0.6731925672038667,COMPENSATE,S1,True,2.0,6.6348966010212145,DIFFERENT_ACTION,"C,M,S","{""C"": 0.0, ""M"": 6.3706, ""F"": 7.9094, ""S"": 1.9607}","{""C"": 0.6731925672038667, ""M"": 0.9592954611621722, ""F"": 0.9697159526120326, ""S"": -1.3024299497487435e-05}",3.7893447277366726e-06,0.0,0.0
1,2.0,C,0.05,0.6731925672038667,COMPENSATE,S2,False,2.0,6.6348966010212145,DIFFERENT_ACTION,"C,F,M,S","{""C"": 0.0, ""M"": 0.0, ""F"": 0.0, ""S"": 0.0}","{""C"": 0.6731925672038667, ""M"": 0.9396984924623115, ""F"": 0.9554917444364681, ""S"": -1.3481292462311559e-05}",2.8420085458025045e-06,0.0,0.0
1,2.0,C,0.05,0.6731925672038667,COMPENSATE,S2,True,4.0,11.344866730144373,DIFFERENT_ACTION,"C,F,M,S","{""C"": 0.0, ""M"": 6.3707, ""F"": 7.9096, ""S"": 1.9607}","{""C"": 0.6731925672038667, ""M"": 0.9592954664262217, ""F"": 0.9697159540492407, ""S"": -1.3024299497487435e-05}",2.8420085458025045e-06,0.0,0.0
1,2.0,C,0.05,0.6731925672038667,COMPENSATE,S3,False,3.0,9.21034037197618,DIFFERENT_ACTION,"C,F,M,S","{""C"": 0.0, ""M"": 0.0, ""F"": 0.0, ""S"": 0.0}","{""C"": 0.6731925672038667, ""M"": 0.9396984924623115, ""F"": 0.9554917444364681, ""S"": -1.3481292462311559e-05}",2.8420085458025045e-06,0.0,0.0
1,2.0,C,0.05,0.6731925672038667,COMPENSATE,S3,True,6.0,15.086272469388987,DIFFERENT_ACTION,"C,F,M,S","{""C"": 0.0, ""M"": 6.521, ""F"": 7.9691, ""S"": 2.0918}","{""C"": 0.6731925672038667, ""M"": 0.9592957201319134, ""F"": 0.9697186413820724, ""S"": -1.3024299497487435e-05}",2.8420085458025045e-06,0.0,0.0
1,2.0,C,0.05,0.6731925672038667,COMPENSATE,S4,False,7.0,16.811893829770927,DIFFERENT_ACTION,"C,F,M,S","{""C"": 0.0, ""M"": 0.4025, ""F"": 1.7014, ""S"": 0.3711}","{""C"": 0.6731925672038667, ""M"": 0.959043235097708, ""F"": 0.9696621114359607, ""S"": -1.3481292462311559e-05}",2.8420085458025045e-06,0.0,0.0
1,2.0,C,0.05,0.6731925672038667,COMPENSATE,S4,True,14.0,27.68824961045705,DIFFERENT_ACTION,"C,F,M,S","{""C"": 0.0, ""M"": 7.0231, ""F"": 9.7181, ""S"": 2.562}","{""C"": 0.6731925672038667, ""M"": 0.9592961393947385, ""F"": 0.9697359143765231, ""S"": -1.3024299497487435e-05}",2.8420085458025045e-06,0.0,0.0
1,2.0,C,0.1,0.4300994011421313,COMPENSATE,S1,False,1.0,6.6348966010212145,DIFFERENT_ACTION,"C,F,M,S","{""C"": 0.0, ""M"": 0.0, ""F"": 0.0, ""S"": 0.0}","{""C"": 0.4300994011421313, ""M"": 0.8884422110552763, ""F"": 0.9195979899497488, ""S"": -2.4906116582914575e-05}",5.683929148654988e-06,0.0,0.0
1,2.0,C,0.1,0.4300994011421313,COMPENSATE,S1,True,2.0,6.6348966010212145,DISTINGUISHABLE,C,"{""C"": 0.0, ""M"": 33.6757, ""F"": 36.6548, ""S"": 9.0984}","{""C"": 0.4300994011421313, ""M"": 0.9085410704233331, ""F"": 0.9335925006290943, ""S"": -2.0564683417085427e-05}",0.0,0.0,0.0
1,2.0,C,0.1,0.4300994011421313,COMPENSATE,S2,False,2.0,6.6348966010212145,DIFFERENT_ACTION,"C,F,M,S","{""C"": 0.0, ""M"": 0.0, ""F"": 0.0, ""S"": 0.0}","{""C"": 0.4300994011421313, ""M"": 0.8884422110552763, ""F"": 0.9195979899497488, ""S"": -2.4906116582914575e-05}",5.683929148654988e-06,0.0,0.0
1,2.0,C,0.1,0.4300994011421313,COMPENSATE,S2,True,4.0,11.344866730144373,DIFFERENT_ACTION,"C,S","{""C"": 0.0, ""M"": 33.6764, ""F"": 36.6556, ""S"": 9.0986}","{""C"": 0.4300994011421313, ""M"": 0.9085410825391858, ""F"": 0.9335925032530759, ""S"": -2.0564683417085427e-05}",1.1367858297309976e-05,0.0,0.0
1,2.0,C,0.1,0.4300994011421313,COMPENSATE,S3,False,3.0,9.21034037197618,DIFFERENT_ACTION,"C,F,M,S","{""C"": 0.0, ""M"": 0.0, ""F"": 0.0, ""S"": 0.0}","{""C"": 0.4300994011421313, ""M"": 0.8884422110552763, ""F"": 0.9195979899497488, ""S"": -2.4906116582914575e-05}",5.683929148654988e-06,0.0,0.0
1,2.0,C,0.1,0.4300994011421313,COMPENSATE,S3,True,6.0,15.086272469388987,DIFFERENT_ACTION,"C,S","{""C"": 0.0, ""M"": 34.2912, ""F"": 37.027, ""S"": 9.6257}","{""C"": 0.4300994011421313, ""M"": 0.9085415966065923, ""F"": 0.9335985872645021, ""S"": -2.0564683417085427e-05}",1.1367858297309976e-05,0.0,0.0
1,2.0,C,0.1,0.4300994011421313,COMPENSATE,S4,False,7.0,16.811893829770927,DIFFERENT_ACTION,"C,M,S","{""C"": 0.0, ""M"": 14.1695, ""F"": 25.5525, ""S"": 13.7113}","{""C"": 0.4300994011421313, ""M"": 0.9079656896920112, ""F"": 0.9335239709061404, ""S"": -2.4906116582914575e-05}",7.5785721982066505e-06,0.0,0.0
1,2.0,C,0.1,0.4300994011421313,COMPENSATE,S4,True,14.0,27.68824961045705,DIFFERENT_ACTION,"C,S","{""C"": 0.0, ""M"": 48.8596, ""F"": 62.7599, ""S"": 23.7357}","{""C"": 0.4300994011421313, ""M"": 0.9085443528431312, ""F"": 0.9336624413724912, ""S"": -2.0564683417085427e-05}",1.1367858297309976e-05,0.0,0.0
1,2.0,C,0.2,,,S1,False,,,UNREACHABLE,,,,,,
1,2.0,C,0.2,,,S1,True,,,UNREACHABLE,,,,,,
1,2.0,C,0.2,,,S2,False,,,UNREACHABLE,,,,,,
1,2.0,C,0.2,,,S2,True,,,UNREACHABLE,,,,,,
1,2.0,C,0.2,,,S3,False,,,UNREACHABLE,,,,,,
1,2.0,C,0.2,,,S3,True,,,UNREACHABLE,,,,,,
1,2.0,C,0.2,,,S4,False,,,UNREACHABLE,,,,,,
1,2.0,C,0.2,,,S4,True,,,UNREACHABLE,,,,,,
1,2.0,M,0.01,0.9897529008974665,COMPENSATE,S1,False,1.0,6.6348966010212145,DIFFERENT_ACTION,"C,F,M,S","{""M"": 0.0, ""C"": 0.0, ""F"": 0.0, ""S"": 0.0}","{""M"": 0.9897529008974665, ""C"": 0.8582914572864322, ""F"": 0.9849246231155779, ""S"": -4.341433165829145e-06}",5.684720635202982e-07,0.0,0.0
1,2.0,M,0.01,0.9897529008974665,COMPENSATE,S1,True,2.0,6.6348966010212145,DIFFERENT_ACTION,"C,F,M,S","{""M"": 0.0, ""C"": 0.203, ""F"": 0.9697, ""S"": 0.9697}","{""M"": 0.9897529008974665, ""C"": 0.8578008430391741, ""F"": 1.0, ""S"": -2.5134613065326607e-06}",5.684720635202982e-07,0.0,0.0
1,2.0,M,0.01,0.9897529008974665,COMPENSATE,S2,False,2.0,6.6348966010212145,DIFFERENT_ACTION,"C,F,M,S","{""M"": 0.0, ""C"": 0.0, ""F"": 0.0, ""S"": 0.0}","{""M"": 0.9897529008974665, ""C"": 0.8582914572864322, ""F"": 0.9849246231155779, ""S"": -4.341433165829145e-06}",5.684720635202982e-07,0.0,0.0
1,2.0,M,0.01,0.9897529008974665,COMPENSATE,S2,True,4.0,11.344866730144373,DIFFERENT_ACTION,"C,F,M,S","{""M"": 0.0, ""C"": 0.203, ""F"": 0.9698, ""S"": 0.9698}","{""M"": 0.9897529008974665, ""C"": 0.8578008412571106, ""F"": 1.0, ""S"": -2.5134613065326607e-06}",5.684720635202982e-07,0.0,0.0
1,2.0,M,0.01,0.9897529008974665,COMPENSATE,S3,False,3.0,9.21034037197618,DIFFERENT_ACTION,"C,F,M,S","{""M"": 0.0, ""C"": 0.0, ""F"": 0.0, ""S"": 0.0}","{""M"": 0.9897529008974665, ""C"": 0.8582914572864322, ""F"": 0.9849246231155779, ""S"": -4.341433165829145e-06}",5.684720635202982e-07,0.0,0.0
1,2.0,M,0.01,0.9897529008974665,COMPENSATE,S3,True,6.0,15.086272469388987,DIFFERENT_ACTION,"C,F,M,S","{""M"": 0.0, ""C"": 0.2257, ""F"": 0.9698, ""S"": 0.9698}","{""M"": 0.9897529008974665, ""C"": 0.8578081217980436, ""F"": 1.0, ""S"": -2.5134613065326607e-06}",5.684720635202982e-07,0.0,0.0
1,2.0,M,0.01,0.9897529008974665,COMPENSATE,S4,False,7.0,16.811893829770927,DIFFERENT_ACTION,"C,F,M,S","{""M"": 0.0, ""C"": 0.0, ""F"": 0.0, ""S"": 0.0}","{""M"": 0.9897529008974665, ""C"": 0.8582914572864322, ""F"": 0.9849246231155779, ""S"": -4.341433165829145e-06}",5.684720635202982e-07,0.0,0.0
1,2.0,M,0.01,0.9897529008974665,COMPENSATE,S4,True,14.0,27.68824961045705,DIFFERENT_ACTION,"C,F,M,S","{""M"": 0.0, ""C"": 0.2416, ""F"": 0.9698, ""S"": 0.9698}","{""M"": 0.9897529008974665, ""C"": 0.8578134271847776, ""F"": 1.0, ""S"": -2.5134613065326607e-06}",5.684720635202982e-07,0.0,0.0
1,2.0,M,0.02,0.9795110065961382,COMPENSATE,S1,False,1.0,6.6348966010212145,DIFFERENT_ACTION,"C,F,M,S","{""M"": 0.0, ""C"": 0.0, ""F"": 0.0, ""S"": 0.0}","{""M"": 0.9795110065961382, ""C"": 0.7949748743718593, ""F"": 0.9777458722182341, ""S"": -6.626397989949747e-06}",1.136856184089552e-06,0.0,0.0
1,2.0,M,0.02,0.9795110065961382,COMPENSATE,S1,True,2.0,6.6348966010212145,DIFFERENT_ACTION,"C,F,M,S","{""M"": 0.0, ""C"": 1.3326, ""F"": 5.4305, ""S"": 3.8773}","{""M"": 0.9795110065961382, ""C"": 0.7925006430019843, ""F"": 0.9923519607848834, ""S"": -5.483915577889446e-06}",1.136856184089552e-06,0.0,0.0
1,2.0,M,0.02,0.9795110065961382,COMPENSATE,S2,False,2.0,6.6348966010212145,DIFFERENT_ACTION,"C,F,M,S","{""M"": 0.0, ""C"": 0.0, ""F"": 0.0, ""S"": 0.0}","{""M"": 0.9795110065961382, ""C"": 0.7949748743718593, ""F"": 0.9777458722182341, ""S"": -6.626397989949747e-06}",1.136856184089552e-06,0.0,0.0
1,2.0,M,0.02,0.9795110065961382,COMPENSATE,S2,True,4.0,11.344866730144373,DIFFERENT_ACTION,"C,F,M,S","{""M"": 0.0, ""C"": 1.3327, ""F"": 5.4306, ""S"": 3.8773}","{""M"": 0.9795110065961382, ""C"": 0.7925006383996415, ""F"": 0.9923519620796704, ""S"": -5.483915577889446e-06}",1.136856184089552e-06,0.0,0.0
1,2.0,M,0.02,0.9795110065961382,COMPENSATE,S3,False,3.0,9.21034037197618,DIFFERENT_ACTION,"C,F,M,S","{""M"": 0.0, ""C"": 0.0, ""F"": 0.0, ""S"": 0.0}","{""M"": 0.9795110065961382, ""C"": 0.7949748743718593, ""F"": 0.9777458722182341, ""S"": -6.626397989949747e-06}",1.136856184089552e-06,0.0,0.0
1,2.0,M,0.02,0.9795110065961382,COMPENSATE,S3,True,6.0,15.086272469388987,DIFFERENT_ACTION,"C,F,M,S","{""M"": 0.0, ""C"": 1.3852, ""F"": 5.4578, ""S"": 3.8775}","{""M"": 0.9795110065961382, ""C"": 0.7925110594620218, ""F"": 0.9923538893790187, ""S"": -5.483915577889446e-06}",1.136856184089552e-06,0.0,0.0
1,2.0,M,0.02,0.9795110065961382,COMPENSATE,S4,False,7.0,16.811893829770927,DIFFERENT_ACTION,"C,F,M,S","{""M"": 0.0, ""C"": 0.0, ""F"": 0.0, ""S"": 0.0}","{""M"": 0.9795110065961382, ""C"": 0.7949748743718593, ""F"": 0.9777458722182341, ""S"": -6.626397989949747e-06}",1.136856184089552e-06,0.0,0.0
1,2.0,M,0.02,0.9795110065961382,COMPENSATE,S4,True,14.0,27.68824961045705,DIFFERENT_ACTION,"C,F,M,S","{""M"": 0.0, ""C"": 1.421, ""F"": 5.4606, ""S"": 3.8775}","{""M"": 0.9795110065961382, ""C"": 0.7925185856297468, ""F"": 0.992354097658856, ""S"": -5.483915577889446e-06}",1.136856184089552e-06,0.0,0.0
1,2.0,M,0.05,0.9488164842195013,COMPENSATE,S1,False,1.0,6.6348966010212145,DIFFERENT_ACTION,"C,F,M,S","{""M"": 0.0, ""C"": 0.0, ""F"": 0.0, ""S"": 0.0}","{""M"": 0.9488164842195013, ""C"": 0.6201005025125628, ""F"": 0.9554917444364681, ""S"": -1.3481292462311559e-05}",2.84200854581109e-06,0.0,0.0
1,2.0,M,0.05,0.9488164842195013,COMPENSATE,S1,True,2.0,6.6348966010212145,DISTINGUISHABLE,M,"{""M"": 0.0, ""C"": 10.3169, ""F"": 40.063, ""S"": 24.2011}","{""M"": 0.9488164842195013, ""C"": 0.617983755805749, ""F"": 0.9698050305813605, ""S"": -1.3024299497487435e-05}",0.0,0.0,0.0
1,2.0,M,0.05,0.9488164842195013,COMPENSATE,S2,False,2.0,6.6348966010212145,DIFFERENT_ACTION,"C,F,M,S","{""M"": 0.0, ""C"": 0.0, ""F"": 0.0, ""S"": 0.0}","{""M"": 0.9488164842195013, ""C"": 0.6201005025125628, ""F"": 0.9554917444364681, ""S"": -1.3481292462311559e-05}",2.84200854581109e-06,0.0,0.0
1,2.0,M,0.05,0.9488164842195013,COMPENSATE,S2,True,4.0,11.344866730144373,SAME_ACTION,"C,M","{""M"": 0.0, ""C"": 10.3171, ""F"": 40.0639, ""S"": 24.2016}","{""M"": 0.9488164842195013, ""C"": 0.6179837440106515, ""F"": 0.9698050337724029, ""S"": -1.3024299497487435e-05}",0.0,0.0,0.0
1,2.0,M,0.05,0.9488164842195013,COMPENSATE,S3,False,3.0,9.21034037197618,DIFFERENT_ACTION,"C,F,M,S","{""M"": 0.0, ""C"": 0.0, ""F"": 0.0, ""S"": 0.0}","{""M"": 0.9488164842195013, ""C"": 0.6201005025125628, ""F"": 0.9554917444364681, ""S"": -1.3481292462311559e-05}",2.84200854581109e-06,0.0,0.0
1,2.0,M,0.05,0.9488164842195013,COMPENSATE,S3,True,6.0,15.086272469388987,SAME_ACTION,"C,M","{""M"": 0.0, ""C"": 10.5322, ""F"": 40.4633, ""S"": 24.2027}","{""M"": 0.9488164842195013, ""C"": 0.6180013017731729, ""F"": 0.9698119535561053, ""S"": -1.3024299497487435e-05}",0.0,0.0,0.0
1,2.0,M,0.05,0.9488164842195013,COMPENSATE,S4,False,7.0,16.811893829770927,DIFFERENT_ACTION,"C,F,M,S","{""M"": 0.0, ""C"": 0.0214, ""F"": 0.1252, ""S"": 0.0}","{""M"": 0.9488164842195013, ""C"": 0.7312527009994431, ""F"": 0.9696540190681743, ""S"": -1.3481292462311559e-05}",2.84200854581109e-06,0.0,0.0
1,2.0,M,0.05,0.9488164842195013,COMPENSATE,S4,True,14.0,27.68824961045705,DIFFERENT_ACTION,"C,M,S","{""M"": 0.0, ""C"": 12.6039, ""F"": 40.6247, ""S"": 24.2027}","{""M"": 0.9488164842195013, ""C"": 0.618481066336652, ""F"": 0.969821768579343, ""S"": -1.3024299497487435e-05}",3.78934472774812e-06,0.0,0.0
1,2.0,M,0.1,0.8977624078487472,COMPENSATE,S1,False,1.0,6.6348966010212145,DIFFERENT_ACTION,"C,F,M,S","{""M"": 0.0, ""C"": 0.0, ""F"": 0.0, ""S"": 0.0}","{""M"": 0.8977624078487472, ""C"": 0.4, ""F"": 0.9195979899497488, ""S"": -2.4906116582914575e-05}",5.6839291486550014e-06,0.0,0.0
1,2.0,M,0.1,0.8977624078487472,COMPENSATE,S1,True,2.0,6.6348966010212145,DISTINGUISHABLE,M,"{""M"": 0.0, ""C"": 42.9314, ""F"": 165.4535, ""S"": 96.5933}","{""M"": 0.8977624078487472, ""C"": 0.4, ""F"": 0.933741565809351, ""S"": -2.0564683417085427e-05}",0.0,0.0,0.0
1,2.0,M,0.1,0.8977624078487472,COMPENSATE,S2,False,2.0,6.6348966010212145,DIFFERENT_ACTION,"C,F,M,S","{""M"": 0.0, ""C"": 0.0, ""F"": 0.0, ""S"": 0.0}","{""M"": 0.8977624078487472, ""C"": 0.4, ""F"": 0.9195979899497488, ""S"": -2.4906116582914575e-05}",5.6839291486550014e-06,0.0,0.0
1,2.0,M,0.1,0.8977624078487472,COMPENSATE,S2,True,4.0,11.344866730144373,DISTINGUISHABLE,M,"{""M"": 0.0, ""C"": 42.9323, ""F"": 165.457, ""S"": 96.5954}","{""M"": 0.8977624078487472, ""C"": 0.4, ""F"": 0.9337415713279348, ""S"": -2.0564683417085427e-05}",0.0,0.0,0.0
1,2.0,M,0.1,0.8977624078487472,COMPENSATE,S3,False,3.0,9.21034037197618,DIFFERENT_ACTION,"C,F,M,S","{""M"": 0.0, ""C"": 0.0, ""F"": 0.0, ""S"": 0.0}","{""M"": 0.8977624078487472, ""C"": 0.4, ""F"": 0.9195979899497488, ""S"": -2.4906116582914575e-05}",5.6839291486550014e-06,0.0,0.0
1,2.0,M,0.1,0.8977624078487472,COMPENSATE,S3,True,6.0,15.086272469388987,DISTINGUISHABLE,M,"{""M"": 0.0, ""C"": 43.627, ""F"": 167.357, ""S"": 96.5995}","{""M"": 0.8977624078487472, ""C"": 0.4, ""F"": 0.9337551568195807, ""S"": -2.0564683417085427e-05}",0.0,0.0,0.0
1,2.0,M,0.1,0.8977624078487472,COMPENSATE,S4,False,7.0,16.811893829770927,DIFFERENT_ACTION,"C,F,M,S","{""M"": 0.0, ""C"": 10.996, ""F"": 4.1402, ""S"": 0.0}","{""M"": 0.8977624078487472, ""C"": 0.47385267371778034, ""F"": 0.9335069791570918, ""S"": -2.4906116582914575e-05}",5.6839291486550014e-06,0.0,0.0
1,2.0,M,0.1,0.8977624078487472,COMPENSATE,S4,True,14.0,27.68824961045705,DISTINGUISHABLE,M,"{""M"": 0.0, ""C"": 62.9321, ""F"": 171.6394, ""S"": 96.5997}","{""M"": 0.8977624078487472, ""C"": 0.4516078511420268, ""F"": 0.9338032241101862, ""S"": -2.0564683417085427e-05}",0.0,0.0,0.0
1,2.0,M,0.2,0.796039206512023,SERVICE_MEMBRANE,S1,False,1.0,6.6348966010212145,DIFFERENT_ACTION,"F,M,S","{""M"": 0.0, ""C"": 6821.0603, ""F"": 0.0, ""S"": 0.0}","{""M"": 0.796039206512023, ""C"": 0.4, ""F"": 0.8571428571428572, ""S"": -4.5470800000000005e-05}",1.0156751231628615e-05,0.0,0.3333333333333333
1,2.0,M,0.2,0.796039206512023,SERVICE_MEMBRANE,S1,True,2.0,6.6348966010212145,DISTINGUISHABLE,M,"{""M"": 0.0, ""C"": 7087.9783, ""F"": 648.2394, ""S"": 384.6937}","{""M"": 0.796039206512023, ""C"": 0.4, ""F"": 0.8667240283042406, ""S"": -4.5470800000000005e-05}",0.0,0.0,0.0
1,2.0,M,0.2,0.796039206512023,SERVICE_MEMBRANE,S2,False,2.0,6.6348966010212145,DIFFERENT_ACTION,"F,M,S","{""M"": 0.0, ""C"": 6821.0603, ""F"": 0.0, ""S"": 0.0}","{""M"": 0.796039206512023, ""C"": 0.4, ""F"": 0.8571428571428572, ""S"": -4.5470800000000005e-05}",1.0156751231628615e-05,0.0,0.3333333333333333
1,2.0,M,0.2,0.796039206512023,SERVICE_MEMBRANE,S2,True,4.0,11.344866730144373,DISTINGUISHABLE,M,"{""M"": 0.0, ""C"": 7087.984, ""F"": 648.253, ""S"": 384.7021}","{""M"": 0.796039206512023, ""C"": 0.4, ""F"": 0.8667240361008657, ""S"": -4.5470800000000005e-05}",0.0,0.0,0.0
1,2.0,M,0.2,0.796039206512023,SERVICE_MEMBRANE,S3,False,3.0,9.21034037197618,DIFFERENT_ACTION,"M,S","{""M"": 0.0, ""C"": 6821.0603, ""F"": 133.2317, ""S"": 0.0}","{""M"": 0.796039206512023, ""C"": 0.4, ""F"": 0.8673664547724954, ""S"": -4.5470800000000005e-05}",7.617563423721461e-06,0.0,0.0
1,2.0,M,0.2,0.796039206512023,SERVICE_MEMBRANE,S3,True,6.0,15.086272469388987,DISTINGUISHABLE,M,"{""M"": 0.0, ""C"": 7088.787, ""F"": 786.8855, ""S"": 384.7184}","{""M"": 0.796039206512023, ""C"": 0.4, ""F"": 0.8677948277162222, ""S"": -4.5470800000000005e-05}",0.0,0.0,0.0
1,2.0,M,0.2,0.796039206512023,SERVICE_MEMBRANE,S4,False,7.0,16.811893829770927,DIFFERENT_ACTION,"M,S","{""M"": 0.0, ""C"": 6841.5199, ""F"": 171.0479, ""S"": 0.0}","{""M"": 0.796039206512023, ""C"": 0.4, ""F"": 0.8675499926854806, ""S"": -4.5470800000000005e-05}",7.617563423721461e-06,0.0,0.0
1,2.0,M,0.2,0.796039206512023,SERVICE_MEMBRANE,S4,True,14.0,27.68824961045705,DISTINGUISHABLE,M,"{""M"": 0.0, ""C"": 7109.7117, ""F"": 825.0679, ""S"": 384.719}","{""M"": 0.796039206512023, ""C"": 0.4, ""F"": 0.8679796649289231, ""S"": -4.5470800000000005e-05}",0.0,0.0,0.0
1,2.0,F,0.01,0.992287687607279,COMPENSATE,S1,False,1.0,6.6348966010212145,DIFFERENT_ACTION,"C,F,M,S","{""F"": 0.0, ""C"": 0.0, ""M"": 0.0, ""S"": 0.0}","{""F"": 0.992287687607279, ""C"": 0.8582914572864322, ""M"": 0.9819095477386934, ""S"": -4.341433165829145e-06}",5.684720635204676e-07,0.0,0.0
1,2.0,F,0.01,0.992287687607279,COMPENSATE,S1,True,2.0,6.6348966010212145,DIFFERENT_ACTION,"C,F,M,S","{""F"": 0.0, ""C"": 0.1316, ""M"": 0.1316, ""S"": 0.1316}","{""F"": 0.992287687607279, ""C"": 1.0, ""M"": 1.0, ""S"": -3.8844402010050204e-06}",5.684720635204676e-07,0.0,0.0
1,2.0,F,0.01,0.992287687607279,COMPENSATE,S2,False,2.0,6.6348966010212145,DIFFERENT_ACTION,"C,F,M,S","{""F"": 0.0, ""C"": 0.0, ""M"": 0.0, ""S"": 0.0}","{""F"": 0.992287687607279, ""C"": 0.8582914572864322, ""M"": 0.9819095477386934, ""S"": -4.341433165829145e-06}",5.684720635204676e-07,0.0,0.0
1,2.0,F,0.01,0.992287687607279,COMPENSATE,S2,True,4.0,11.344866730144373,DIFFERENT_ACTION,"C,F,M,S","{""F"": 0.0, ""C"": 0.1316, ""M"": 0.1316, ""S"": 0.1316}","{""F"": 0.992287687607279, ""C"": 1.0, ""M"": 1.0, ""S"": -3.8844402010050204e-06}",5.684720635204676e-07,0.0,0.0
1,2.0,F,0.01,0.992287687607279,COMPENSATE,S3,False,3.0,9.21034037197618,DIFFERENT_ACTION,"C,F,M,S","{""F"": 0.0, ""C"": 0.0, ""M"": 0.0, ""S"": 0.0}","{""F"": 0.992287687607279, ""C"": 0.8582914572864322, ""M"": 0.9819095477386934, ""S"": -4.341433165829145e-06}",5.684720635204676e-07,0.0,0.0
1,2.0,F,0.01,0.992287687607279,COMPENSATE,S3,True,6.0,15.086272469388987,DIFFERENT_ACTION,"C,F,M,S","{""F"": 0.0, ""C"": 0.1553, ""M"": 0.1553, ""S"": 0.1553}","{""F"": 0.992287687607279, ""C"": 1.0, ""M"": 1.0, ""S"": -3.8844402010050204e-06}",5.684720635204676e-07,0.0,0.0
1,2.0,F,0.01,0.992287687607279,COMPENSATE,S4,False,7.0,16.811893829770927,DIFFERENT_ACTION,"C,F,M,S","{""F"": 0.0, ""C"": 0.0, ""M"": 0.0, ""S"": 0.0}","{""F"": 0.992287687607279, ""C"": 0.8582914572864322, ""M"": 0.9819095477386934, ""S"": -4.341433165829145e-06}",5.684720635204676e-07,0.0,0.0
1,2.0,F,0.01,0.992287687607279,COMPENSATE,S4,True,14.0,27.68824961045705,DIFFERENT_ACTION,"C,F,M,S","{""F"": 0.0, ""C"": 0.1581, ""M"": 0.1581, ""S"": 0.1581}","{""F"": 0.992287687607279, ""C"": 1.0, ""M"": 1.0, ""S"": -3.8844402010050204e-06}",5.684720635204676e-07,0.0,0.0
1,2.0,F,0.02,0.98465878085257,COMPENSATE,S1,False,1.0,6.6348966010212145,DIFFERENT_ACTION,"C,F,M,S","{""F"": 0.0, ""C"": 0.0, ""M"": 0.0, ""S"": 0.0}","{""F"": 0.98465878085257, ""C"": 0.7949748743718593, ""M"": 0.9698492462311558, ""S"": -6.626397989949747e-06}",1.1368561840908667e-06,0.0,0.0
1,2.0,F,0.02,0.98465878085257,COMPENSATE,S1,True,2.0,6.6348966010212145,DIFFERENT_ACTION,"C,F,M,S","{""F"": 0.0, ""C"": 0.9635, ""M"": 2.8761, ""S"": 0.5175}","{""F"": 0.98465878085257, ""C"": 0.9271032030637135, ""M"": 0.9899231459708865, ""S"": -6.626397989949747e-06}",1.1368561840908667e-06,0.0,0.0
1,2.0,F,0.02,0.98465878085257,COMPENSATE,S2,False,2.0,6.6348966010212145,DIFFERENT_ACTION,"C,F,M,S","{""F"": 0.0, ""C"": 0.0, ""M"": 0.0, ""S"": 0.0}","{""F"": 0.98465878085257, ""C"": 0.7949748743718593, ""M"": 0.9698492462311558, ""S"": -6.626397989949747e-06}",1.1368561840908667e-06,0.0,0.0
1,2.0,F,0.02,0.98465878085257,COMPENSATE,S2,True,4.0,11.344866730144373,DIFFERENT_ACTION,"C,F,M,S","{""F"": 0.0, ""C"": 0.9636, ""M"": 2.8761, ""S"": 0.5175}","{""F"": 0.98465878085257, ""C"": 0.9271032072828815, ""M"": 0.9899231495494285, ""S"": -6.626397989949747e-06}",1.1368561840908667e-06,0.0,0.0
1,2.0,F,0.02,0.98465878085257,COMPENSATE,S3,False,3.0,9.21034037197618,DIFFERENT_ACTION,"C,F,M,S","{""F"": 0.0, ""C"": 0.0, ""M"": 0.0, ""S"": 0.0}","{""F"": 0.98465878085257, ""C"": 0.7949748743718593, ""M"": 0.9698492462311558, ""S"": -6.626397989949747e-06}",1.1368561840908667e-06,0.0,0.0
1,2.0,F,0.02,0.98465878085257,COMPENSATE,S3,True,6.0,15.086272469388987,DIFFERENT_ACTION,"C,F,M,S","{""F"": 0.0, ""C"": 1.0187, ""M"": 2.9746, ""S"": 0.612}","{""F"": 0.98465878085257, ""C"": 0.9270910933277217, ""M"": 0.9899233557310464, ""S"": -6.626397989949747e-06}",1.1368561840908667e-06,0.0,0.0
1,2.0,F,0.02,0.98465878085257,COMPENSATE,S4,False,7.0,16.811893829770927,DIFFERENT_ACTION,"C,F,M,S","{""F"": 0.0, ""C"": 0.0, ""M"": 0.0, ""S"": 0.0}","{""F"": 0.98465878085257, ""C"": 0.7949748743718593, ""M"": 0.9698492462311558, ""S"": -6.626397989949747e-06}",1.1368561840908667e-06,0.0,0.0
1,2.0,F,0.02,0.98465878085257,COMPENSATE,S4,True,14.0,27.68824961045705,DIFFERENT_ACTION,"C,F,M,S","{""F"": 0.0, ""C"": 1.0244, ""M"": 2.9855, ""S"": 0.6229}","{""F"": 0.98465878085257, ""C"": 0.9270906362128019, ""M"": 0.9899233545751002, ""S"": -6.626397989949747e-06}",1.1368561840908667e-06,0.0,0.0
1,2.0,F,0.05,0.9622564615152633,COMPENSATE,S1,False,1.0,6.6348966010212145,DIFFERENT_ACTION,"C,F,M,S","{""F"": 0.0, ""C"": 0.0, ""M"": 0.0, ""S"": 0.0}","{""F"": 0.9622564615152633, ""C"": 0.6201005025125628, ""M"": 0.9396984924623115, ""S"": -1.3481292462311559e-05}",2.8420085457974494e-06,0.0,0.0
1,2.0,F,0.05,0.9622564615152633,COMPENSATE,S1,True,2.0,6.6348966010212145,DIFFERENT_ACTION,"F,S","{""F"": 0.0, ""C"": 8.1414, ""M"": 32.0438, ""S"": 3.0681}","{""F"": 0.9622564615152633, ""C"": 0.731699447632204, ""M"": 0.959609442258893, ""S"": -1.2795803015075376e-05}",5.684017091594899e-06,0.0,0.0
1,2.0,F,0.05,0.9622564615152633,COMPENSATE,S2,False,2.0,6.6348966010212145,DIFFERENT_ACTION,"C,F,M,S","{""F"": 0.0, ""C"": 0.0, ""M"": 0.0, ""S"": 0.0}","{""F"": 0.9622564615152633, ""C"": 0.6201005025125628, ""M"": 0.9396984924623115, ""S"": -1.3481292462311559e-05}",2.8420085457974494e-06,0.0,0.0
1,2.0,F,0.05,0.9622564615152633,COMPENSATE,S2,True,4.0,11.344866730144373,DIFFERENT_ACTION,"C,F,S","{""F"": 0.0, ""C"": 8.1416, ""M"": 32.0444, ""S"": 3.0681}","{""F"": 0.9622564615152633, ""C"": 0.7316994590350036, ""M"": 0.9596094542575682, ""S"": -1.2795803015075376e-05}",3.7893447277299324e-06,0.0,0.0
1,2.0,F,0.05,0.9622564615152633,COMPENSATE,S3,False,3.0,9.21034037197618,DIFFERENT_ACTION,"C,F,M,S","{""F"": 0.0, ""C"": 0.0, ""M"": 0.0, ""S"": 0.0}","{""F"": 0.9622564615152633, ""C"": 0.6201005025125628, ""M"": 0.9396984924623115, ""S"": -1.3481292462311559e-05}",2.8420085457974494e-06,0.0,0.0
1,2.0,F,0.05,0.9622564615152633,COMPENSATE,S3,True,6.0,15.086272469388987,DIFFERENT_ACTION,"C,F,S","{""F"": 0.0, ""C"": 8.3639, ""M"": 32.6687, ""S"": 3.6523}","{""F"": 0.9622564615152633, ""C"": 0.7316788880725386, ""M"": 0.9596099778457521, ""S"": -1.2795803015075376e-05}",3.7893447277299324e-06,0.0,0.0
1,2.0,F,0.05,0.9622564615152633,COMPENSATE,S4,False,7.0,16.811893829770927,DIFFERENT_ACTION,"C,F,M,S","{""F"": 0.0, ""C"": 1.0776, ""M"": 0.5964, ""S"": 0.6289}","{""F"": 0.9622564615152633, ""C"": 0.7315726221261045, ""M"": 0.9385950579906457, ""S"": -1.3481292462311559e-05}",2.8420085457974494e-06,0.0,0.0
1,2.0,F,0.05,0.9622564615152633,COMPENSATE,S4,True,14.0,27.68824961045705,DIFFERENT_ACTION,"C,F,S","{""F"": 0.0, ""C"": 9.4712, ""M"": 33.3419, ""S"": 4.3472}","{""F"": 0.9622564615152633, ""C"": 0.7320521120472896, ""M"": 0.9596097017822559, ""S"": -1.2795803015075376e-05}",3.7893447277299324e-06,0.0,0.0
1,2.0,F,0.1,0.9264433018901617,COMPENSATE,S1,False,1.0,6.6348966010212145,DIFFERENT_ACTION,"C,F,M,S","{""F"": 0.0, ""C"": 0.0, ""M"": 0.0, ""S"": 0.0}","{""F"": 0.9264433018901617, ""C"": 0.4, ""M"": 0.8884422110552763, ""S"": -2.4906116582914575e-05}",5.683929148674178e-06,0.0,0.0
1,2.0,F,0.1,0.9264433018901617,COMPENSATE,S1,True,2.0,6.6348966010212145,DISTINGUISHABLE,F,"{""F"": 0.0, ""C"": 36.229, ""M"": 147.3087, ""S"": 11.2095}","{""F"": 0.9264433018901617, ""C"": 0.47382318209126534, ""M"": 0.9091721699342643, ""S"": -2.4906116582914575e-05}",0.0,0.0,0.0
1,2.0,F,0.1,0.9264433018901617,COMPENSATE,S2,False,2.0,6.6348966010212145,DIFFERENT_ACTION,"C,F,M,S","{""F"": 0.0, ""C"": 0.0, ""M"": 0.0, ""S"": 0.0}","{""F"": 0.9264433018901617, ""C"": 0.4, ""M"": 0.8884422110552763, ""S"": -2.4906116582914575e-05}",5.683929148674178e-06,0.0,0.0
1,2.0,F,0.1,0.9264433018901617,COMPENSATE,S2,True,4.0,11.344866730144373,DIFFERENT_ACTION,"F,S","{""F"": 0.0, ""C"": 36.2298, ""M"": 147.3117, ""S"": 11.2097}","{""F"": 0.9264433018901617, ""C"": 0.4738232024110631, ""M"": 0.9091721955721375, ""S"": -2.4906116582914575e-05}",1.1367858297348357e-05,0.0,0.0
1,2.0,F,0.1,0.9264433018901617,COMPENSATE,S3,False,3.0,9.21034037197618,DIFFERENT_ACTION,"C,F,M,S","{""F"": 0.0, ""C"": 0.0, ""M"": 0.0, ""S"": 0.0}","{""F"": 0.9264433018901617, ""C"": 0.4, ""M"": 0.8884422110552763, ""S"": -2.4906116582914575e-05}",5.683929148674178e-06,0.0,0.0
1,2.0,F,0.1,0.9264433018901617,COMPENSATE,S3,True,6.0,15.086272469388987,DIFFERENT_ACTION,"F,S","{""F"": 0.0, ""C"": 36.9474, ""M"": 149.7895, ""S"": 13.5049}","{""F"": 0.9264433018901617, ""C"": 0.4737954530600241, ""M"": 0.9091732526401797, ""S"": -2.4906116582914575e-05}",1.1367858297348357e-05,0.0,0.0
1,2.0,F,0.1,0.9264433018901617,COMPENSATE,S4,False,7.0,16.811893829770927,DIFFERENT_ACTION,"F,M,S","{""F"": 0.0, ""C"": 24.6518, ""M"": 6.3723, ""S"": 6.4522}","{""F"": 0.9264433018901617, ""C"": 0.47417765694234054, ""M"": 0.8875668388367214, ""S"": -2.4906116582914575e-05}",7.578572198232238e-06,0.0,0.0
1,2.0,F,0.1,0.9264433018901617,COMPENSATE,S4,True,14.0,27.68824961045705,DIFFERENT_ACTION,"F,S","{""F"": 0.0, ""C"": 61.6724, ""M"": 156.4175, ""S"": 20.2043}","{""F"": 0.9264433018901617, ""C"": 0.47504788872107473, ""M"": 0.9091729902602372, ""S"": -2.4906116582914575e-05}",1.1367858297348357e-05,0.0,0.0
1,2.0,F,0.2,0.8599437208224789,REPAIR_FEED,S1,False,1.0,6.6348966010212145,DIFFERENT_ACTION,"F,M,S","{""F"": 0.0, ""C"": 6821.0603, ""M"": 0.0, ""S"": 0.0}","{""F"": 0.8599437208224789, ""C"": 0.4, ""M"": 0.785929648241206, ""S"": -4.5470800000000005e-05}",3.404845443647871e-06,0.0,0.3333333333333333
1,2.0,F,0.2,0.8599437208224789,REPAIR_FEED,S1,True,2.0,6.6348966010212145,DISTINGUISHABLE,F,"{""F"": 0.0, ""C"": 6909.0709, ""M"": 606.399, ""S"": 37.276}","{""F"": 0.8599437208224789, ""C"": 0.4, ""M"": 0.8086194466569849, ""S"": -4.5470800000000005e-05}",0.0,0.0,0.0
1,2.0,F,0.2,0.8599437208224789,REPAIR_FEED,S2,False,2.0,6.6348966010212145,DIFFERENT_ACTION,"F,M,S","{""F"": 0.0, ""C"": 6821.0603, ""M"": 0.0, ""S"": 0.0}","{""F"": 0.8599437208224789, ""C"": 0.4, ""M"": 0.785929648241206, ""S"": -4.5470800000000005e-05}",3.404845443647871e-06,0.0,0.3333333333333333
1,2.0,F,0.2,0.8599437208224789,REPAIR_FEED,S2,True,4.0,11.344866730144373,DISTINGUISHABLE,F,"{""F"": 0.0, ""C"": 6909.0726, ""M"": 606.4115, ""S"": 37.2767}","{""F"": 0.8599437208224789, ""C"": 0.4, ""M"": 0.8086194981877128, ""S"": -4.5470800000000005e-05}",0.0,0.0,0.0
1,2.0,F,0.2,0.8599437208224789,REPAIR_FEED,S3,False,3.0,9.21034037197618,DISTINGUISHABLE,F,"{""F"": 0.0, ""C"": 6881.5169, ""M"": 236.2142, ""S"": 196.3931}","{""F"": 0.8599437208224789, ""C"": 0.4, ""M"": 0.8062999399916426, ""S"": -4.5470800000000005e-05}",0.0,0.0,0.0
1,2.0,F,0.2,0.8599437208224789,REPAIR_FEED,S3,True,6.0,15.086272469388987,DISTINGUISHABLE,F,"{""F"": 0.0, ""C"": 6974.1605, ""M"": 851.7555, ""S"": 242.5405}","{""F"": 0.8599437208224789, ""C"": 0.4, ""M"": 0.8087318416119367, ""S"": -4.5470800000000005e-05}",0.0,0.0,0.0
1,2.0,F,0.2,0.8599437208224789,REPAIR_FEED,S4,False,7.0,16.811893829770927,DISTINGUISHABLE,F,"{""F"": 0.0, ""C"": 6953.1379, ""M"": 290.4013, ""S"": 249.4097}","{""F"": 0.8599437208224789, ""C"": 0.4, ""M"": 0.8063035756464175, ""S"": -4.5470800000000005e-05}",0.0,0.0,0.0
1,2.0,F,0.2,0.8599437208224789,REPAIR_FEED,S4,True,14.0,27.68824961045705,DISTINGUISHABLE,F,"{""F"": 0.0, ""C"": 7046.2504, ""M"": 906.7939, ""S"": 296.4287}","{""F"": 0.8599437208224789, ""C"": 0.4, ""M"": 0.8087354240241953, ""S"": -4.5470800000000005e-05}",0.0,0.0,0.0
1,2.0,S,0.01,-2.2735364822820026e-06,RECALIBRATE,S1,False,1.0,6.6348966010212145,DIFFERENT_ACTION,"C,F,M,S","{""S"": 0.0, ""C"": 0.0, ""M"": 0.0, ""F"": 0.0}","{""S"": -2.2735364822820026e-06, ""C"": 0.8582914572864322, ""M"": 0.9819095477386934, ""F"": 0.9849246231155779}",0.0,2.3689511266958264e-05,0.0
1,2.0,S,0.01,-2.2735364822820026e-06,RECALIBRATE,S1,True,2.0,6.6348966010212145,DIFFERENT_ACTION,"C,F,M,S","{""S"": 0.0, ""C"": 0.0, ""M"": 0.0, ""F"": 0.0}","{""S"": -2.2735364822820026e-06, ""C"": 1.0, ""M"": 1.0, ""F"": 1.0}",0.0,1.889715002968001e-09,0.0
1,2.0,S,0.01,-2.2735364822820026e-06,RECALIBRATE,S2,False,2.0,6.6348966010212145,DIFFERENT_ACTION,"C,F,M,S","{""S"": 0.0, ""C"": 0.0, ""M"": 0.0, ""F"": 0.0}","{""S"": -2.2735364822820026e-06, ""C"": 0.8582914572864322, ""M"": 0.9819095477386934, ""F"": 0.9849246231155779}",0.0,2.3689511266958264e-05,0.0
1,2.0,S,0.01,-2.2735364822820026e-06,RECALIBRATE,S2,True,4.0,11.344866730144373,DIFFERENT_ACTION,"C,F,M,S","{""S"": 0.0, ""C"": 0.0, ""M"": 0.0, ""F"": 0.0}","{""S"": -2.2735364822820026e-06, ""C"": 1.0, ""M"": 1.0, ""F"": 1.0}",0.0,1.889715002968001e-09,0.0
1,2.0,S,0.01,-2.2735364822820026e-06,RECALIBRATE,S3,False,3.0,9.21034037197618,DIFFERENT_ACTION,"C,F,M,S","{""S"": 0.0, ""C"": 0.0, ""M"": 0.0, ""F"": 0.0}","{""S"": -2.2735364822820026e-06, ""C"": 0.8582914572864322, ""M"": 0.9819095477386934, ""F"": 0.9849246231155779}",0.0,2.3689511266958264e-05,0.0
1,2.0,S,0.01,-2.2735364822820026e-06,RECALIBRATE,S3,True,6.0,15.086272469388987,DIFFERENT_ACTION,"C,F,M,S","{""S"": 0.0, ""C"": 0.0, ""M"": 0.0, ""F"": 0.0}","{""S"": -2.2735364822820026e-06, ""C"": 1.0, ""M"": 1.0, ""F"": 1.0}",0.0,1.889715002968001e-09,0.0
1,2.0,S,0.01,-2.2735364822820026e-06,RECALIBRATE,S4,False,7.0,16.811893829770927,DIFFERENT_ACTION,"C,F,M,S","{""S"": 0.0, ""C"": 0.0, ""M"": 0.0, ""F"": 0.0}","{""S"": -2.2735364822820026e-06, ""C"": 0.8582914572864322, ""M"": 0.9819095477386934, ""F"": 0.9849246231155779}",0.0,2.3689511266958264e-05,0.0
1,2.0,S,0.01,-2.2735364822820026e-06,RECALIBRATE,S4,True,14.0,27.68824961045705,DIFFERENT_ACTION,"C,F,M,S","{""S"": 0.0, ""C"": 0.0, ""M"": 0.0, ""F"": 0.0}","{""S"": -2.2735364822820026e-06, ""C"": 1.0, ""M"": 1.0, ""F"": 1.0}",0.0,1.889715002968001e-09,0.0
1,2.0,S,0.02,-4.547072964564005e-06,RECALIBRATE,S1,False,1.0,6.6348966010212145,DIFFERENT_ACTION,"C,F,M,S","{""S"": 0.0, ""C"": 0.0, ""M"": 0.0, ""F"": 0.0}","{""S"": -4.547072964564005e-06, ""C"": 0.7949748743718593, ""M"": 0.9698492462311558, ""F"": 0.9777458722182341}",0.0,3.689942080866554e-05,0.0
1,2.0,S,0.02,-4.547072964564005e-06,RECALIBRATE,S1,True,2.0,6.6348966010212145,DIFFERENT_ACTION,"C,F,M,S","{""S"": 0.0, ""C"": 0.0689, ""M"": 0.9604, ""F"": 0.1314}","{""S"": -4.547072964564005e-06, ""C"": 0.9269668637364445, ""M"": 0.989851287457158, ""F"": 0.9922976953702082}",0.0,1.2275893487235113e-05,0.0
1,2.0,S,0.02,-4.547072964564005e-06,RECALIBRATE,S2,False,2.0,6.6348966010212145,DIFFERENT_ACTION,"C,F,M,S","{""S"": 0.0, ""C"": 0.0, ""M"": 0.0, ""F"": 0.0}","{""S"": -4.547072964564005e-06, ""C"": 0.7949748743718593, ""M"": 0.9698492462311558, ""F"": 0.9777458722182341}",0.0,3.689942080866554e-05,0.0
1,2.0,S,0.02,-4.547072964564005e-06,RECALIBRATE,S2,True,4.0,11.344866730144373,DIFFERENT_ACTION,"C,F,M,S","{""S"": 0.0, ""C"": 0.0689, ""M"": 0.9604, ""F"": 0.1314}","{""S"": -4.547072964564005e-06, ""C"": 0.926966864983134, ""M"": 0.9898512895860943, ""F"": 0.9922976955602196}",0.0,1.2275892440281357e-05,0.0
1,2.0,S,0.02,-4.547072964564005e-06,RECALIBRATE,S3,False,3.0,9.21034037197618,DIFFERENT_ACTION,"C,F,M,S","{""S"": 0.0, ""C"": 0.0, ""M"": 0.0, ""F"": 0.0}","{""S"": -4.547072964564005e-06, ""C"": 0.7949748743718593, ""M"": 0.9698492462311558, ""F"": 0.9777458722182341}",0.0,3.689942080866554e-05,0.0
1,2.0,S,0.02,-4.547072964564005e-06,RECALIBRATE,S3,True,6.0,15.086272469388987,DIFFERENT_ACTION,"C,F,M,S","{""S"": 0.0, ""C"": 0.0741, ""M"": 0.9605, ""F"": 0.1549}","{""S"": -4.547072964564005e-06, ""C"": 0.9269705568285056, ""M"": 0.9898512937386641, ""F"": 0.9922994858650979}",0.0,1.2274720911927104e-05,0.0
1,2.0,S,0.02,-4.547072964564005e-06,RECALIBRATE,S4,False,7.0,16.811893829770927,DIFFERENT_ACTION,"C,F,M,S","{""S"": 0.0, ""C"": 0.0, ""M"": 0.0, ""F"": 0.0}","{""S"": -4.547072964564005e-06, ""C"": 0.7949748743718593, ""M"": 0.9698492462311558, ""F"": 0.9777458722182341}",0.0,3.689942080866554e-05,0.0
1,2.0,S,0.02,-4.547072964564005e-06,RECALIBRATE,S4,True,14.0,27.68824961045705,DIFFERENT_ACTION,"C,F,M,S","{""S"": 0.0, ""C"": 0.0781, ""M"": 0.9605, ""F"": 0.1577}","{""S"": -4.547072964564005e-06, ""C"": 0.926973353310689, ""M"": 0.9898512938887343, ""F"": 0.9922996965450197}",0.0,1.227444546017119e-05,0.0
1,2.0,S,0.05,-1.1367682411410013e-05,RECALIBRATE,S1,False,1.0,6.6348966010212145,DIFFERENT_ACTION,"C,F,M,S","{""S"": 0.0, ""C"": 0.0, ""M"": 0.0, ""F"": 0.0}","{""S"": -1.1367682411410013e-05, ""C"": 0.6201005025125628, ""M"": 0.9396984924623115, ""F"": 0.9554917444364681}",0.0,7.652480030303165e-05,0.0
1,2.0,S,0.05,-1.1367682411410013e-05,RECALIBRATE,S1,True,2.0,6.6348966010212145,DIFFERENT_ACTION,"C,F,S","{""S"": 0.0, ""C"": 1.2154, ""M"": 15.3471, ""F"": 1.9964}","{""S"": -1.1367682411410013e-05, ""C"": 0.7313931495714358, ""M"": 0.959434950927944, ""F"": 0.9696805171334586}",0.0,4.4357252408276506e-05,0.0
1,2.0,S,0.05,-1.1367682411410013e-05,RECALIBRATE,S2,False,2.0,6.6348966010212145,DIFFERENT_ACTION,"C,F,M,S","{""S"": 0.0, ""C"": 0.0, ""M"": 0.0, ""F"": 0.0}","{""S"": -1.1367682411410013e-05, ""C"": 0.6201005025125628, ""M"": 0.9396984924623115, ""F"": 0.9554917444364681}",0.0,7.652480030303165e-05,0.0
1,2.0,S,0.05,-1.1367682411410013e-05,RECALIBRATE,S2,True,4.0,11.344866730144373,DIFFERENT_ACTION,"C,F,S","{""S"": 0.0, ""C"": 1.2155, ""M"": 15.3474, ""F"": 1.9964}","{""S"": -1.1367682411410013e-05, ""C"": 0.7313931543615064, ""M"": 0.959434959417394, ""F"": 0.969680517806048}",0.0,4.435725144051042e-05,0.0
1,2.0,S,0.05,-1.1367682411410013e-05,RECALIBRATE,S3,False,3.0,9.21034037197618,DIFFERENT_ACTION,"C,F,M,S","{""S"": 0.0, ""C"": 0.0, ""M"": 0.0, ""F"": 0.0}","{""S"": -1.1367682411410013e-05, ""C"": 0.6201005025125628, ""M"": 0.9396984924623115, ""F"": 0.9554917444364681}",0.0,7.652480030303165e-05,0.0
1,2.0,S,0.05,-1.1367682411410013e-05,RECALIBRATE,S3,True,6.0,15.086272469388987,DIFFERENT_ACTION,"C,F,S","{""S"": 0.0, ""C"": 1.2983, ""M"": 15.3481, ""F"": 2.3598}","{""S"": -1.1367682411410013e-05, ""C"": 0.731405478557839, ""M"": 0.9594349759749355, ""F"": 0.9696871180101679}",0.0,4.435113624050533e-05,0.0
1,2.0,S,0.05,-1.1367682411410013e-05,RECALIBRATE,S4,False,7.0,16.811893829770927,DIFFERENT_ACTION,"C,F,M,S","{""S"": 0.0, ""C"": 0.0116, ""M"": 0.0, ""F"": 0.1372}","{""S"": -1.1367682411410013e-05, ""C"": 0.7312389565931556, ""M"": 0.9396984924623115, ""F"": 0.9696544544171427}",0.0,5.973052881030677e-05,0.0
1,2.0,S,0.05,-1.1367682411410013e-05,RECALIBRATE,S4,True,14.0,27.68824961045705,DIFFERENT_ACTION,"C,F,M,S","{""S"": 0.0, ""C"": 1.3726, ""M"": 15.3481, ""F"": 2.5379}","{""S"": -1.1367682411410013e-05, ""C"": 0.7314527778542387, ""M"": 0.9594349765718688, ""F"": 0.9696975325953975}",0.0,5.045339094193074e-05,0.0
1,2.0,S,0.1,-2.273536482282e-05,RECALIBRATE,S1,False,1.0,6.6348966010212145,DIFFERENT_ACTION,"C,F,M,S","{""S"": 0.0, ""C"": 0.0, ""M"": 0.0, ""F"": 0.0}","{""S"": -2.273536482282e-05, ""C"": 0.4, ""M"": 0.8884422110552763, ""F"": 0.9195979899497488}",0.0,0.00014787572044652633,0.0
1,2.0,S,0.1,-2.273536482282e-05,RECALIBRATE,S1,True,2.0,6.6348966010212145,DISTINGUISHABLE,S,"{""S"": 0.0, ""C"": 7.1444, ""M"": 77.5284, ""F"": 9.238}","{""S"": -2.273536482282e-05, ""C"": 0.4733253847783699, ""M"": 0.9088401731336291, ""F"": 0.9335265428008863}",0.0,0.0,0.0
1,2.0,S,0.1,-2.273536482282e-05,RECALIBRATE,S2,False,2.0,6.6348966010212145,DIFFERENT_ACTION,"C,F,M,S","{""S"": 0.0, ""C"": 0.0, ""M"": 0.0, ""F"": 0.0}","{""S"": -2.273536482282e-05, ""C"": 0.4, ""M"": 0.8884422110552763, ""F"": 0.9195979899497488}",0.0,0.00014787572044652633,0.0
1,2.0,S,0.1,-2.273536482282e-05,RECALIBRATE,S2,True,4.0,11.344866730144373,DIFFERENT_ACTION,"C,F,S","{""S"": 0.0, ""C"": 7.1446, ""M"": 77.5301, ""F"": 9.2382}","{""S"": -2.273536482282e-05, ""C"": 0.4733253945267776, ""M"": 0.9088401921356475, ""F"": 0.9335265440261643}",0.0,0.00010282471293469079,0.0
1,2.0,S,0.1,-2.273536482282e-05,RECALIBRATE,S3,False,3.0,9.21034037197618,DIFFERENT_ACTION,"C,F,M,S","{""S"": 0.0, ""C"": 0.0, ""M"": 0.0, ""F"": 0.0}","{""S"": -2.273536482282e-05, ""C"": 0.4, ""M"": 0.8884422110552763, ""F"": 0.9195979899497488}",0.0,0.00014787572044652633,0.0
1,2.0,S,0.1,-2.273536482282e-05,RECALIBRATE,S3,True,6.0,15.086272469388987,DIFFERENT_ACTION,"C,F,S","{""S"": 0.0, ""C"": 7.5604, ""M"": 77.5334, ""F"": 10.9819}","{""S"": -2.273536482282e-05, ""C"": 0.4733457599434714, ""M"": 0.9088402291920983, ""F"": 0.9335395663534732}",0.0,0.00010281129709138719,0.0
1,2.0,S,0.1,-2.273536482282e-05,RECALIBRATE,S4,False,7.0,16.811893829770927,DIFFERENT_ACTION,"C,F,M,S","{""S"": 0.0, ""C"": 10.5847, ""M"": 0.0, ""F"": 4.2765}","{""S"": -2.273536482282e-05, ""C"": 0.47383598392719345, ""M"": 0.8884422110552763, ""F"": 0.9335077458325417}",0.0,0.00013074134392770476,0.0
1,2.0,S,0.1,-2.273536482282e-05,RECALIBRATE,S4,True,14.0,27.68824961045705,DIFFERENT_ACTION,"C,F,S","{""S"": 0.0, ""C"": 18.4249, ""M"": 77.5335, ""F"": 15.4429}","{""S"": -2.273536482282e-05, ""C"": 0.4742672455058856, ""M"": 0.9088402305221099, ""F"": 0.9335885762292946}",0.0,0.00010263830197329282,0.0
1,2.0,S,0.2,-4.547072964564e-05,RECALIBRATE,S1,False,1.0,6.6348966010212145,DIFFERENT_ACTION,"F,M,S","{""S"": 0.0, ""C"": 6821.0603, ""M"": 0.0, ""F"": 0.0}","{""S"": -4.547072964564e-05, ""C"": 0.4, ""M"": 0.785929648241206, ""F"": 0.8571428571428572}",0.0,0.00019999999999999996,0.6666666666666666
1,2.0,S,0.2,-4.547072964564e-05,RECALIBRATE,S1,True,2.0,6.6348966010212145,DISTINGUISHABLE,S,"{""S"": 0.0, ""C"": 6831.7924, ""M"": 344.0538, ""F"": 34.2603}","{""S"": -4.547072964564e-05, ""C"": 0.4, ""M"": 0.8080195379555396, ""F"": 0.8664059372106215}",0.0,0.0,0.0
1,2.0,S,0.2,-4.547072964564e-05,RECALIBRATE,S2,False,2.0,6.6348966010212145,DIFFERENT_ACTION,"F,M,S","{""S"": 0.0, ""C"": 6821.0603, ""M"": 0.0, ""F"": 0.0}","{""S"": -4.547072964564e-05, ""C"": 0.4, ""M"": 0.785929648241206, ""F"": 0.8571428571428572}",0.0,0.00019999999999999996,0.6666666666666666
1,2.0,S,0.2,-4.547072964564e-05,RECALIBRATE,S2,True,4.0,11.344866730144373,DISTINGUISHABLE,S,"{""S"": 0.0, ""C"": 6831.7926, ""M"": 344.0612, ""F"": 34.2609}","{""S"": -4.547072964564e-05, ""C"": 0.4, ""M"": 0.80801957765569, ""F"": 0.8664059388740492}",0.0,0.0,0.0
1,2.0,S,0.2,-4.547072964564e-05,RECALIBRATE,S3,False,3.0,9.21034037197618,DIFFERENT_ACTION,"M,S","{""S"": 0.0, ""C"": 6821.0603, ""M"": 0.0, ""F"": 106.1595}","{""S"": -4.547072964564e-05, ""C"": 0.4, ""M"": 0.785929648241206, ""F"": 0.8672553812394374}",0.0,0.00014999999999999996,0.5
1,2.0,S,0.2,-4.547072964564e-05,RECALIBRATE,S3,True,6.0,15.086272469388987,DISTINGUISHABLE,S,"{""S"": 0.0, ""C"": 6832.3864, ""M"": 344.0758, ""F"": 146.9055}","{""S"": -4.547072964564e-05, ""C"": 0.4, ""M"": 0.8080196550567894, ""F"": 0.8673691342767832}",0.0,0.0,0.0
1,2.0,S,0.2,-4.547072964564e-05,RECALIBRATE,S4,False,7.0,16.811893829770927,DIFFERENT_ACTION,"M,S","{""S"": 0.0, ""C"": 6840.135, ""M"": 0.0, ""F"": 143.4124}","{""S"": -4.547072964564e-05, ""C"": 0.4, ""M"": 0.785929648241206, ""F"": 0.8674388974168722}",0.0,0.00014999999999999996,0.5
1,2.0,S,0.2,-4.547072964564e-05,RECALIBRATE,S4,True,14.0,27.68824961045705,DISTINGUISHABLE,S,"{""S"": 0.0, ""C"": 6851.9185, ""M"": 344.0763, ""F"": 184.8181}","{""S"": -4.547072964564e-05, ""C"": 0.4, ""M"": 0.8080196578123797, ""F"": 0.8675545191808283}",0.0,0.0,0.0
2,1.0,C,0.01,0.887758689068076,COMPENSATE,S1,False,1.0,6.6348966010212145,DIFFERENT_ACTION,"C,M,S","{""C"": 0.0, ""M"": 0.0, ""F"": 100.0007, ""S"": 0.0}","{""C"": 0.887758689068076, ""M"": 0.9849246231155779, ""F"": 1.0, ""S"": -3.888749748743721e-06}",9.211039652122803e-07,0.0,0.0
2,1.0,C,0.01,0.887758689068076,COMPENSATE,S1,True,2.0,6.6348966010212145,DIFFERENT_ACTION,"C,M,S","{""C"": 0.0, ""M"": 0.0, ""F"": 104.829, ""S"": 4.8283}","{""C"": 0.887758689068076, ""M"": 0.9912891494672877, ""F"": 1.0, ""S"": -3.888749748743721e-06}",9.211039652122803e-07,0.0,0.0
2,1.0,C,0.01,0.887758689068076,COMPENSATE,S2,False,2.0,6.6348966010212145,DIFFERENT_ACTION,"C,M,S","{""C"": 0.0, ""M"": 0.0, ""F"": 100.0007, ""S"": 0.0}","{""C"": 0.887758689068076, ""M"": 0.9849246231155779, ""F"": 1.0, ""S"": -3.888749748743721e-06}",9.211039652122803e-07,0.0,0.0
2,1.0,C,0.01,0.887758689068076,COMPENSATE,S2,True,4.0,11.344866730144373,DIFFERENT_ACTION,"C,M,S","{""C"": 0.0, ""M"": 0.0, ""F"": 104.8292, ""S"": 4.8285}","{""C"": 0.887758689068076, ""M"": 0.9912891353019595, ""F"": 1.0, ""S"": -3.888749748743721e-06}",9.211039652122803e-07,0.0,0.0
2,1.0,C,0.01,0.887758689068076,COMPENSATE,S3,False,3.0,9.21034037197618,DIFFERENT_ACTION,"C,M,S","{""C"": 0.0, ""M"": 0.0, ""F"": 100.0007, ""S"": 0.0}","{""C"": 0.887758689068076, ""M"": 0.9849246231155779, ""F"": 1.0, ""S"": -3.888749748743721e-06}",9.211039652122803e-07,0.0,0.0
2,1.0,C,0.01,0.887758689068076,COMPENSATE,S3,True,6.0,15.086272469388987,DIFFERENT_ACTION,"C,M,S","{""C"": 0.0, ""M"": 0.0327, ""F"": 104.8555, ""S"": 4.8548}","{""C"": 0.887758689068076, ""M"": 0.9912951552399728, ""F"": 1.0, ""S"": -3.888749748743721e-06}",9.211039652122803e-07,0.0,0.0
2,1.0,C,0.01,0.887758689068076,COMPENSATE,S4,False,7.0,16.811893829770927,DIFFERENT_ACTION,"C,M,S","{""C"": 0.0, ""M"": 0.0, ""F"": 100.0007, ""S"": 0.0}","{""C"": 0.887758689068076, ""M"": 0.9849246231155779, ""F"": 1.0, ""S"": -3.888749748743721e-06}",9.211039652122803e-07,0.0,0.0
2,1.0,C,0.01,0.887758689068076,COMPENSATE,S4,True,14.0,27.68824961045705,DIFFERENT_ACTION,"C,M,S","{""C"": 0.0, ""M"": 0.0654, ""F"": 104.8871, ""S"": 4.8864}","{""C"": 0.887758689068076, ""M"": 0.9912962227629797, ""F"": 1.0, ""S"": -3.888749748743721e-06}",9.211039652122803e-07,0.0,0.0
2,1.0,C,0.02,0.7846593323780718,COMPENSATE,S1,False,1.0,6.6348966010212145,DIFFERENT_ACTION,"C,M,S","{""C"": 0.0, ""M"": 0.0, ""F"": 900.0042, ""S"": 0.0}","{""C"": 0.7846593323780718, ""M"": 0.9758793969849247, ""F"": 1.0, ""S"": -6.66642814070352e-06}",1.8423689083246605e-06,0.0,0.0
2,1.0,C,0.02,0.7846593323780718,COMPENSATE,S1,True,2.0,6.6348966010212145,SAME_ACTION,"C,M","{""C"": 0.0, ""M"": 0.0, ""F"": 918.9179, ""S"": 18.9137}","{""C"": 0.7846593323780718, ""M"": 0.98276156964907, ""F"": 1.0, ""S"": -6.66642814070352e-06}",0.0,0.0,0.0
2,1.0,C,0.02,0.7846593323780718,COMPENSATE,S2,False,2.0,6.6348966010212145,DIFFERENT_ACTION,"C,M,S","{""C"": 0.0, ""M"": 0.0, ""F"": 900.0042, ""S"": 0.0}","{""C"": 0.7846593323780718, ""M"": 0.9758793969849247, ""F"": 1.0, ""S"": -6.66642814070352e-06}",1.8423689083246605e-06,0.0,0.0
2,1.0,C,0.02,0.7846593323780718,COMPENSATE,S2,True,4.0,11.344866730144373,SAME_ACTION,"C,M","{""C"": 0.0, ""M"": 0.0, ""F"": 918.9187, ""S"": 18.9145}","{""C"": 0.7846593323780718, ""M"": 0.982761541544138, ""F"": 1.0, ""S"": -6.66642814070352e-06}",0.0,0.0,0.0
2,1.0,C,0.02,0.7846593323780718,COMPENSATE,S3,False,3.0,9.21034037197618,DIFFERENT_ACTION,"C,M,S","{""C"": 0.0, ""M"": 0.0, ""F"": 900.0042, ""S"": 0.0}","{""C"": 0.7846593323780718, ""M"": 0.9758793969849247, ""F"": 1.0, ""S"": -6.66642814070352e-06}",1.8423689083246605e-06,0.0,0.0
2,1.0,C,0.02,0.7846593323780718,COMPENSATE,S3,True,6.0,15.086272469388987,SAME_ACTION,"C,M","{""C"": 0.0, ""M"": 0.1284, ""F"": 919.0222, ""S"": 19.0181}","{""C"": 0.7846593323780718, ""M"": 0.982773478504053, ""F"": 1.0, ""S"": -6.66642814070352e-06}",0.0,0.0,0.0
2,1.0,C,0.02,0.7846593323780718,COMPENSATE,S4,False,7.0,16.811893829770927,DIFFERENT_ACTION,"C,M,S","{""C"": 0.0, ""M"": 0.0, ""F"": 900.0042, ""S"": 0.0}","{""C"": 0.7846593323780718, ""M"": 0.9758793969849247, ""F"": 1.0, ""S"": -6.66642814070352e-06}",1.8423689083246605e-06,0.0,0.0
2,1.0,C,0.02,0.7846593323780718,COMPENSATE,S4,True,14.0,27.68824961045705,DIFFERENT_ACTION,"C,M,S","{""C"": 0.0, ""M"": 0.257, ""F"": 919.1463, ""S"": 19.1421}","{""C"": 0.7846593323780718, ""M"": 0.9827756017944826, ""F"": 1.0, ""S"": -6.66642814070352e-06}",1.8423689083246605e-06,0.0,0.0
2,1.0,C,0.05,0.5257085466915794,COMPENSATE,S1,False,1.0,6.6348966010212145,DIFFERENT_ACTION,"C,M,S","{""C"": 0.0, ""M"": 0.0, ""F"": 8100.0315, ""S"": 0.0}","{""C"": 0.5257085466915794, ""M"": 0.942713567839196, ""F"": 1.0, ""S"": -1.4999463316582918e-05}",4.606163737661331e-06,0.0,0.0
2,1.0,C,0.05,0.5257085466915794,COMPENSATE,S1,True,2.0,6.6348966010212145,SAME_ACTION,"C,M","{""C"": 0.0, ""M"": 1.8484, ""F"": 8211.0628, ""S"": 111.0314}","{""C"": 0.5257085466915794, ""M"": 0.9529117119065391, ""F"": 1.0, ""S"": -1.4999463316582918e-05}",0.0,0.0,0.0
2,1.0,C,0.05,0.5257085466915794,COMPENSATE,S2,False,2.0,6.6348966010212145,DIFFERENT_ACTION,"C,M,S","{""C"": 0.0, ""M"": 0.0, ""F"": 8100.0315, ""S"": 0.0}","{""C"": 0.5257085466915794, ""M"": 0.942713567839196, ""F"": 1.0, ""S"": -1.4999463316582918e-05}",4.606163737661331e-06,0.0,0.0
2,1.0,C,0.05,0.5257085466915794,COMPENSATE,S2,True,4.0,11.344866730144373,SAME_ACTION,"C,M","{""C"": 0.0, ""M"": 1.8484, ""F"": 8211.0671, ""S"": 111.0357}","{""C"": 0.5257085466915794, ""M"": 0.9529117139578926, ""F"": 1.0, ""S"": -1.4999463316582918e-05}",0.0,0.0,0.0
2,1.0,C,0.05,0.5257085466915794,COMPENSATE,S3,False,3.0,9.21034037197618,DIFFERENT_ACTION,"C,M,S","{""C"": 0.0, ""M"": 0.0, ""F"": 8100.0315, ""S"": 0.0}","{""C"": 0.5257085466915794, ""M"": 0.942713567839196, ""F"": 1.0, ""S"": -1.4999463316582918e-05}",4.606163737661331e-06,0.0,0.0
2,1.0,C,0.05,0.5257085466915794,COMPENSATE,S3,True,6.0,15.086272469388987,SAME_ACTION,"C,M","{""C"": 0.0, ""M"": 2.6286, ""F"": 8211.6803, ""S"": 111.6489}","{""C"": 0.5257085466915794, ""M"": 0.9529122194833081, ""F"": 1.0, ""S"": -1.4999463316582918e-05}",0.0,0.0,0.0
2,1.0,C,0.05,0.5257085466915794,COMPENSATE,S4,False,7.0,16.811893829770927,DIFFERENT_ACTION,"C,M,S","{""C"": 0.0, ""M"": 2.9111, ""F"": 8102.2827, ""S"": 2.2512}","{""C"": 0.5257085466915794, ""M"": 0.9528208948523147, ""F"": 1.0, ""S"": -1.4999463316582918e-05}",4.606163737661331e-06,0.0,0.0
2,1.0,C,0.05,0.5257085466915794,COMPENSATE,S4,True,14.0,27.68824961045705,SAME_ACTION,"C,M","{""C"": 0.0, ""M"": 6.3057, ""F"": 8214.6684, ""S"": 114.6369}","{""C"": 0.5257085466915794, ""M"": 0.952914572260822, ""F"": 1.0, ""S"": -1.4999463316582918e-05}",0.0,0.0,0.0
2,1.0,C,0.1,,,S1,False,,,UNREACHABLE,,,,,,
2,1.0,C,0.1,,,S1,True,,,UNREACHABLE,,,,,,
2,1.0,C,0.1,,,S2,False,,,UNREACHABLE,,,,,,
2,1.0,C,0.1,,,S2,True,,,UNREACHABLE,,,,,,
2,1.0,C,0.1,,,S3,False,,,UNREACHABLE,,,,,,
2,1.0,C,0.1,,,S3,True,,,UNREACHABLE,,,,,,
2,1.0,C,0.1,,,S4,False,,,UNREACHABLE,,,,,,
2,1.0,C,0.1,,,S4,True,,,UNREACHABLE,,,,,,
2,1.0,C,0.2,,,S1,False,,,UNREACHABLE,,,,,,
2,1.0,C,0.2,,,S1,True,,,UNREACHABLE,,,,,,
2,1.0,C,0.2,,,S2,False,,,UNREACHABLE,,,,,,
2,1.0,C,0.2,,,S2,True,,,UNREACHABLE,,,,,,
2,1.0,C,0.2,,,S3,False,,,UNREACHABLE,,,,,,
2,1.0,C,0.2,,,S3,True,,,UNREACHABLE,,,,,,
2,1.0,C,0.2,,,S4,False,,,UNREACHABLE,,,,,,
2,1.0,C,0.2,,,S4,True,,,UNREACHABLE,,,,,,
2,1.0,M,0.01,0.9894959809123658,COMPENSATE,S1,False,1.0,6.6348966010212145,DIFFERENT_ACTION,"C,M,S","{""M"": 0.0, ""C"": 0.0, ""F"": 100.0007, ""S"": 0.0}","{""M"": 0.9894959809123658, ""C"": 0.8371859296482412, ""F"": 1.0, ""S"": -3.888749748743721e-06}",9.211039652022333e-07,0.0,0.0
2,1.0,M,0.01,0.9894959809123658,COMPENSATE,S1,True,2.0,6.6348966010212145,SAME_ACTION,"C,M","{""M"": 0.0, ""C"": 0.0, ""F"": 107.0218, ""S"": 7.0211}","{""M"": 0.9894959809123658, ""C"": 0.8655213273691892, ""F"": 1.0, ""S"": -3.888749748743721e-06}",0.0,0.0,0.0
2,1.0,M,0.01,0.9894959809123658,COMPENSATE,S2,False,2.0,6.6348966010212145,DIFFERENT_ACTION,"C,M,S","{""M"": 0.0, ""C"": 0.0, ""F"": 100.0007, ""S"": 0.0}","{""M"": 0.9894959809123658, ""C"": 0.8371859296482412, ""F"": 1.0, ""S"": -3.888749748743721e-06}",9.211039652022333e-07,0.0,0.0
2,1.0,M,0.01,0.9894959809123658,COMPENSATE,S2,True,4.0,11.344866730144373,DIFFERENT_ACTION,"C,M,S","{""M"": 0.0, ""C"": 0.0, ""F"": 107.022, ""S"": 7.0213}","{""M"": 0.9894959809123658, ""C"": 0.865521547386748, ""F"": 1.0, ""S"": -3.888749748743721e-06}",9.211039652022333e-07,0.0,0.0
2,1.0,M,0.01,0.9894959809123658,COMPENSATE,S3,False,3.0,9.21034037197618,DIFFERENT_ACTION,"C,M,S","{""M"": 0.0, ""C"": 0.0, ""F"": 100.0007, ""S"": 0.0}","{""M"": 0.9894959809123658, ""C"": 0.8371859296482412, ""F"": 1.0, ""S"": -3.888749748743721e-06}",9.211039652022333e-07,0.0,0.0
2,1.0,M,0.01,0.9894959809123658,COMPENSATE,S3,True,6.0,15.086272469388987,DIFFERENT_ACTION,"C,M,S","{""M"": 0.0, ""C"": 0.0472, ""F"": 107.0225, ""S"": 7.0218}","{""M"": 0.9894959809123658, ""C"": 0.8663032952871975, ""F"": 1.0, ""S"": -3.888749748743721e-06}",9.211039652022333e-07,0.0,0.0
2,1.0,M,0.01,0.9894959809123658,COMPENSATE,S4,False,7.0,16.811893829770927,DIFFERENT_ACTION,"C,M,S","{""M"": 0.0, ""C"": 0.0, ""F"": 100.0007, ""S"": 0.0}","{""M"": 0.9894959809123658, ""C"": 0.8371859296482412, ""F"": 1.0, ""S"": -3.888749748743721e-06}",9.211039652022333e-07,0.0,0.0
2,1.0,M,0.01,0.9894959809123658,COMPENSATE,S4,True,14.0,27.68824961045705,DIFFERENT_ACTION,"C,M,S","{""M"": 0.0, ""C"": 0.0938, ""F"": 107.0226, ""S"": 7.0219}","{""M"": 0.9894959809123658, ""C"": 0.8671470758467793, ""F"": 1.0, ""S"": -3.888749748743721e-06}",9.211039652022333e-07,0.0,0.0
2,1.0,M,0.02,0.9790029932796666,COMPENSATE,S1,False,1.0,6.6348966010212145,DIFFERENT_ACTION,"C,M,S","{""M"": 0.0, ""C"": 0.0, ""F"": 900.0042, ""S"": 0.0}","{""M"": 0.9790029932796666, ""C"": 0.7376884422110552, ""F"": 1.0, ""S"": -6.66642814070352e-06}",1.8423689083246605e-06,0.0,0.0
2,1.0,M,0.02,0.9790029932796666,COMPENSATE,S1,True,2.0,6.6348966010212145,SAME_ACTION,"C,M","{""M"": 0.0, ""C"": 0.0, ""F"": 928.068, ""S"": 28.0638}","{""M"": 0.9790029932796666, ""C"": 0.7413494193627125, ""F"": 1.0, ""S"": -6.66642814070352e-06}",0.0,0.0,0.0
2,1.0,M,0.02,0.9790029932796666,COMPENSATE,S2,False,2.0,6.6348966010212145,DIFFERENT_ACTION,"C,M,S","{""M"": 0.0, ""C"": 0.0, ""F"": 900.0042, ""S"": 0.0}","{""M"": 0.9790029932796666, ""C"": 0.7376884422110552, ""F"": 1.0, ""S"": -6.66642814070352e-06}",1.8423689083246605e-06,0.0,0.0
2,1.0,M,0.02,0.9790029932796666,COMPENSATE,S2,True,4.0,11.344866730144373,SAME_ACTION,"C,M","{""M"": 0.0, ""C"": 0.0, ""F"": 928.0689, ""S"": 28.0648}","{""M"": 0.9790029932796666, ""C"": 0.741349826491727, ""F"": 1.0, ""S"": -6.66642814070352e-06}",0.0,0.0,0.0
2,1.0,M,0.02,0.9790029932796666,COMPENSATE,S3,False,3.0,9.21034037197618,DIFFERENT_ACTION,"C,M,S","{""M"": 0.0, ""C"": 0.0, ""F"": 900.0042, ""S"": 0.0}","{""M"": 0.9790029932796666, ""C"": 0.7376884422110552, ""F"": 1.0, ""S"": -6.66642814070352e-06}",1.8423689083246605e-06,0.0,0.0
2,1.0,M,0.02,0.9790029932796666,COMPENSATE,S3,True,6.0,15.086272469388987,SAME_ACTION,"C,M","{""M"": 0.0, ""C"": 0.1888, ""F"": 928.0709, ""S"": 28.0667}","{""M"": 0.9790029932796666, ""C"": 0.7427917896464049, ""F"": 1.0, ""S"": -6.66642814070352e-06}",0.0,0.0,0.0
2,1.0,M,0.02,0.9790029932796666,COMPENSATE,S4,False,7.0,16.811893829770927,DIFFERENT_ACTION,"C,M,S","{""M"": 0.0, ""C"": 0.0, ""F"": 900.0042, ""S"": 0.0}","{""M"": 0.9790029932796666, ""C"": 0.7437185929648241, ""F"": 1.0, ""S"": -6.66642814070352e-06}",1.8423689083246605e-06,0.0,0.0
2,1.0,M,0.02,0.9790029932796666,COMPENSATE,S4,True,14.0,27.68824961045705,SAME_ACTION,"C,M","{""M"": 0.0, ""C"": 0.3751, ""F"": 928.0711, ""S"": 28.0669}","{""M"": 0.9790029932796666, ""C"": 0.7443498768456964, ""F"": 1.0, ""S"": -6.66642814070352e-06}",0.0,0.0,0.0
2,1.0,M,0.05,0.9475899350636388,COMPENSATE,S1,False,1.0,6.6348966010212145,DIFFERENT_ACTION,"C,M,S","{""M"": 0.0, ""C"": 0.0, ""F"": 8100.0315, ""S"": 0.0}","{""M"": 0.9475899350636388, ""C"": 0.4904522613065327, ""F"": 1.0, ""S"": -1.4999463316582918e-05}",4.60616373766162e-06,0.0,0.0
2,1.0,M,0.05,0.9475899350636388,COMPENSATE,S1,True,2.0,6.6348966010212145,SAME_ACTION,"C,M","{""M"": 0.0, ""C"": 2.8577, ""F"": 8275.0447, ""S"": 175.0132}","{""M"": 0.9475899350636388, ""C"": 0.4887608991476961, ""F"": 1.0, ""S"": -1.4999463316582918e-05}",0.0,0.0,0.0
2,1.0,M,0.05,0.9475899350636388,COMPENSATE,S2,False,2.0,6.6348966010212145,DIFFERENT_ACTION,"C,M,S","{""M"": 0.0, ""C"": 0.0, ""F"": 8100.0315, ""S"": 0.0}","{""M"": 0.9475899350636388, ""C"": 0.4904522613065327, ""F"": 1.0, ""S"": -1.4999463316582918e-05}",4.60616373766162e-06,0.0,0.0
2,1.0,M,0.05,0.9475899350636388,COMPENSATE,S2,True,4.0,11.344866730144373,SAME_ACTION,"C,M","{""M"": 0.0, ""C"": 2.8578, ""F"": 8275.0508, ""S"": 175.0194}","{""M"": 0.9475899350636388, ""C"": 0.4887608845125847, ""F"": 1.0, ""S"": -1.4999463316582918e-05}",0.0,0.0,0.0
2,1.0,M,0.05,0.9475899350636388,COMPENSATE,S3,False,3.0,9.21034037197618,DIFFERENT_ACTION,"C,M,S","{""M"": 0.0, ""C"": 0.0, ""F"": 8100.0315, ""S"": 0.0}","{""M"": 0.9475899350636388, ""C"": 0.4904522613065327, ""F"": 1.0, ""S"": -1.4999463316582918e-05}",4.60616373766162e-06,0.0,0.0
2,1.0,M,0.05,0.9475899350636388,COMPENSATE,S3,True,6.0,15.086272469388987,SAME_ACTION,"C,M","{""M"": 0.0, ""C"": 3.7887, ""F"": 8275.0631, ""S"": 175.0317}","{""M"": 0.9475899350636388, ""C"": 0.4887856994890013, ""F"": 1.0, ""S"": -1.4999463316582918e-05}",0.0,0.0,0.0
2,1.0,M,0.05,0.9475899350636388,COMPENSATE,S4,False,7.0,16.811893829770927,DIFFERENT_ACTION,"C,M,S","{""M"": 0.0, ""C"": 1.4578, ""F"": 8100.0315, ""S"": 0.0}","{""M"": 0.9475899350636388, ""C"": 0.5641884451005754, ""F"": 1.0, ""S"": -1.4999463316582918e-05}",4.60616373766162e-06,0.0,0.0
2,1.0,M,0.05,0.9475899350636388,COMPENSATE,S4,True,14.0,27.68824961045705,SAME_ACTION,"C,M","{""M"": 0.0, ""C"": 10.0457, ""F"": 8275.0641, ""S"": 175.0326}","{""M"": 0.9475899350636388, ""C"": 0.4892690198158475, ""F"": 1.0, ""S"": -1.4999463316582918e-05}",0.0,0.0,0.0
2,1.0,M,0.1,0.8954528333094641,COMPENSATE,S1,False,1.0,6.6348966010212145,DIFFERENT_ACTION,"M,S","{""M"": 0.0, ""C"": 2814.0759, ""F"": 36100.1328, ""S"": 0.0}","{""M"": 0.8954528333094641, ""C"": 0.4, ""F"": 1.0, ""S"": -2.8887855276381913e-05}",1.3818732679834957e-05,0.0,0.0
2,1.0,M,0.1,0.8954528333094641,COMPENSATE,S1,True,2.0,6.6348966010212145,DISTINGUISHABLE,M,"{""M"": 0.0, ""C"": 2964.208, ""F"": 36797.6299, ""S"": 697.4971}","{""M"": 0.8954528333094641, ""C"": 0.4, ""F"": 1.0, ""S"": -2.8887855276381913e-05}",0.0,0.0,0.0
2,1.0,M,0.1,0.8954528333094641,COMPENSATE,S2,False,2.0,6.6348966010212145,DIFFERENT_ACTION,"M,S","{""M"": 0.0, ""C"": 2814.0759, ""F"": 36100.1328, ""S"": 0.0}","{""M"": 0.8954528333094641, ""C"": 0.4, ""F"": 1.0, ""S"": -2.8887855276381913e-05}",1.3818732679834957e-05,0.0,0.0
2,1.0,M,0.1,0.8954528333094641,COMPENSATE,S2,True,4.0,11.344866730144373,DISTINGUISHABLE,M,"{""M"": 0.0, ""C"": 2964.2127, ""F"": 36797.6545, ""S"": 697.5217}","{""M"": 0.8954528333094641, ""C"": 0.4, ""F"": 1.0, ""S"": -2.8887855276381913e-05}",0.0,0.0,0.0
2,1.0,M,0.1,0.8954528333094641,COMPENSATE,S3,False,3.0,9.21034037197618,DIFFERENT_ACTION,"M,S","{""M"": 0.0, ""C"": 2814.0759, ""F"": 36100.1328, ""S"": 0.0}","{""M"": 0.8954528333094641, ""C"": 0.4, ""F"": 1.0, ""S"": -2.8887855276381913e-05}",1.3818732679834957e-05,0.0,0.0
2,1.0,M,0.1,0.8954528333094641,COMPENSATE,S3,True,6.0,15.086272469388987,DISTINGUISHABLE,M,"{""M"": 0.0, ""C"": 2965.821, ""F"": 36797.7035, ""S"": 697.5707}","{""M"": 0.8954528333094641, ""C"": 0.4, ""F"": 1.0, ""S"": -2.8887855276381913e-05}",0.0,0.0,0.0
2,1.0,M,0.1,0.8954528333094641,COMPENSATE,S4,False,7.0,16.811893829770927,DIFFERENT_ACTION,"M,S","{""M"": 0.0, ""C"": 2831.1742, ""F"": 36100.1328, ""S"": 0.0}","{""M"": 0.8954528333094641, ""C"": 0.4, ""F"": 1.0, ""S"": -2.8887855276381913e-05}",1.3818732679834957e-05,0.0,0.0
2,1.0,M,0.1,0.8954528333094641,COMPENSATE,S4,True,14.0,27.68824961045705,DISTINGUISHABLE,M,"{""M"": 0.0, ""C"": 2984.3226, ""F"": 36797.7073, ""S"": 697.5745}","{""M"": 0.8954528333094641, ""C"": 0.4, ""F"": 1.0, ""S"": -2.8887855276381913e-05}",0.0,0.0,0.0
2,1.0,M,0.2,0.7919836924242535,COMPENSATE,S1,False,1.0,6.6348966010212145,DIFFERENT_ACTION,"M,S","{""M"": 0.0, ""C"": 64033.3983, ""F"": 152100.5452, ""S"": 0.0}","{""M"": 0.7919836924242535, ""C"": 0.4, ""F"": 1.0, ""S"": -5.5275800000000004e-05}",2.7637706826519982e-05,0.0,0.0
2,1.0,M,0.2,0.7919836924242535,COMPENSATE,S1,True,2.0,6.6348966010212145,DISTINGUISHABLE,M,"{""M"": 0.0, ""C"": 65513.4133, ""F"": 154870.2823, ""S"": 2769.7371}","{""M"": 0.7919836924242535, ""C"": 0.4, ""F"": 1.0, ""S"": -5.480131588476358e-05}",0.0,0.0,0.0
2,1.0,M,0.2,0.7919836924242535,COMPENSATE,S2,False,2.0,6.6348966010212145,DIFFERENT_ACTION,"M,S","{""M"": 0.0, ""C"": 64033.3983, ""F"": 152100.5452, ""S"": 0.0}","{""M"": 0.7919836924242535, ""C"": 0.4, ""F"": 1.0, ""S"": -5.5275800000000004e-05}",2.7637706826519982e-05,0.0,0.0
2,1.0,M,0.2,0.7919836924242535,COMPENSATE,S2,True,4.0,11.344866730144373,DISTINGUISHABLE,M,"{""M"": 0.0, ""C"": 65513.464, ""F"": 154870.3804, ""S"": 2769.8352}","{""M"": 0.7919836924242535, ""C"": 0.4, ""F"": 1.0, ""S"": -5.480131588476358e-05}",0.0,0.0,0.0
2,1.0,M,0.2,0.7919836924242535,COMPENSATE,S3,False,3.0,9.21034037197618,DIFFERENT_ACTION,"M,S","{""M"": 0.0, ""C"": 64033.3983, ""F"": 152100.5452, ""S"": 0.0}","{""M"": 0.7919836924242535, ""C"": 0.4, ""F"": 1.0, ""S"": -5.5275800000000004e-05}",2.7637706826519982e-05,0.0,0.0
2,1.0,M,0.2,0.7919836924242535,COMPENSATE,S3,True,6.0,15.086272469388987,DISTINGUISHABLE,M,"{""M"": 0.0, ""C"": 65515.6696, ""F"": 154870.5741, ""S"": 2770.029}","{""M"": 0.7919836924242535, ""C"": 0.4, ""F"": 1.0, ""S"": -5.480131588476358e-05}",0.0,0.0,0.0
2,1.0,M,0.2,0.7919836924242535,COMPENSATE,S4,False,7.0,16.811893829770927,DIFFERENT_ACTION,"M,S","{""M"": 0.0, ""C"": 64056.0345, ""F"": 152100.5452, ""S"": 0.0}","{""M"": 0.7919836924242535, ""C"": 0.4, ""F"": 1.0, ""S"": -5.5275800000000004e-05}",2.7637706826519982e-05,0.0,0.0
2,1.0,M,0.2,0.7919836924242535,COMPENSATE,S4,True,14.0,27.68824961045705,DISTINGUISHABLE,M,"{""M"": 0.0, ""C"": 65539.8014, ""F"": 154870.5891, ""S"": 2770.0439}","{""M"": 0.7919836924242535, ""C"": 0.4, ""F"": 1.0, ""S"": -5.480131588476358e-05}",0.0,0.0,0.0
2,1.0,F,0.01,,,S1,False,,,UNREACHABLE,,,,,,
2,1.0,F,0.01,,,S1,True,,,UNREACHABLE,,,,,,
2,1.0,F,0.01,,,S2,False,,,UNREACHABLE,,,,,,
2,1.0,F,0.01,,,S2,True,,,UNREACHABLE,,,,,,
2,1.0,F,0.01,,,S3,False,,,UNREACHABLE,,,,,,
2,1.0,F,0.01,,,S3,True,,,UNREACHABLE,,,,,,
2,1.0,F,0.01,,,S4,False,,,UNREACHABLE,,,,,,
2,1.0,F,0.01,,,S4,True,,,UNREACHABLE,,,,,,
2,1.0,F,0.02,,,S1,False,,,UNREACHABLE,,,,,,
2,1.0,F,0.02,,,S1,True,,,UNREACHABLE,,,,,,
2,1.0,F,0.02,,,S2,False,,,UNREACHABLE,,,,,,
2,1.0,F,0.02,,,S2,True,,,UNREACHABLE,,,,,,
2,1.0,F,0.02,,,S3,False,,,UNREACHABLE,,,,,,
2,1.0,F,0.02,,,S3,True,,,UNREACHABLE,,,,,,
2,1.0,F,0.02,,,S4,False,,,UNREACHABLE,,,,,,
2,1.0,F,0.02,,,S4,True,,,UNREACHABLE,,,,,,
2,1.0,F,0.05,,,S1,False,,,UNREACHABLE,,,,,,
2,1.0,F,0.05,,,S1,True,,,UNREACHABLE,,,,,,
2,1.0,F,0.05,,,S2,False,,,UNREACHABLE,,,,,,
2,1.0,F,0.05,,,S2,True,,,UNREACHABLE,,,,,,
2,1.0,F,0.05,,,S3,False,,,UNREACHABLE,,,,,,
2,1.0,F,0.05,,,S3,True,,,UNREACHABLE,,,,,,
2,1.0,F,0.05,,,S4,False,,,UNREACHABLE,,,,,,
2,1.0,F,0.05,,,S4,True,,,UNREACHABLE,,,,,,
2,1.0,F,0.1,,,S1,False,,,UNREACHABLE,,,,,,
2,1.0,F,0.1,,,S1,True,,,UNREACHABLE,,,,,,
2,1.0,F,0.1,,,S2,False,,,UNREACHABLE,,,,,,
2,1.0,F,0.1,,,S2,True,,,UNREACHABLE,,,,,,
2,1.0,F,0.1,,,S3,False,,,UNREACHABLE,,,,,,
2,1.0,F,0.1,,,S3,True,,,UNREACHABLE,,,,,,
2,1.0,F,0.1,,,S4,False,,,UNREACHABLE,,,,,,
2,1.0,F,0.1,,,S4,True,,,UNREACHABLE,,,,,,
2,1.0,F,0.2,,,S1,False,,,UNREACHABLE,,,,,,
2,1.0,F,0.2,,,S1,True,,,UNREACHABLE,,,,,,
2,1.0,F,0.2,,,S2,False,,,UNREACHABLE,,,,,,
2,1.0,F,0.2,,,S2,True,,,UNREACHABLE,,,,,,
2,1.0,F,0.2,,,S3,False,,,UNREACHABLE,,,,,,
2,1.0,F,0.2,,,S3,True,,,UNREACHABLE,,,,,,
2,1.0,F,0.2,,,S4,False,,,UNREACHABLE,,,,,,
2,1.0,F,0.2,,,S4,True,,,UNREACHABLE,,,,,,
2,1.0,S,0.01,-2.763794829336978e-06,RECALIBRATE,S1,False,1.0,6.6348966010212145,DIFFERENT_ACTION,"C,M,S","{""S"": 0.0, ""C"": 0.0, ""M"": 0.0, ""F"": 100.0007}","{""S"": -2.763794829336978e-06, ""C"": 0.8371859296482412, ""M"": 0.9849246231155779, ""F"": 1.0}",0.0,1.2321098686118555e-05,0.0
2,1.0,S,0.01,-2.763794829336978e-06,RECALIBRATE,S1,True,2.0,6.6348966010212145,DIFFERENT_ACTION,"C,M,S","{""S"": 0.0, ""C"": 1.2052, ""M"": 1.7256, ""F"": 100.0007}","{""S"": -2.763794829336978e-06, ""C"": 0.94338120565745, ""M"": 0.9948372148977068, ""F"": 1.0}",0.0,4.1115798130325854e-06,0.0
2,1.0,S,0.01,-2.763794829336978e-06,RECALIBRATE,S2,False,2.0,6.6348966010212145,DIFFERENT_ACTION,"C,M,S","{""S"": 0.0, ""C"": 0.0, ""M"": 0.0, ""F"": 100.0007}","{""S"": -2.763794829336978e-06, ""C"": 0.8371859296482412, ""M"": 0.9849246231155779, ""F"": 1.0}",0.0,1.2321098686118555e-05,0.0
2,1.0,S,0.01,-2.763794829336978e-06,RECALIBRATE,S2,True,4.0,11.344866730144373,DIFFERENT_ACTION,"C,M,S","{""S"": 0.0, ""C"": 1.2052, ""M"": 1.7257, ""F"": 100.0007}","{""S"": -2.763794829336978e-06, ""C"": 0.9433812312782818, ""M"": 0.9948372180317805, ""F"": 1.0}",0.0,4.111577600773564e-06,0.0
2,1.0,S,0.01,-2.763794829336978e-06,RECALIBRATE,S3,False,3.0,9.21034037197618,DIFFERENT_ACTION,"C,M,S","{""S"": 0.0, ""C"": 0.0, ""M"": 0.0, ""F"": 100.0007}","{""S"": -2.763794829336978e-06, ""C"": 0.8371859296482412, ""M"": 0.9849246231155779, ""F"": 1.0}",0.0,1.2321098686118555e-05,0.0
2,1.0,S,0.01,-2.763794829336978e-06,RECALIBRATE,S3,True,6.0,15.086272469388987,DIFFERENT_ACTION,"C,M,S","{""S"": 0.0, ""C"": 1.2117, ""M"": 1.7258, ""F"": 100.0007}","{""S"": -2.763794829336978e-06, ""C"": 0.9433848573497134, ""M"": 0.9948372243017489, ""F"": 1.0}",0.0,4.111439548687597e-06,0.0
2,1.0,S,0.01,-2.763794829336978e-06,RECALIBRATE,S4,False,7.0,16.811893829770927,DIFFERENT_ACTION,"C,M,S","{""S"": 0.0, ""C"": 0.0, ""M"": 0.0, ""F"": 100.0007}","{""S"": -2.763794829336978e-06, ""C"": 0.8371859296482412, ""M"": 0.9849246231155779, ""F"": 1.0}",0.0,1.2321098686118555e-05,0.0
2,1.0,S,0.01,-2.763794829336978e-06,RECALIBRATE,S4,True,14.0,27.68824961045705,DIFFERENT_ACTION,"C,M,S","{""S"": 0.0, ""C"": 1.2195, ""M"": 1.7258, ""F"": 100.0007}","{""S"": -2.763794829336978e-06, ""C"": 0.9433891883450792, ""M"": 0.9948372247940143, ""F"": 1.0}",0.0,4.111277460003759e-06,0.0
2,1.0,S,0.02,-5.52758965867401e-06,RECALIBRATE,S1,False,1.0,6.6348966010212145,DIFFERENT_ACTION,"C,M,S","{""S"": 0.0, ""C"": 0.0, ""M"": 0.0, ""F"": 900.0042}","{""S"": -5.52758965867401e-06, ""C"": 0.7376884422110552, ""M"": 0.9758793969849247, ""F"": 1.0}",0.0,2.046906066258407e-05,0.0
2,1.0,S,0.02,-5.52758965867401e-06,RECALIBRATE,S1,True,2.0,6.6348966010212145,DISTINGUISHABLE,S,"{""S"": 0.0, ""C"": 10.6277, ""M"": 15.5197, ""F"": 900.0042}","{""S"": -5.52758965867401e-06, ""C"": 0.8368936819637994, ""M"": 0.9845193717439085, ""F"": 1.0}",0.0,0.0,0.0
2,1.0,S,0.02,-5.52758965867401e-06,RECALIBRATE,S2,False,2.0,6.6348966010212145,DIFFERENT_ACTION,"C,M,S","{""S"": 0.0, ""C"": 0.0, ""M"": 0.0, ""F"": 900.0042}","{""S"": -5.52758965867401e-06, ""C"": 0.7376884422110552, ""M"": 0.9758793969849247, ""F"": 1.0}",0.0,2.046906066258407e-05,0.0
2,1.0,S,0.02,-5.52758965867401e-06,RECALIBRATE,S2,True,4.0,11.344866730144373,DIFFERENT_ACTION,"C,S","{""S"": 0.0, ""C"": 10.6281, ""M"": 15.5202, ""F"": 900.0042}","{""S"": -5.52758965867401e-06, ""C"": 0.8368937505116165, ""M"": 0.9845193811318809, ""F"": 1.0}",0.0,9.388229682511765e-06,0.0
2,1.0,S,0.02,-5.52758965867401e-06,RECALIBRATE,S3,False,3.0,9.21034037197618,DIFFERENT_ACTION,"C,M,S","{""S"": 0.0, ""C"": 0.0, ""M"": 0.0, ""F"": 900.0042}","{""S"": -5.52758965867401e-06, ""C"": 0.7376884422110552, ""M"": 0.9758793969849247, ""F"": 1.0}",0.0,2.046906066258407e-05,0.0
2,1.0,S,0.02,-5.52758965867401e-06,RECALIBRATE,S3,True,6.0,15.086272469388987,DIFFERENT_ACTION,"C,S","{""S"": 0.0, ""C"": 10.6854, ""M"": 15.5213, ""F"": 900.0042}","{""S"": -5.52758965867401e-06, ""C"": 0.8369034698122119, ""M"": 0.9845193999042394, ""F"": 1.0}",0.0,9.387622769431426e-06,0.0
2,1.0,S,0.02,-5.52758965867401e-06,RECALIBRATE,S4,False,7.0,16.811893829770927,DIFFERENT_ACTION,"C,M,S","{""S"": 0.0, ""C"": 0.0, ""M"": 0.0, ""F"": 900.0042}","{""S"": -5.52758965867401e-06, ""C"": 0.7467336683417085, ""M"": 0.9758793969849247, ""F"": 1.0}",0.0,2.0050053366062698e-05,0.0
2,1.0,S,0.02,-5.52758965867401e-06,RECALIBRATE,S4,True,14.0,27.68824961045705,DIFFERENT_ACTION,"C,M,S","{""S"": 0.0, ""C"": 10.7539, ""M"": 15.5214, ""F"": 900.0042}","{""S"": -5.52758965867401e-06, ""C"": 0.8369150832421876, ""M"": 0.984519401377091, ""F"": 1.0}",0.0,1.2499223667408035e-05,0.0
2,1.0,S,0.05,-1.3818974146684998e-05,RECALIBRATE,S1,False,1.0,6.6348966010212145,DIFFERENT_ACTION,"C,M,S","{""S"": 0.0, ""C"": 0.0, ""M"": 0.0, ""F"": 8100.0315}","{""S"": -1.3818974146684998e-05, ""C"": 0.4904522613065327, ""M"": 0.942713567839196, ""F"": 1.0}",0.0,4.883961083768847e-05,0.0
2,1.0,S,0.05,-1.3818974146684998e-05,RECALIBRATE,S1,True,2.0,6.6348966010212145,DISTINGUISHABLE,S,"{""S"": 0.0, ""C"": 89.9594, ""M"": 139.3804, ""F"": 8100.0315}","{""S"": -1.3818974146684998e-05, ""C"": 0.56768855302663, ""M"": 0.9536272869274222, ""F"": 1.0}",0.0,0.0,0.0
2,1.0,S,0.05,-1.3818974146684998e-05,RECALIBRATE,S2,False,2.0,6.6348966010212145,DIFFERENT_ACTION,"C,M,S","{""S"": 0.0, ""C"": 0.0, ""M"": 0.0, ""F"": 8100.0315}","{""S"": -1.3818974146684998e-05, ""C"": 0.4904522613065327, ""M"": 0.942713567839196, ""F"": 1.0}",0.0,4.883961083768847e-05,0.0
2,1.0,S,0.05,-1.3818974146684998e-05,RECALIBRATE,S2,True,4.0,11.344866730144373,DISTINGUISHABLE,S,"{""S"": 0.0, ""C"": 89.9628, ""M"": 139.3852, ""F"": 8100.0315}","{""S"": -1.3818974146684998e-05, ""C"": 0.5676887048029892, ""M"": 0.9536273149613376, ""F"": 1.0}",0.0,0.0,0.0
2,1.0,S,0.05,-1.3818974146684998e-05,RECALIBRATE,S3,False,3.0,9.21034037197618,DIFFERENT_ACTION,"C,M,S","{""S"": 0.0, ""C"": 0.0, ""M"": 0.0, ""F"": 8100.0315}","{""S"": -1.3818974146684998e-05, ""C"": 0.4904522613065327, ""M"": 0.942713567839196, ""F"": 1.0}",0.0,4.883961083768847e-05,0.0
2,1.0,S,0.05,-1.3818974146684998e-05,RECALIBRATE,S3,True,6.0,15.086272469388987,DISTINGUISHABLE,S,"{""S"": 0.0, ""C"": 90.4502, ""M"": 139.3948, ""F"": 8100.0315}","{""S"": -1.3818974146684998e-05, ""C"": 0.5677091198738426, ""M"": 0.953627370959524, ""F"": 1.0}",0.0,0.0,0.0
2,1.0,S,0.05,-1.3818974146684998e-05,RECALIBRATE,S4,False,7.0,16.811893829770927,DIFFERENT_ACTION,"C,M,S","{""S"": 0.0, ""C"": 1.1439, ""M"": 0.0, ""F"": 8100.0315}","{""S"": -1.3818974146684998e-05, ""C"": 0.5641220775034853, ""M"": 0.942713567839196, ""F"": 1.0}",0.0,4.423225444103149e-05,0.0
2,1.0,S,0.05,-1.3818974146684998e-05,RECALIBRATE,S4,True,14.0,27.68824961045705,DISTINGUISHABLE,S,"{""S"": 0.0, ""C"": 92.0899, ""M"": 139.3956, ""F"": 8100.0315}","{""S"": -1.3818974146684998e-05, ""C"": 0.5679051707075328, ""M"": 0.9536273753312384, ""F"": 1.0}",0.0,0.0,0.0
2,1.0,S,0.1,-2.7637948293369997e-05,RECALIBRATE,S1,False,1.0,6.6348966010212145,DIFFERENT_ACTION,"M,S","{""S"": 0.0, ""C"": 2814.0759, ""M"": 0.0, ""F"": 36100.1328}","{""S"": -2.7637948293369997e-05, ""C"": 0.4, ""M"": 0.8914572864321608, ""F"": 1.0}",0.0,7.55434962858172e-05,0.0
2,1.0,S,0.1,-2.7637948293369997e-05,RECALIBRATE,S1,True,2.0,6.6348966010212145,DISTINGUISHABLE,S,"{""S"": 0.0, ""C"": 3014.5059, ""M"": 618.9972, ""F"": 36100.1328}","{""S"": -2.7637948293369997e-05, ""C"": 0.4, ""M"": 0.9023438416636961, ""F"": 1.0}",0.0,0.0,0.0
2,1.0,S,0.1,-2.7637948293369997e-05,RECALIBRATE,S2,False,2.0,6.6348966010212145,DIFFERENT_ACTION,"M,S","{""S"": 0.0, ""C"": 2814.0759, ""M"": 0.0, ""F"": 36100.1328}","{""S"": -2.7637948293369997e-05, ""C"": 0.4, ""M"": 0.8914572864321608, ""F"": 1.0}",0.0,7.55434962858172e-05,0.0
2,1.0,S,0.1,-2.7637948293369997e-05,RECALIBRATE,S2,True,4.0,11.344866730144373,DISTINGUISHABLE,S,"{""S"": 0.0, ""C"": 3014.5136, ""M"": 619.0186, ""F"": 36100.1328}","{""S"": -2.7637948293369997e-05, ""C"": 0.4, ""M"": 0.9023439003801302, ""F"": 1.0}",0.0,0.0,0.0
2,1.0,S,0.1,-2.7637948293369997e-05,RECALIBRATE,S3,False,3.0,9.21034037197618,DIFFERENT_ACTION,"M,S","{""S"": 0.0, ""C"": 2814.0759, ""M"": 0.0, ""F"": 36100.1328}","{""S"": -2.7637948293369997e-05, ""C"": 0.4, ""M"": 0.8914572864321608, ""F"": 1.0}",0.0,7.55434962858172e-05,0.0
2,1.0,S,0.1,-2.7637948293369997e-05,RECALIBRATE,S3,True,6.0,15.086272469388987,DISTINGUISHABLE,S,"{""S"": 0.0, ""C"": 3015.6139, ""M"": 619.0615, ""F"": 36100.1328}","{""S"": -2.7637948293369997e-05, ""C"": 0.4, ""M"": 0.9023440174486763, ""F"": 1.0}",0.0,0.0,0.0
2,1.0,S,0.1,-2.7637948293369997e-05,RECALIBRATE,S4,False,7.0,16.811893829770927,DIFFERENT_ACTION,"M,S","{""S"": 0.0, ""C"": 2826.7685, ""M"": 0.0, ""F"": 36100.1328}","{""S"": -2.7637948293369997e-05, ""C"": 0.4, ""M"": 0.8914572864321608, ""F"": 1.0}",0.0,7.55434962858172e-05,0.0
2,1.0,S,0.1,-2.7637948293369997e-05,RECALIBRATE,S4,True,14.0,27.68824961045705,DISTINGUISHABLE,S,"{""S"": 0.0, ""C"": 3029.6222, ""M"": 619.0648, ""F"": 36100.1328}","{""S"": -2.7637948293369997e-05, ""C"": 0.4, ""M"": 0.9023440265237341, ""F"": 1.0}",0.0,0.0,0.0
2,1.0,S,0.2,,,S1,False,,,UNREACHABLE,,,,,,
2,1.0,S,0.2,,,S1,True,,,UNREACHABLE,,,,,,
2,1.0,S,0.2,,,S2,False,,,UNREACHABLE,,,,,,
2,1.0,S,0.2,,,S2,True,,,UNREACHABLE,,,,,,
2,1.0,S,0.2,,,S3,False,,,UNREACHABLE,,,,,,
2,1.0,S,0.2,,,S3,True,,,UNREACHABLE,,,,,,
2,1.0,S,0.2,,,S4,False,,,UNREACHABLE,,,,,,
2,1.0,S,0.2,,,S4,True,,,UNREACHABLE,,,,,,
2,0.5,C,0.01,0.887758689068076,COMPENSATE,S1,False,1.0,6.6348966010212145,DIFFERENT_ACTION,"C,M,S","{""C"": 0.0, ""M"": 0.0, ""F"": 900.0042, ""S"": 0.0}","{""C"": 0.887758689068076, ""M"": 0.9879396984924623, ""F"": 1.0, ""S"": -3.33321407035176e-06}",9.211039652122803e-07,0.0,0.0
2,0.5,C,0.01,0.887758689068076,COMPENSATE,S1,True,2.0,6.6348966010212145,SAME_ACTION,"C,M","{""C"": 0.0, ""M"": 0.0, ""F"": 919.3173, ""S"": 19.3131}","{""C"": 0.887758689068076, ""M"": 0.9912891486827223, ""F"": 1.0, ""S"": -3.33321407035176e-06}",0.0,0.0,0.0
2,0.5,C,0.01,0.887758689068076,COMPENSATE,S2,False,2.0,6.6348966010212145,DIFFERENT_ACTION,"C,M,S","{""C"": 0.0, ""M"": 0.0, ""F"": 900.0042, ""S"": 0.0}","{""C"": 0.887758689068076, ""M"": 0.9879396984924623, ""F"": 1.0, ""S"": -3.33321407035176e-06}",9.211039652122803e-07,0.0,0.0
2,0.5,C,0.01,0.887758689068076,COMPENSATE,S2,True,4.0,11.344866730144373,SAME_ACTION,"C,M","{""C"": 0.0, ""M"": 0.0, ""F"": 919.318, ""S"": 19.3138}","{""C"": 0.887758689068076, ""M"": 0.9912891345174855, ""F"": 1.0, ""S"": -3.33321407035176e-06}",0.0,0.0,0.0
2,0.5,C,0.01,0.887758689068076,COMPENSATE,S3,False,3.0,9.21034037197618,DIFFERENT_ACTION,"C,M,S","{""C"": 0.0, ""M"": 0.0, ""F"": 900.0042, ""S"": 0.0}","{""C"": 0.887758689068076, ""M"": 0.9879396984924623, ""F"": 1.0, ""S"": -3.33321407035176e-06}",9.211039652122803e-07,0.0,0.0
2,0.5,C,0.01,0.887758689068076,COMPENSATE,S3,True,6.0,15.086272469388987,SAME_ACTION,"C,M","{""C"": 0.0, ""M"": 0.1308, ""F"": 919.4235, ""S"": 19.4193}","{""C"": 0.887758689068076, ""M"": 0.9912951541863787, ""F"": 1.0, ""S"": -3.33321407035176e-06}",0.0,0.0,0.0
2,0.5,C,0.01,0.887758689068076,COMPENSATE,S4,False,7.0,16.811893829770927,DIFFERENT_ACTION,"C,M,S","{""C"": 0.0, ""M"": 0.0, ""F"": 900.0042, ""S"": 0.0}","{""C"": 0.887758689068076, ""M"": 0.9879396984924623, ""F"": 1.0, ""S"": -3.33321407035176e-06}",9.211039652122803e-07,0.0,0.0
2,0.5,C,0.01,0.887758689068076,COMPENSATE,S4,True,14.0,27.68824961045705,DIFFERENT_ACTION,"C,M,S","{""C"": 0.0, ""M"": 0.2616, ""F"": 919.5497, ""S"": 19.5455}","{""C"": 0.887758689068076, ""M"": 0.9912962216619838, ""F"": 1.0, ""S"": -3.33321407035176e-06}",9.211039652122803e-07,0.0,0.0
2,0.5,C,0.02,0.7846593323780718,COMPENSATE,S1,False,1.0,6.6348966010212145,DIFFERENT_ACTION,"C,M,S","{""C"": 0.0, ""M"": 0.0, ""F"": 4900.0196, ""S"": 0.0}","{""C"": 0.7846593323780718, ""M"": 0.978894472361809, ""F"": 1.0, ""S"": -6.110892462311559e-06}",1.8423689083246605e-06,0.0,0.0
2,0.5,C,0.02,0.7846593323780718,COMPENSATE,S1,True,2.0,6.6348966010212145,SAME_ACTION,"C,M","{""C"": 0.0, ""M"": 0.3233, ""F"": 4975.6745, ""S"": 75.655}","{""C"": 0.7846593323780718, ""M"": 0.9816447695379265, ""F"": 1.0, ""S"": -6.110892462311559e-06}",0.0,0.0,0.0
2,0.5,C,0.02,0.7846593323780718,COMPENSATE,S2,False,2.0,6.6348966010212145,DIFFERENT_ACTION,"C,M,S","{""C"": 0.0, ""M"": 0.0, ""F"": 4900.0196, ""S"": 0.0}","{""C"": 0.7846593323780718, ""M"": 0.978894472361809, ""F"": 1.0, ""S"": -6.110892462311559e-06}",1.8423689083246605e-06,0.0,0.0
2,0.5,C,0.02,0.7846593323780718,COMPENSATE,S2,True,4.0,11.344866730144373,SAME_ACTION,"C,M","{""C"": 0.0, ""M"": 0.3233, ""F"": 4975.6775, ""S"": 75.6579}","{""C"": 0.7846593323780718, ""M"": 0.981644769731293, ""F"": 1.0, ""S"": -6.110892462311559e-06}",0.0,0.0,0.0
2,0.5,C,0.02,0.7846593323780718,COMPENSATE,S3,False,3.0,9.21034037197618,DIFFERENT_ACTION,"C,M,S","{""C"": 0.0, ""M"": 0.0, ""F"": 4900.0196, ""S"": 0.0}","{""C"": 0.7846593323780718, ""M"": 0.978894472361809, ""F"": 1.0, ""S"": -6.110892462311559e-06}",1.8423689083246605e-06,0.0,0.0
2,0.5,C,0.02,0.7846593323780718,COMPENSATE,S3,True,6.0,15.086272469388987,SAME_ACTION,"C,M","{""C"": 0.0, ""M"": 0.8439, ""F"": 4976.0918, ""S"": 76.0722}","{""C"": 0.7846593323780718, ""M"": 0.981644976653387, ""F"": 1.0, ""S"": -6.110892462311559e-06}",0.0,0.0,0.0
2,0.5,C,0.02,0.7846593323780718,COMPENSATE,S4,False,7.0,16.811893829770927,DIFFERENT_ACTION,"C,M,S","{""C"": 0.0, ""M"": 0.4848, ""F"": 4900.435, ""S"": 0.4155}","{""C"": 0.7846593323780718, ""M"": 0.9816253456087234, ""F"": 1.0, ""S"": -6.110892462311559e-06}",1.8423689083246605e-06,0.0,0.0
2,0.5,C,0.02,0.7846593323780718,COMPENSATE,S4,True,14.0,27.68824961045705,SAME_ACTION,"C,M","{""C"": 0.0, ""M"": 1.8441, ""F"": 4977.0033, ""S"": 76.9837}","{""C"": 0.7846593323780718, ""M"": 0.9816451546800462, ""F"": 1.0, ""S"": -6.110892462311559e-06}",0.0,0.0,0.0
2,0.5,C,0.05,0.5257085466915794,COMPENSATE,S1,False,1.0,6.6348966010212145,DIFFERENT_ACTION,"C,M,S","{""C"": 0.0, ""M"": 0.0, ""F"": 36100.1328, ""S"": 0.0}","{""C"": 0.5257085466915794, ""M"": 0.9457286432160804, ""F"": 1.0, ""S"": -1.4443927638190956e-05}",4.606163737661331e-06,0.0,0.0
2,0.5,C,0.05,0.5257085466915794,COMPENSATE,S1,True,2.0,6.6348966010212145,DISTINGUISHABLE,C,"{""C"": 0.0, ""M"": 16.2298, ""F"": 36544.2583, ""S"": 444.1255}","{""C"": 0.5257085466915794, ""M"": 0.9503418287636739, ""F"": 1.0, ""S"": -1.4443927638190956e-05}",0.0,0.0,0.0
2,0.5,C,0.05,0.5257085466915794,COMPENSATE,S2,False,2.0,6.6348966010212145,DIFFERENT_ACTION,"C,M,S","{""C"": 0.0, ""M"": 0.0, ""F"": 36100.1328, ""S"": 0.0}","{""C"": 0.5257085466915794, ""M"": 0.9457286432160804, ""F"": 1.0, ""S"": -1.4443927638190956e-05}",4.606163737661331e-06,0.0,0.0
2,0.5,C,0.05,0.5257085466915794,COMPENSATE,S2,True,4.0,11.344866730144373,DISTINGUISHABLE,C,"{""C"": 0.0, ""M"": 16.2301, ""F"": 36544.2754, ""S"": 444.1426}","{""C"": 0.5257085466915794, ""M"": 0.9503418323686794, ""F"": 1.0, ""S"": -1.4443927638190956e-05}",0.0,0.0,0.0
2,0.5,C,0.05,0.5257085466915794,COMPENSATE,S3,False,3.0,9.21034037197618,DIFFERENT_ACTION,"C,M,S","{""C"": 0.0, ""M"": 0.0, ""F"": 36100.1328, ""S"": 0.0}","{""C"": 0.5257085466915794, ""M"": 0.9457286432160804, ""F"": 1.0, ""S"": -1.4443927638190956e-05}",4.606163737661331e-06,0.0,0.0
2,0.5,C,0.05,0.5257085466915794,COMPENSATE,S3,True,6.0,15.086272469388987,DISTINGUISHABLE,C,"{""C"": 0.0, ""M"": 19.3894, ""F"": 36546.7283, ""S"": 446.5955}","{""C"": 0.5257085466915794, ""M"": 0.9503423408125756, ""F"": 1.0, ""S"": -1.4443927638190956e-05}",0.0,0.0,0.0
2,0.5,C,0.05,0.5257085466915794,COMPENSATE,S4,False,7.0,16.811893829770927,DISTINGUISHABLE,C,"{""C"": 0.0, ""M"": 62.1655, ""F"": 36153.0803, ""S"": 52.9475}","{""C"": 0.5257085466915794, ""M"": 0.9502106679488974, ""F"": 1.0, ""S"": -1.4443927638190956e-05}",0.0,0.0,0.0
2,0.5,C,0.05,0.5257085466915794,COMPENSATE,S4,True,14.0,27.68824961045705,DISTINGUISHABLE,C,"{""C"": 0.0, ""M"": 84.6049, ""F"": 36602.623, ""S"": 502.4903}","{""C"": 0.5257085466915794, ""M"": 0.9503490597476424, ""F"": 1.0, ""S"": -1.4443927638190956e-05}",0.0,0.0,0.0
2,0.5,C,0.1,,,S1,False,,,UNREACHABLE,,,,,,
2,0.5,C,0.1,,,S1,True,,,UNREACHABLE,,,,,,
2,0.5,C,0.1,,,S2,False,,,UNREACHABLE,,,,,,
2,0.5,C,0.1,,,S2,True,,,UNREACHABLE,,,,,,
2,0.5,C,0.1,,,S3,False,,,UNREACHABLE,,,,,,
2,0.5,C,0.1,,,S3,True,,,UNREACHABLE,,,,,,
2,0.5,C,0.1,,,S4,False,,,UNREACHABLE,,,,,,
2,0.5,C,0.1,,,S4,True,,,UNREACHABLE,,,,,,
2,0.5,C,0.2,,,S1,False,,,UNREACHABLE,,,,,,
2,0.5,C,0.2,,,S1,True,,,UNREACHABLE,,,,,,
2,0.5,C,0.2,,,S2,False,,,UNREACHABLE,,,,,,
2,0.5,C,0.2,,,S2,True,,,UNREACHABLE,,,,,,
2,0.5,C,0.2,,,S3,False,,,UNREACHABLE,,,,,,
2,0.5,C,0.2,,,S3,True,,,UNREACHABLE,,,,,,
2,0.5,C,0.2,,,S4,False,,,UNREACHABLE,,,,,,
2,0.5,C,0.2,,,S4,True,,,UNREACHABLE,,,,,,
2,0.5,M,0.01,0.9894959809123658,COMPENSATE,S1,False,1.0,6.6348966010212145,DIFFERENT_ACTION,"C,M,S","{""M"": 0.0, ""C"": 0.0, ""F"": 900.0042, ""S"": 0.0}","{""M"": 0.9894959809123658, ""C"": 0.8613065326633166, ""F"": 1.0, ""S"": -3.33321407035176e-06}",9.211039652022333e-07,0.0,0.0
2,0.5,M,0.01,0.9894959809123658,COMPENSATE,S1,True,2.0,6.6348966010212145,SAME_ACTION,"C,M","{""M"": 0.0, ""C"": 0.0, ""F"": 928.0886, ""S"": 28.0844}","{""M"": 0.9894959809123658, ""C"": 0.8655213273691892, ""F"": 1.0, ""S"": -3.33321407035176e-06}",0.0,0.0,0.0
2,0.5,M,0.01,0.9894959809123658,COMPENSATE,S2,False,2.0,6.6348966010212145,DIFFERENT_ACTION,"C,M,S","{""M"": 0.0, ""C"": 0.0, ""F"": 900.0042, ""S"": 0.0}","{""M"": 0.9894959809123658, ""C"": 0.8613065326633166, ""F"": 1.0, ""S"": -3.33321407035176e-06}",9.211039652022333e-07,0.0,0.0
2,0.5,M,0.01,0.9894959809123658,COMPENSATE,S2,True,4.0,11.344866730144373,SAME_ACTION,"C,M","{""M"": 0.0, ""C"": 0.0, ""F"": 928.0896, ""S"": 28.0854}","{""M"": 0.9894959809123658, ""C"": 0.865521547386748, ""F"": 1.0, ""S"": -3.33321407035176e-06}",0.0,0.0,0.0
2,0.5,M,0.01,0.9894959809123658,COMPENSATE,S3,False,3.0,9.21034037197618,DIFFERENT_ACTION,"C,M,S","{""M"": 0.0, ""C"": 0.0, ""F"": 900.0042, ""S"": 0.0}","{""M"": 0.9894959809123658, ""C"": 0.8613065326633166, ""F"": 1.0, ""S"": -3.33321407035176e-06}",9.211039652022333e-07,0.0,0.0
2,0.5,M,0.01,0.9894959809123658,COMPENSATE,S3,True,6.0,15.086272469388987,SAME_ACTION,"C,M","{""M"": 0.0, ""C"": 0.1889, ""F"": 928.0915, ""S"": 28.0873}","{""M"": 0.9894959809123658, ""C"": 0.8663032952871975, ""F"": 1.0, ""S"": -3.33321407035176e-06}",0.0,0.0,0.0
2,0.5,M,0.01,0.9894959809123658,COMPENSATE,S4,False,7.0,16.811893829770927,DIFFERENT_ACTION,"C,M,S","{""M"": 0.0, ""C"": 0.0, ""F"": 900.0042, ""S"": 0.0}","{""M"": 0.9894959809123658, ""C"": 0.8673366834170855, ""F"": 1.0, ""S"": -3.33321407035176e-06}",9.211039652022333e-07,0.0,0.0
2,0.5,M,0.01,0.9894959809123658,COMPENSATE,S4,True,14.0,27.68824961045705,SAME_ACTION,"C,M","{""M"": 0.0, ""C"": 0.375, ""F"": 928.0917, ""S"": 28.0875}","{""M"": 0.9894959809123658, ""C"": 0.8671470758467793, ""F"": 1.0, ""S"": -3.33321407035176e-06}",0.0,0.0,0.0
2,0.5,M,0.02,0.9790029932796666,COMPENSATE,S1,False,1.0,6.6348966010212145,DIFFERENT_ACTION,"C,M,S","{""M"": 0.0, ""C"": 0.0, ""F"": 4900.0196, ""S"": 0.0}","{""M"": 0.9790029932796666, ""C"": 0.7618090452261307, ""F"": 1.0, ""S"": -6.110892462311559e-06}",1.8423689083246605e-06,0.0,0.0
2,0.5,M,0.02,0.9790029932796666,COMPENSATE,S1,True,2.0,6.6348966010212145,SAME_ACTION,"C,M","{""M"": 0.0, ""C"": 0.6901, ""F"": 5012.2746, ""S"": 112.2551}","{""M"": 0.9790029932796666, ""C"": 0.7600472095053479, ""F"": 1.0, ""S"": -6.110892462311559e-06}",0.0,0.0,0.0
2,0.5,M,0.02,0.9790029932796666,COMPENSATE,S2,False,2.0,6.6348966010212145,DIFFERENT_ACTION,"C,M,S","{""M"": 0.0, ""C"": 0.0, ""F"": 4900.0196, ""S"": 0.0}","{""M"": 0.9790029932796666, ""C"": 0.7618090452261307, ""F"": 1.0, ""S"": -6.110892462311559e-06}",1.8423689083246605e-06,0.0,0.0
2,0.5,M,0.02,0.9790029932796666,COMPENSATE,S2,True,4.0,11.344866730144373,SAME_ACTION,"C,M","{""M"": 0.0, ""C"": 0.6901, ""F"": 5012.2786, ""S"": 112.259}","{""M"": 0.9790029932796666, ""C"": 0.7600472060268914, ""F"": 1.0, ""S"": -6.110892462311559e-06}",0.0,0.0,0.0
2,0.5,M,0.02,0.9790029932796666,COMPENSATE,S3,False,3.0,9.21034037197618,DIFFERENT_ACTION,"C,M,S","{""M"": 0.0, ""C"": 0.0, ""F"": 4900.0196, ""S"": 0.0}","{""M"": 0.9790029932796666, ""C"": 0.7618090452261307, ""F"": 1.0, ""S"": -6.110892462311559e-06}",1.8423689083246605e-06,0.0,0.0
2,0.5,M,0.02,0.9790029932796666,COMPENSATE,S3,True,6.0,15.086272469388987,SAME_ACTION,"C,M","{""M"": 0.0, ""C"": 1.3468, ""F"": 5012.2865, ""S"": 112.2669}","{""M"": 0.9790029932796666, ""C"": 0.7600623426029579, ""F"": 1.0, ""S"": -6.110892462311559e-06}",0.0,0.0,0.0
2,0.5,M,0.02,0.9790029932796666,COMPENSATE,S4,False,7.0,16.811893829770927,DIFFERENT_ACTION,"C,M,S","{""M"": 0.0, ""C"": 0.107, ""F"": 4900.0196, ""S"": 0.0}","{""M"": 0.9790029932796666, ""C"": 0.8096307294940976, ""F"": 1.0, ""S"": -6.110892462311559e-06}",1.8423689083246605e-06,0.0,0.0
2,0.5,M,0.02,0.9790029932796666,COMPENSATE,S4,True,14.0,27.68824961045705,SAME_ACTION,"C,M","{""M"": 0.0, ""C"": 3.4149, ""F"": 5012.2871, ""S"": 112.2675}","{""M"": 0.9790029932796666, ""C"": 0.7602240738989073, ""F"": 1.0, ""S"": -6.110892462311559e-06}",0.0,0.0,0.0
2,0.5,M,0.05,0.9475899350636388,COMPENSATE,S1,False,1.0,6.6348966010212145,DIFFERENT_ACTION,"C,M,S","{""M"": 0.0, ""C"": 0.0, ""F"": 36100.1328, ""S"": 0.0}","{""M"": 0.9475899350636388, ""C"": 0.5085427135678392, ""F"": 1.0, ""S"": -1.4443927638190956e-05}",4.60616373766162e-06,0.0,0.0
2,0.5,M,0.05,0.9475899350636388,COMPENSATE,S1,True,2.0,6.6348966010212145,DISTINGUISHABLE,M,"{""M"": 0.0, ""C"": 19.0678, ""F"": 36800.1856, ""S"": 700.0528}","{""M"": 0.9475899350636388, ""C"": 0.5065150490652108, ""F"": 1.0, ""S"": -1.4443927638190956e-05}",0.0,0.0,0.0
2,0.5,M,0.05,0.9475899350636388,COMPENSATE,S2,False,2.0,6.6348966010212145,DIFFERENT_ACTION,"C,M,S","{""M"": 0.0, ""C"": 0.0, ""F"": 36100.1328, ""S"": 0.0}","{""M"": 0.9475899350636388, ""C"": 0.5085427135678392, ""F"": 1.0, ""S"": -1.4443927638190956e-05}",4.60616373766162e-06,0.0,0.0
2,0.5,M,0.05,0.9475899350636388,COMPENSATE,S2,True,4.0,11.344866730144373,DISTINGUISHABLE,M,"{""M"": 0.0, ""C"": 19.0682, ""F"": 36800.2103, ""S"": 700.0775}","{""M"": 0.9475899350636388, ""C"": 0.5065150271945279, ""F"": 1.0, ""S"": -1.4443927638190956e-05}",0.0,0.0,0.0
2,0.5,M,0.05,0.9475899350636388,COMPENSATE,S3,False,3.0,9.21034037197618,DIFFERENT_ACTION,"C,M,S","{""M"": 0.0, ""C"": 0.0, ""F"": 36100.1328, ""S"": 0.0}","{""M"": 0.9475899350636388, ""C"": 0.5085427135678392, ""F"": 1.0, ""S"": -1.4443927638190956e-05}",4.60616373766162e-06,0.0,0.0
2,0.5,M,0.05,0.9475899350636388,COMPENSATE,S3,True,6.0,15.086272469388987,DISTINGUISHABLE,M,"{""M"": 0.0, ""C"": 22.5164, ""F"": 36800.2595, ""S"": 700.1267}","{""M"": 0.9475899350636388, ""C"": 0.5065396290217018, ""F"": 1.0, ""S"": -1.4443927638190956e-05}",0.0,0.0,0.0
2,0.5,M,0.05,0.9475899350636388,COMPENSATE,S4,False,7.0,16.811893829770927,DIFFERENT_ACTION,"M,S","{""M"": 0.0, ""C"": 52.6089, ""F"": 36100.1328, ""S"": 0.0}","{""M"": 0.9475899350636388, ""C"": 0.545390997693429, ""F"": 1.0, ""S"": -1.4443927638190956e-05}",6.9092456064924306e-06,0.0,0.0
2,0.5,M,0.05,0.9475899350636388,COMPENSATE,S4,True,14.0,27.68824961045705,DISTINGUISHABLE,M,"{""M"": 0.0, ""C"": 96.5232, ""F"": 36800.2634, ""S"": 700.1306}","{""M"": 0.9475899350636388, ""C"": 0.5181786532576016, ""F"": 1.0, ""S"": -1.4443927638190956e-05}",0.0,0.0,0.0
2,0.5,M,0.1,0.8954528333094641,COMPENSATE,S1,False,1.0,6.6348966010212145,DIFFERENT_ACTION,"M,S","{""M"": 0.0, ""C"": 13478.218, ""F"": 152100.5452, ""S"": 0.0}","{""M"": 0.8954528333094641, ""C"": 0.4, ""F"": 1.0, ""S"": -2.8054551758793974e-05}",1.3818732679834957e-05,0.0,0.0
2,0.5,M,0.1,0.8954528333094641,COMPENSATE,S1,True,2.0,6.6348966010212145,DISTINGUISHABLE,M,"{""M"": 0.0, ""C"": 14078.7464, ""F"": 154890.5335, ""S"": 2789.9884}","{""M"": 0.8954528333094641, ""C"": 0.4, ""F"": 1.0, ""S"": -2.8054551758793974e-05}",0.0,0.0,0.0
2,0.5,M,0.1,0.8954528333094641,COMPENSATE,S2,False,2.0,6.6348966010212145,DIFFERENT_ACTION,"M,S","{""M"": 0.0, ""C"": 13478.218, ""F"": 152100.5452, ""S"": 0.0}","{""M"": 0.8954528333094641, ""C"": 0.4, ""F"": 1.0, ""S"": -2.8054551758793974e-05}",1.3818732679834957e-05,0.0,0.0
2,0.5,M,0.1,0.8954528333094641,COMPENSATE,S2,True,4.0,11.344866730144373,DISTINGUISHABLE,M,"{""M"": 0.0, ""C"": 14078.7654, ""F"": 154890.632, ""S"": 2790.0868}","{""M"": 0.8954528333094641, ""C"": 0.4, ""F"": 1.0, ""S"": -2.8054551758793974e-05}",0.0,0.0,0.0
2,0.5,M,0.1,0.8954528333094641,COMPENSATE,S3,False,3.0,9.21034037197618,DIFFERENT_ACTION,"M,S","{""M"": 0.0, ""C"": 13478.218, ""F"": 152100.5452, ""S"": 0.0}","{""M"": 0.8954528333094641, ""C"": 0.4, ""F"": 1.0, ""S"": -2.8054551758793974e-05}",1.3818732679834957e-05,0.0,0.0
2,0.5,M,0.1,0.8954528333094641,COMPENSATE,S3,True,6.0,15.086272469388987,DISTINGUISHABLE,M,"{""M"": 0.0, ""C"": 14085.1987, ""F"": 154890.8278, ""S"": 2790.2826}","{""M"": 0.8954528333094641, ""C"": 0.4, ""F"": 1.0, ""S"": -2.8054551758793974e-05}",0.0,0.0,0.0
2,0.5,M,0.1,0.8954528333094641,COMPENSATE,S4,False,7.0,16.811893829770927,DIFFERENT_ACTION,"M,S","{""M"": 0.0, ""C"": 13640.8692, ""F"": 152100.5452, ""S"": 0.0}","{""M"": 0.8954528333094641, ""C"": 0.4, ""F"": 1.0, ""S"": -2.8054551758793974e-05}",1.3818732679834957e-05,0.0,0.0
2,0.5,M,0.1,0.8954528333094641,COMPENSATE,S4,True,14.0,27.68824961045705,DISTINGUISHABLE,M,"{""M"": 0.0, ""C"": 14253.4625, ""F"": 154890.8431, ""S"": 2790.2979}","{""M"": 0.8954528333094641, ""C"": 0.4, ""F"": 1.0, ""S"": -2.8054551758793974e-05}",0.0,0.0,0.0
2,0.5,M,0.2,0.7919836924242535,COMPENSATE,S1,False,1.0,6.6348966010212145,DIFFERENT_ACTION,"M,S","{""M"": 0.0, ""C"": 266355.5218, ""F"": 624102.2087, ""S"": 0.0}","{""M"": 0.7919836924242535, ""C"": 0.4, ""F"": 1.0, ""S"": -5.5275800000000004e-05}",2.7637706826519982e-05,0.0,0.0
2,0.5,M,0.2,0.7919836924242535,COMPENSATE,S1,True,2.0,6.6348966010212145,DISTINGUISHABLE,M,"{""M"": 0.0, ""C"": 272275.5816, ""F"": 635181.1572, ""S"": 11078.9485}","{""M"": 0.7919836924242535, ""C"": 0.4, ""F"": 1.0, ""S"": -5.480131588476358e-05}",0.0,0.0,0.0
2,0.5,M,0.2,0.7919836924242535,COMPENSATE,S2,False,2.0,6.6348966010212145,DIFFERENT_ACTION,"M,S","{""M"": 0.0, ""C"": 266355.5218, ""F"": 624102.2087, ""S"": 0.0}","{""M"": 0.7919836924242535, ""C"": 0.4, ""F"": 1.0, ""S"": -5.5275800000000004e-05}",2.7637706826519982e-05,0.0,0.0
2,0.5,M,0.2,0.7919836924242535,COMPENSATE,S2,True,4.0,11.344866730144373,DISTINGUISHABLE,M,"{""M"": 0.0, ""C"": 272275.7844, ""F"": 635181.5495, ""S"": 11079.3408}","{""M"": 0.7919836924242535, ""C"": 0.4, ""F"": 1.0, ""S"": -5.480131588476358e-05}",0.0,0.0,0.0
2,0.5,M,0.2,0.7919836924242535,COMPENSATE,S3,False,3.0,9.21034037197618,DIFFERENT_ACTION,"M,S","{""M"": 0.0, ""C"": 266355.5218, ""F"": 624102.2087, ""S"": 0.0}","{""M"": 0.7919836924242535, ""C"": 0.4, ""F"": 1.0, ""S"": -5.5275800000000004e-05}",2.7637706826519982e-05,0.0,0.0
2,0.5,M,0.2,0.7919836924242535,COMPENSATE,S3,True,6.0,15.086272469388987,DISTINGUISHABLE,M,"{""M"": 0.0, ""C"": 272284.6068, ""F"": 635182.3245, ""S"": 11080.1158}","{""M"": 0.7919836924242535, ""C"": 0.4, ""F"": 1.0, ""S"": -5.480131588476358e-05}",0.0,0.0,0.0
2,0.5,M,0.2,0.7919836924242535,COMPENSATE,S4,False,7.0,16.811893829770927,DIFFERENT_ACTION,"M,S","{""M"": 0.0, ""C"": 266552.935, ""F"": 624102.2087, ""S"": 0.0}","{""M"": 0.7919836924242535, ""C"": 0.4, ""F"": 1.0, ""S"": -5.5275800000000004e-05}",2.7637706826519982e-05,0.0,0.0
2,0.5,M,0.2,0.7919836924242535,COMPENSATE,S4,True,14.0,27.68824961045705,DISTINGUISHABLE,M,"{""M"": 0.0, ""C"": 272488.0025, ""F"": 635182.3844, ""S"": 11080.1757}","{""M"": 0.7919836924242535, ""C"": 0.4, ""F"": 1.0, ""S"": -5.480131588476358e-05}",0.0,0.0,0.0
2,0.5,F,0.01,,,S1,False,,,UNREACHABLE,,,,,,
2,0.5,F,0.01,,,S1,True,,,UNREACHABLE,,,,,,
2,0.5,F,0.01,,,S2,False,,,UNREACHABLE,,,,,,
2,0.5,F,0.01,,,S2,True,,,UNREACHABLE,,,,,,
2,0.5,F,0.01,,,S3,False,,,UNREACHABLE,,,,,,
2,0.5,F,0.01,,,S3,True,,,UNREACHABLE,,,,,,
2,0.5,F,0.01,,,S4,False,,,UNREACHABLE,,,,,,
2,0.5,F,0.01,,,S4,True,,,UNREACHABLE,,,,,,
2,0.5,F,0.02,,,S1,False,,,UNREACHABLE,,,,,,
2,0.5,F,0.02,,,S1,True,,,UNREACHABLE,,,,,,
2,0.5,F,0.02,,,S2,False,,,UNREACHABLE,,,,,,
2,0.5,F,0.02,,,S2,True,,,UNREACHABLE,,,,,,
2,0.5,F,0.02,,,S3,False,,,UNREACHABLE,,,,,,
2,0.5,F,0.02,,,S3,True,,,UNREACHABLE,,,,,,
2,0.5,F,0.02,,,S4,False,,,UNREACHABLE,,,,,,
2,0.5,F,0.02,,,S4,True,,,UNREACHABLE,,,,,,
2,0.5,F,0.05,,,S1,False,,,UNREACHABLE,,,,,,
2,0.5,F,0.05,,,S1,True,,,UNREACHABLE,,,,,,
2,0.5,F,0.05,,,S2,False,,,UNREACHABLE,,,,,,
2,0.5,F,0.05,,,S2,True,,,UNREACHABLE,,,,,,
2,0.5,F,0.05,,,S3,False,,,UNREACHABLE,,,,,,
2,0.5,F,0.05,,,S3,True,,,UNREACHABLE,,,,,,
2,0.5,F,0.05,,,S4,False,,,UNREACHABLE,,,,,,
2,0.5,F,0.05,,,S4,True,,,UNREACHABLE,,,,,,
2,0.5,F,0.1,,,S1,False,,,UNREACHABLE,,,,,,
2,0.5,F,0.1,,,S1,True,,,UNREACHABLE,,,,,,
2,0.5,F,0.1,,,S2,False,,,UNREACHABLE,,,,,,
2,0.5,F,0.1,,,S2,True,,,UNREACHABLE,,,,,,
2,0.5,F,0.1,,,S3,False,,,UNREACHABLE,,,,,,
2,0.5,F,0.1,,,S3,True,,,UNREACHABLE,,,,,,
2,0.5,F,0.1,,,S4,False,,,UNREACHABLE,,,,,,
2,0.5,F,0.1,,,S4,True,,,UNREACHABLE,,,,,,
2,0.5,F,0.2,,,S1,False,,,UNREACHABLE,,,,,,
2,0.5,F,0.2,,,S1,True,,,UNREACHABLE,,,,,,
2,0.5,F,0.2,,,S2,False,,,UNREACHABLE,,,,,,
2,0.5,F,0.2,,,S2,True,,,UNREACHABLE,,,,,,
2,0.5,F,0.2,,,S3,False,,,UNREACHABLE,,,,,,
2,0.5,F,0.2,,,S3,True,,,UNREACHABLE,,,,,,
2,0.5,F,0.2,,,S4,False,,,UNREACHABLE,,,,,,
2,0.5,F,0.2,,,S4,True,,,UNREACHABLE,,,,,,
2,0.5,S,0.01,-2.763794829336978e-06,RECALIBRATE,S1,False,1.0,6.6348966010212145,DIFFERENT_ACTION,"C,M,S","{""S"": 0.0, ""C"": 0.0, ""M"": 0.0, ""F"": 900.0042}","{""S"": -2.763794829336978e-06, ""C"": 0.8613065326633166, ""M"": 0.9879396984924623, ""F"": 1.0}",0.0,1.009448220074207e-05,0.0
2,0.5,S,0.01,-2.763794829336978e-06,RECALIBRATE,S1,True,2.0,6.6348966010212145,DISTINGUISHABLE,S,"{""S"": 0.0, ""C"": 10.7915, ""M"": 15.5279, ""F"": 900.0042}","{""S"": -2.763794829336978e-06, ""C"": 0.9159255687819018, ""M"": 0.9922567965393302, ""F"": 1.0}",0.0,0.0,0.0
2,0.5,S,0.01,-2.763794829336978e-06,RECALIBRATE,S2,False,2.0,6.6348966010212145,DIFFERENT_ACTION,"C,M,S","{""S"": 0.0, ""C"": 0.0, ""M"": 0.0, ""F"": 900.0042}","{""S"": -2.763794829336978e-06, ""C"": 0.8613065326633166, ""M"": 0.9879396984924623, ""F"": 1.0}",0.0,1.009448220074207e-05,0.0
2,0.5,S,0.01,-2.763794829336978e-06,RECALIBRATE,S2,True,4.0,11.344866730144373,DIFFERENT_ACTION,"C,S","{""S"": 0.0, ""C"": 10.7919, ""M"": 15.5285, ""F"": 900.0042}","{""S"": -2.763794829336978e-06, ""C"": 0.9159256061868835, ""M"": 0.9922568012388203, ""F"": 1.0}",0.0,4.650557239668828e-06,0.0
2,0.5,S,0.01,-2.763794829336978e-06,RECALIBRATE,S3,False,3.0,9.21034037197618,DIFFERENT_ACTION,"C,M,S","{""S"": 0.0, ""C"": 0.0, ""M"": 0.0, ""F"": 900.0042}","{""S"": -2.763794829336978e-06, ""C"": 0.8613065326633166, ""M"": 0.9879396984924623, ""F"": 1.0}",0.0,1.009448220074207e-05,0.0
2,0.5,S,0.01,-2.763794829336978e-06,RECALIBRATE,S3,True,6.0,15.086272469388987,DIFFERENT_ACTION,"C,S","{""S"": 0.0, ""C"": 10.85, ""M"": 15.5295, ""F"": 900.0042}","{""S"": -2.763794829336978e-06, ""C"": 0.9159308959215106, ""M"": 0.9922568106396202, ""F"": 1.0}",0.0,4.650252633712701e-06,0.0
2,0.5,S,0.01,-2.763794829336978e-06,RECALIBRATE,S4,False,7.0,16.811893829770927,DIFFERENT_ACTION,"C,M,S","{""S"": 0.0, ""C"": 0.0, ""M"": 0.0, ""F"": 900.0042}","{""S"": -2.763794829336978e-06, ""C"": 0.8673366834170855, ""M"": 0.9879396984924623, ""F"": 1.0}",0.0,9.850605308627563e-06,0.0
2,0.5,S,0.01,-2.763794829336978e-06,RECALIBRATE,S4,True,14.0,27.68824961045705,DIFFERENT_ACTION,"C,M,S","{""S"": 0.0, ""C"": 10.9195, ""M"": 15.5296, ""F"": 900.0042}","{""S"": -2.763794829336978e-06, ""C"": 0.9159372145511637, ""M"": 0.9922568113774322, ""F"": 1.0}",0.0,6.187790665793345e-06,0.0
2,0.5,S,0.02,-5.52758965867401e-06,RECALIBRATE,S1,False,1.0,6.6348966010212145,DIFFERENT_ACTION,"C,M,S","{""S"": 0.0, ""C"": 0.0, ""M"": 0.0, ""F"": 4900.0196}","{""S"": -5.52758965867401e-06, ""C"": 0.7618090452261307, ""M"": 0.978894472361809, ""F"": 1.0}",0.0,1.8094159252666504e-05,0.0
2,0.5,S,0.02,-5.52758965867401e-06,RECALIBRATE,S1,True,2.0,6.6348966010212145,DISTINGUISHABLE,S,"{""S"": 0.0, ""C"": 57.5672, ""M"": 84.4809, ""F"": 4900.0196}","{""S"": -5.52758965867401e-06, ""C"": 0.8116413089154076, ""M"": 0.9819415195263509, ""F"": 1.0}",0.0,0.0,0.0
2,0.5,S,0.02,-5.52758965867401e-06,RECALIBRATE,S2,False,2.0,6.6348966010212145,DIFFERENT_ACTION,"C,M,S","{""S"": 0.0, ""C"": 0.0, ""M"": 0.0, ""F"": 4900.0196}","{""S"": -5.52758965867401e-06, ""C"": 0.7618090452261307, ""M"": 0.978894472361809, ""F"": 1.0}",0.0,1.8094159252666504e-05,0.0
2,0.5,S,0.02,-5.52758965867401e-06,RECALIBRATE,S2,True,4.0,11.344866730144373,DISTINGUISHABLE,S,"{""S"": 0.0, ""C"": 57.5694, ""M"": 84.4838, ""F"": 4900.0196}","{""S"": -5.52758965867401e-06, ""C"": 0.8116413866468293, ""M"": 0.9819415304738631, ""F"": 1.0}",0.0,0.0,0.0
2,0.5,S,0.02,-5.52758965867401e-06,RECALIBRATE,S3,False,3.0,9.21034037197618,DIFFERENT_ACTION,"C,M,S","{""S"": 0.0, ""C"": 0.0, ""M"": 0.0, ""F"": 4900.0196}","{""S"": -5.52758965867401e-06, ""C"": 0.7618090452261307, ""M"": 0.978894472361809, ""F"": 1.0}",0.0,1.8094159252666504e-05,0.0
2,0.5,S,0.02,-5.52758965867401e-06,RECALIBRATE,S3,True,6.0,15.086272469388987,DISTINGUISHABLE,S,"{""S"": 0.0, ""C"": 57.8799, ""M"": 84.4897, ""F"": 4900.0196}","{""S"": -5.52758965867401e-06, ""C"": 0.8116524060824372, ""M"": 0.9819415523646682, ""F"": 1.0}",0.0,0.0,0.0
2,0.5,S,0.02,-5.52758965867401e-06,RECALIBRATE,S4,False,7.0,16.811893829770927,DIFFERENT_ACTION,"C,M,S","{""S"": 0.0, ""C"": 0.0954, ""M"": 0.0, ""F"": 4900.0196}","{""S"": -5.52758965867401e-06, ""C"": 0.8096210164609683, ""M"": 0.978894472361809, ""F"": 1.0}",0.0,1.598821672534006e-05,0.0
2,0.5,S,0.02,-5.52758965867401e-06,RECALIBRATE,S4,True,14.0,27.68824961045705,DISTINGUISHABLE,S,"{""S"": 0.0, ""C"": 58.3359, ""M"": 84.4901, ""F"": 4900.0196}","{""S"": -5.52758965867401e-06, ""C"": 0.8116794896067675, ""M"": 0.9819415540803145, ""F"": 1.0}",0.0,0.0,0.0
2,0.5,S,0.05,-1.3818974146684998e-05,RECALIBRATE,S1,False,1.0,6.6348966010212145,DIFFERENT_ACTION,"C,M,S","{""S"": 0.0, ""C"": 0.0, ""M"": 0.0, ""F"": 36100.1328}","{""S"": -1.3818974146684998e-05, ""C"": 0.5085427135678392, ""M"": 0.9457286432160804, ""F"": 1.0}",0.0,4.625893893464543e-05,0.0
2,0.5,S,0.05,-1.3818974146684998e-05,RECALIBRATE,S1,True,2.0,6.6348966010212145,DISTINGUISHABLE,S,"{""S"": 0.0, ""C"": 398.8914, ""M"": 621.079, ""F"": 36100.1328}","{""S"": -1.3818974146684998e-05, ""C"": 0.5484156126996351, ""M"": 0.9510570955724914, ""F"": 1.0}",0.0,0.0,0.0
2,0.5,S,0.05,-1.3818974146684998e-05,RECALIBRATE,S2,False,2.0,6.6348966010212145,DIFFERENT_ACTION,"C,M,S","{""S"": 0.0, ""C"": 0.0, ""M"": 0.0, ""F"": 36100.1328}","{""S"": -1.3818974146684998e-05, ""C"": 0.5085427135678392, ""M"": 0.9457286432160804, ""F"": 1.0}",0.0,4.625893893464543e-05,0.0
2,0.5,S,0.05,-1.3818974146684998e-05,RECALIBRATE,S2,True,4.0,11.344866730144373,DISTINGUISHABLE,S,"{""S"": 0.0, ""C"": 398.9066, ""M"": 621.1005, ""F"": 36100.1328}","{""S"": -1.3818974146684998e-05, ""C"": 0.5484157597872631, ""M"": 0.9510571251701572, ""F"": 1.0}",0.0,0.0,0.0
2,0.5,S,0.05,-1.3818974146684998e-05,RECALIBRATE,S3,False,3.0,9.21034037197618,DIFFERENT_ACTION,"C,M,S","{""S"": 0.0, ""C"": 0.0, ""M"": 0.0, ""F"": 36100.1328}","{""S"": -1.3818974146684998e-05, ""C"": 0.5085427135678392, ""M"": 0.9457286432160804, ""F"": 1.0}",0.0,4.625893893464543e-05,0.0
2,0.5,S,0.05,-1.3818974146684998e-05,RECALIBRATE,S3,True,6.0,15.086272469388987,DISTINGUISHABLE,S,"{""S"": 0.0, ""C"": 401.0684, ""M"": 621.1435, ""F"": 36100.1328}","{""S"": -1.3818974146684998e-05, ""C"": 0.5484366444860939, ""M"": 0.9510571842862547, ""F"": 1.0}",0.0,0.0,0.0
2,0.5,S,0.05,-1.3818974146684998e-05,RECALIBRATE,S4,False,7.0,16.811893829770927,DIFFERENT_ACTION,"M,S","{""S"": 0.0, ""C"": 44.1759, ""M"": 0.0, ""F"": 36100.1328}","{""S"": -1.3818974146684998e-05, ""C"": 0.5453202405564397, ""M"": 0.9457286432160804, ""F"": 1.0}",0.0,3.4717454184645486e-05,0.0
2,0.5,S,0.05,-1.3818974146684998e-05,RECALIBRATE,S4,True,14.0,27.68824961045705,DISTINGUISHABLE,S,"{""S"": 0.0, ""C"": 446.2938, ""M"": 621.1469, ""F"": 36100.1328}","{""S"": -1.3818974146684998e-05, ""C"": 0.5491786924362245, ""M"": 0.9510571888995959, ""F"": 1.0}",0.0,0.0,0.0
2,0.5,S,0.1,-2.7637948293369997e-05,RECALIBRATE,S1,False,1.0,6.6348966010212145,DIFFERENT_ACTION,"M,S","{""S"": 0.0, ""C"": 13478.218, ""M"": 0.0, ""F"": 152100.5452}","{""S"": -2.7637948293369997e-05, ""C"": 0.4, ""M"": 0.8944723618090452, ""F"": 1.0}",0.0,7.308759154632419e-05,0.0
2,0.5,S,0.1,-2.7637948293369997e-05,RECALIBRATE,S1,True,2.0,6.6348966010212145,DISTINGUISHABLE,S,"{""S"": 0.0, ""C"": 14279.938, ""M"": 2607.558, ""F"": 152100.5452}","{""S"": -2.7637948293369997e-05, ""C"": 0.4, ""M"": 0.8997862964259605, ""F"": 1.0}",0.0,0.0,0.0
2,0.5,S,0.1,-2.7637948293369997e-05,RECALIBRATE,S2,False,2.0,6.6348966010212145,DIFFERENT_ACTION,"M,S","{""S"": 0.0, ""C"": 13478.218, ""M"": 0.0, ""F"": 152100.5452}","{""S"": -2.7637948293369997e-05, ""C"": 0.4, ""M"": 0.8944723618090452, ""F"": 1.0}",0.0,7.308759154632419e-05,0.0
2,0.5,S,0.1,-2.7637948293369997e-05,RECALIBRATE,S2,True,4.0,11.344866730144373,DISTINGUISHABLE,S,"{""S"": 0.0, ""C"": 14279.969, ""M"": 2607.6484, ""F"": 152100.5452}","{""S"": -2.7637948293369997e-05, ""C"": 0.4, ""M"": 0.8997863566496517, ""F"": 1.0}",0.0,0.0,0.0
2,0.5,S,0.1,-2.7637948293369997e-05,RECALIBRATE,S3,False,3.0,9.21034037197618,DIFFERENT_ACTION,"M,S","{""S"": 0.0, ""C"": 13478.218, ""M"": 0.0, ""F"": 152100.5452}","{""S"": -2.7637948293369997e-05, ""C"": 0.4, ""M"": 0.8944723618090452, ""F"": 1.0}",0.0,7.308759154632419e-05,0.0
2,0.5,S,0.1,-2.7637948293369997e-05,RECALIBRATE,S3,True,6.0,15.086272469388987,DISTINGUISHABLE,S,"{""S"": 0.0, ""C"": 14284.3702, ""M"": 2607.829, ""F"": 152100.5452}","{""S"": -2.7637948293369997e-05, ""C"": 0.4, ""M"": 0.8997864767126001, ""F"": 1.0}",0.0,0.0,0.0
2,0.5,S,0.1,-2.7637948293369997e-05,RECALIBRATE,S4,False,7.0,16.811893829770927,DIFFERENT_ACTION,"M,S","{""S"": 0.0, ""C"": 13610.7048, ""M"": 0.0, ""F"": 152100.5452}","{""S"": -2.7637948293369997e-05, ""C"": 0.4, ""M"": 0.8944723618090452, ""F"": 1.0}",0.0,7.308759154632419e-05,0.0
2,0.5,S,0.1,-2.7637948293369997e-05,RECALIBRATE,S4,True,14.0,27.68824961045705,DISTINGUISHABLE,S,"{""S"": 0.0, ""C"": 14422.12, ""M"": 2607.8431, ""F"": 152100.5452}","{""S"": -2.7637948293369997e-05, ""C"": 0.4, ""M"": 0.8997864860161521, ""F"": 1.0}",0.0,0.0,0.0
2,0.5,S,0.2,,,S1,False,,,UNREACHABLE,,,,,,
2,0.5,S,0.2,,,S1,True,,,UNREACHABLE,,,,,,
2,0.5,S,0.2,,,S2,False,,,UNREACHABLE,,,,,,
2,0.5,S,0.2,,,S2,True,,,UNREACHABLE,,,,,,
2,0.5,S,0.2,,,S3,False,,,UNREACHABLE,,,,,,
2,0.5,S,0.2,,,S3,True,,,UNREACHABLE,,,,,,
2,0.5,S,0.2,,,S4,False,,,UNREACHABLE,,,,,,
2,0.5,S,0.2,,,S4,True,,,UNREACHABLE,,,,,,
2,2.0,C,0.01,0.887758689068076,COMPENSATE,S1,False,1.0,6.6348966010212145,DIFFERENT_ACTION,"C,F,M,S","{""C"": 0.0, ""M"": 0.0, ""F"": 0.0, ""S"": 0.0}","{""C"": 0.887758689068076, ""M"": 0.9819095477386934, ""F"": 1.0, ""S"": -5.277588944723621e-06}",6.908279739092102e-07,0.0,0.0
2,2.0,C,0.01,0.887758689068076,COMPENSATE,S1,True,2.0,6.6348966010212145,DIFFERENT_ACTION,"C,F,M,S","{""C"": 0.0, ""M"": 0.0, ""F"": 1.2071, ""S"": 1.2071}","{""C"": 0.887758689068076, ""M"": 0.9912891494672877, ""F"": 1.0, ""S"": -5.277588944723621e-06}",6.908279739092102e-07,0.0,0.0
2,2.0,C,0.01,0.887758689068076,COMPENSATE,S2,False,2.0,6.6348966010212145,DIFFERENT_ACTION,"C,F,M,S","{""C"": 0.0, ""M"": 0.0, ""F"": 0.0, ""S"": 0.0}","{""C"": 0.887758689068076, ""M"": 0.9819095477386934, ""F"": 1.0, ""S"": -5.277588944723621e-06}",6.908279739092102e-07,0.0,0.0
2,2.0,C,0.01,0.887758689068076,COMPENSATE,S2,True,4.0,11.344866730144373,DIFFERENT_ACTION,"C,F,M,S","{""C"": 0.0, ""M"": 0.0, ""F"": 1.2071, ""S"": 1.2071}","{""C"": 0.887758689068076, ""M"": 0.9912891353019595, ""F"": 1.0, ""S"": -5.277588944723621e-06}",6.908279739092102e-07,0.0,0.0
2,2.0,C,0.01,0.887758689068076,COMPENSATE,S3,False,3.0,9.21034037197618,DIFFERENT_ACTION,"C,F,M,S","{""C"": 0.0, ""M"": 0.0, ""F"": 0.0, ""S"": 0.0}","{""C"": 0.887758689068076, ""M"": 0.9819095477386934, ""F"": 1.0, ""S"": -5.277588944723621e-06}",6.908279739092102e-07,0.0,0.0
2,2.0,C,0.01,0.887758689068076,COMPENSATE,S3,True,6.0,15.086272469388987,DIFFERENT_ACTION,"C,F,M,S","{""C"": 0.0, ""M"": 0.0082, ""F"": 1.2137, ""S"": 1.2137}","{""C"": 0.887758689068076, ""M"": 0.9912951552399728, ""F"": 1.0, ""S"": -5.277588944723621e-06}",6.908279739092102e-07,0.0,0.0
2,2.0,C,0.01,0.887758689068076,COMPENSATE,S4,False,7.0,16.811893829770927,DIFFERENT_ACTION,"C,F,M,S","{""C"": 0.0, ""M"": 0.0, ""F"": 0.0, ""S"": 0.0}","{""C"": 0.887758689068076, ""M"": 0.9819095477386934, ""F"": 1.0, ""S"": -5.277588944723621e-06}",6.908279739092102e-07,0.0,0.0
2,2.0,C,0.01,0.887758689068076,COMPENSATE,S4,True,14.0,27.68824961045705,DIFFERENT_ACTION,"C,F,M,S","{""C"": 0.0, ""M"": 0.0163, ""F"": 1.2216, ""S"": 1.2216}","{""C"": 0.887758689068076, ""M"": 0.9912962227629797, ""F"": 1.0, ""S"": -5.277588944723621e-06}",6.908279739092102e-07,0.0,0.0
2,2.0,C,0.02,0.7846593323780718,COMPENSATE,S1,False,1.0,6.6348966010212145,DIFFERENT_ACTION,"C,M,S","{""C"": 0.0, ""M"": 0.0, ""F"": 100.0007, ""S"": 0.0}","{""C"": 0.7846593323780718, ""M"": 0.9698492462311558, ""F"": 1.0, ""S"": -8.05526733668342e-06}",1.8423689083246605e-06,0.0,0.0
2,2.0,C,0.02,0.7846593323780718,COMPENSATE,S1,True,2.0,6.6348966010212145,DIFFERENT_ACTION,"C,M,S","{""C"": 0.0, ""M"": 0.0, ""F"": 104.7291, ""S"": 4.7284}","{""C"": 0.7846593323780718, ""M"": 0.98276156964907, ""F"": 1.0, ""S"": -8.05526733668342e-06}",1.8423689083246605e-06,0.0,0.0
2,2.0,C,0.02,0.7846593323780718,COMPENSATE,S2,False,2.0,6.6348966010212145,DIFFERENT_ACTION,"C,M,S","{""C"": 0.0, ""M"": 0.0, ""F"": 100.0007, ""S"": 0.0}","{""C"": 0.7846593323780718, ""M"": 0.9698492462311558, ""F"": 1.0, ""S"": -8.05526733668342e-06}",1.8423689083246605e-06,0.0,0.0
2,2.0,C,0.02,0.7846593323780718,COMPENSATE,S2,True,4.0,11.344866730144373,DIFFERENT_ACTION,"C,M,S","{""C"": 0.0, ""M"": 0.0, ""F"": 104.7293, ""S"": 4.7286}","{""C"": 0.7846593323780718, ""M"": 0.982761541544138, ""F"": 1.0, ""S"": -8.05526733668342e-06}",1.8423689083246605e-06,0.0,0.0
2,2.0,C,0.02,0.7846593323780718,COMPENSATE,S3,False,3.0,9.21034037197618,DIFFERENT_ACTION,"C,M,S","{""C"": 0.0, ""M"": 0.0, ""F"": 100.0007, ""S"": 0.0}","{""C"": 0.7846593323780718, ""M"": 0.9698492462311558, ""F"": 1.0, ""S"": -8.05526733668342e-06}",1.8423689083246605e-06,0.0,0.0
2,2.0,C,0.02,0.7846593323780718,COMPENSATE,S3,True,6.0,15.086272469388987,DIFFERENT_ACTION,"C,M,S","{""C"": 0.0, ""M"": 0.0321, ""F"": 104.7552, ""S"": 4.7545}","{""C"": 0.7846593323780718, ""M"": 0.982773478504053, ""F"": 1.0, ""S"": -8.05526733668342e-06}",1.8423689083246605e-06,0.0,0.0
2,2.0,C,0.02,0.7846593323780718,COMPENSATE,S4,False,7.0,16.811893829770927,DIFFERENT_ACTION,"C,M,S","{""C"": 0.0, ""M"": 0.0, ""F"": 100.0007, ""S"": 0.0}","{""C"": 0.7846593323780718, ""M"": 0.9698492462311558, ""F"": 1.0, ""S"": -8.05526733668342e-06}",1.8423689083246605e-06,0.0,0.0
2,2.0,C,0.02,0.7846593323780718,COMPENSATE,S4,True,14.0,27.68824961045705,DIFFERENT_ACTION,"C,M,S","{""C"": 0.0, ""M"": 0.0643, ""F"": 104.7862, ""S"": 4.7855}","{""C"": 0.7846593323780718, ""M"": 0.9827756017944826, ""F"": 1.0, ""S"": -8.05526733668342e-06}",1.8423689083246605e-06,0.0,0.0
2,2.0,C,0.05,0.5257085466915794,COMPENSATE,S1,False,1.0,6.6348966010212145,DIFFERENT_ACTION,"C,M,S","{""C"": 0.0, ""M"": 0.0, ""F"": 1600.007, ""S"": 0.0}","{""C"": 0.5257085466915794, ""M"": 0.9396984924623115, ""F"": 1.0, ""S"": -1.6388302512562817e-05}",4.606163737661331e-06,0.0,0.0
2,2.0,C,0.05,0.5257085466915794,COMPENSATE,S1,True,2.0,6.6348966010212145,SAME_ACTION,"C,M","{""C"": 0.0, ""M"": 0.0006, ""F"": 1627.7648, ""S"": 27.7578}","{""C"": 0.5257085466915794, ""M"": 0.9580533883401561, ""F"": 1.0, ""S"": -1.6388302512562817e-05}",0.0,0.0,0.0
2,2.0,C,0.05,0.5257085466915794,COMPENSATE,S2,False,2.0,6.6348966010212145,DIFFERENT_ACTION,"C,M,S","{""C"": 0.0, ""M"": 0.0, ""F"": 1600.007, ""S"": 0.0}","{""C"": 0.5257085466915794, ""M"": 0.9396984924623115, ""F"": 1.0, ""S"": -1.6388302512562817e-05}",4.606163737661331e-06,0.0,0.0
2,2.0,C,0.05,0.5257085466915794,COMPENSATE,S2,True,4.0,11.344866730144373,SAME_ACTION,"C,M","{""C"": 0.0, ""M"": 0.0006, ""F"": 1627.7659, ""S"": 27.7589}","{""C"": 0.5257085466915794, ""M"": 0.9580533872794326, ""F"": 1.0, ""S"": -1.6388302512562817e-05}",0.0,0.0,0.0
2,2.0,C,0.05,0.5257085466915794,COMPENSATE,S3,False,3.0,9.21034037197618,DIFFERENT_ACTION,"C,M,S","{""C"": 0.0, ""M"": 0.0, ""F"": 1600.007, ""S"": 0.0}","{""C"": 0.5257085466915794, ""M"": 0.9396984924623115, ""F"": 1.0, ""S"": -1.6388302512562817e-05}",4.606163737661331e-06,0.0,0.0
2,2.0,C,0.05,0.5257085466915794,COMPENSATE,S3,True,6.0,15.086272469388987,SAME_ACTION,"C,M","{""C"": 0.0, ""M"": 0.1908, ""F"": 1627.9192, ""S"": 27.9122}","{""C"": 0.5257085466915794, ""M"": 0.9580538869486689, ""F"": 1.0, ""S"": -1.6388302512562817e-05}",0.0,0.0,0.0
2,2.0,C,0.05,0.5257085466915794,COMPENSATE,S4,False,7.0,16.811893829770927,DIFFERENT_ACTION,"C,M,S","{""C"": 0.0, ""M"": 0.001, ""F"": 1600.0092, ""S"": 0.0022}","{""C"": 0.5257085466915794, ""M"": 0.9371407960041359, ""F"": 1.0, ""S"": -1.6388302512562817e-05}",4.606163737661331e-06,0.0,0.0
2,2.0,C,0.05,0.5257085466915794,COMPENSATE,S4,True,14.0,27.68824961045705,SAME_ACTION,"C,M","{""C"": 0.0, ""M"": 0.3832, ""F"": 1628.1057, ""S"": 28.0987}","{""C"": 0.5257085466915794, ""M"": 0.9580539665411898, ""F"": 1.0, ""S"": -1.6388302512562817e-05}",0.0,0.0,0.0
2,2.0,C,0.1,,,S1,False,,,UNREACHABLE,,,,,,
2,2.0,C,0.1,,,S1,True,,,UNREACHABLE,,,,,,
2,2.0,C,0.1,,,S2,False,,,UNREACHABLE,,,,,,
2,2.0,C,0.1,,,S2,True,,,UNREACHABLE,,,,,,
2,2.0,C,0.1,,,S3,False,,,UNREACHABLE,,,,,,
2,2.0,C,0.1,,,S3,True,,,UNREACHABLE,,,,,,
2,2.0,C,0.1,,,S4,False,,,UNREACHABLE,,,,,,
2,2.0,C,0.1,,,S4,True,,,UNREACHABLE,,,,,,
2,2.0,C,0.2,,,S1,False,,,UNREACHABLE,,,,,,
2,2.0,C,0.2,,,S1,True,,,UNREACHABLE,,,,,,
2,2.0,C,0.2,,,S2,False,,,UNREACHABLE,,,,,,
2,2.0,C,0.2,,,S2,True,,,UNREACHABLE,,,,,,
2,2.0,C,0.2,,,S3,False,,,UNREACHABLE,,,,,,
2,2.0,C,0.2,,,S3,True,,,UNREACHABLE,,,,,,
2,2.0,C,0.2,,,S4,False,,,UNREACHABLE,,,,,,
2,2.0,C,0.2,,,S4,True,,,UNREACHABLE,,,,,,
2,2.0,M,0.01,0.9894959809123658,COMPENSATE,S1,False,1.0,6.6348966010212145,DIFFERENT_ACTION,"C,F,M,S","{""M"": 0.0, ""C"": 0.0, ""F"": 0.0, ""S"": 0.0}","{""M"": 0.9894959809123658, ""C"": 0.785929648241206, ""F"": 1.0, ""S"": -5.277588944723621e-06}",6.90827973901675e-07,0.0,0.0
2,2.0,M,0.01,0.9894959809123658,COMPENSATE,S1,True,2.0,6.6348966010212145,DIFFERENT_ACTION,"C,F,M,S","{""M"": 0.0, ""C"": 0.0, ""F"": 1.7553, ""S"": 1.7553}","{""M"": 0.9894959809123658, ""C"": 0.8655213273691892, ""F"": 1.0, ""S"": -5.277588944723621e-06}",6.90827973901675e-07,0.0,0.0
2,2.0,M,0.01,0.9894959809123658,COMPENSATE,S2,False,2.0,6.6348966010212145,DIFFERENT_ACTION,"C,F,M,S","{""M"": 0.0, ""C"": 0.0, ""F"": 0.0, ""S"": 0.0}","{""M"": 0.9894959809123658, ""C"": 0.785929648241206, ""F"": 1.0, ""S"": -5.277588944723621e-06}",6.90827973901675e-07,0.0,0.0
2,2.0,M,0.01,0.9894959809123658,COMPENSATE,S2,True,4.0,11.344866730144373,DIFFERENT_ACTION,"C,F,M,S","{""M"": 0.0, ""C"": 0.0, ""F"": 1.7553, ""S"": 1.7553}","{""M"": 0.9894959809123658, ""C"": 0.865521547386748, ""F"": 1.0, ""S"": -5.277588944723621e-06}",6.90827973901675e-07,0.0,0.0
2,2.0,M,0.01,0.9894959809123658,COMPENSATE,S3,False,3.0,9.21034037197618,DIFFERENT_ACTION,"C,F,M,S","{""M"": 0.0, ""C"": 0.0, ""F"": 0.0, ""S"": 0.0}","{""M"": 0.9894959809123658, ""C"": 0.785929648241206, ""F"": 1.0, ""S"": -5.277588944723621e-06}",6.90827973901675e-07,0.0,0.0
2,2.0,M,0.01,0.9894959809123658,COMPENSATE,S3,True,6.0,15.086272469388987,DIFFERENT_ACTION,"C,F,M,S","{""M"": 0.0, ""C"": 0.0118, ""F"": 1.7555, ""S"": 1.7555}","{""M"": 0.9894959809123658, ""C"": 0.8663032952871975, ""F"": 1.0, ""S"": -5.277588944723621e-06}",6.90827973901675e-07,0.0,0.0
2,2.0,M,0.01,0.9894959809123658,COMPENSATE,S4,False,7.0,16.811893829770927,DIFFERENT_ACTION,"C,F,M,S","{""M"": 0.0, ""C"": 0.0, ""F"": 0.0, ""S"": 0.0}","{""M"": 0.9894959809123658, ""C"": 0.785929648241206, ""F"": 1.0, ""S"": -5.277588944723621e-06}",6.90827973901675e-07,0.0,0.0
2,2.0,M,0.01,0.9894959809123658,COMPENSATE,S4,True,14.0,27.68824961045705,DIFFERENT_ACTION,"C,F,M,S","{""M"": 0.0, ""C"": 0.0234, ""F"": 1.7555, ""S"": 1.7555}","{""M"": 0.9894959809123658, ""C"": 0.8671470758467793, ""F"": 1.0, ""S"": -5.277588944723621e-06}",6.90827973901675e-07,0.0,0.0
2,2.0,M,0.02,0.9790029932796666,COMPENSATE,S1,False,1.0,6.6348966010212145,DIFFERENT_ACTION,"C,M,S","{""M"": 0.0, ""C"": 0.0, ""F"": 100.0007, ""S"": 0.0}","{""M"": 0.9790029932796666, ""C"": 0.692462311557789, ""F"": 1.0, ""S"": -8.05526733668342e-06}",1.8423689083246605e-06,0.0,0.0
2,2.0,M,0.02,0.9790029932796666,COMPENSATE,S1,True,2.0,6.6348966010212145,SAME_ACTION,"C,M","{""M"": 0.0, ""C"": 0.0, ""F"": 107.0166, ""S"": 7.0159}","{""M"": 0.9790029932796666, ""C"": 0.7413494193627125, ""F"": 1.0, ""S"": -8.05526733668342e-06}",0.0,0.0,0.0
2,2.0,M,0.02,0.9790029932796666,COMPENSATE,S2,False,2.0,6.6348966010212145,DIFFERENT_ACTION,"C,M,S","{""M"": 0.0, ""C"": 0.0, ""F"": 100.0007, ""S"": 0.0}","{""M"": 0.9790029932796666, ""C"": 0.692462311557789, ""F"": 1.0, ""S"": -8.05526733668342e-06}",1.8423689083246605e-06,0.0,0.0
2,2.0,M,0.02,0.9790029932796666,COMPENSATE,S2,True,4.0,11.344866730144373,DIFFERENT_ACTION,"C,M,S","{""M"": 0.0, ""C"": 0.0, ""F"": 107.0169, ""S"": 7.0162}","{""M"": 0.9790029932796666, ""C"": 0.741349826491727, ""F"": 1.0, ""S"": -8.05526733668342e-06}",1.8423689083246605e-06,0.0,0.0
2,2.0,M,0.02,0.9790029932796666,COMPENSATE,S3,False,3.0,9.21034037197618,DIFFERENT_ACTION,"C,M,S","{""M"": 0.0, ""C"": 0.0, ""F"": 100.0007, ""S"": 0.0}","{""M"": 0.9790029932796666, ""C"": 0.692462311557789, ""F"": 1.0, ""S"": -8.05526733668342e-06}",1.8423689083246605e-06,0.0,0.0
2,2.0,M,0.02,0.9790029932796666,COMPENSATE,S3,True,6.0,15.086272469388987,DIFFERENT_ACTION,"C,M,S","{""M"": 0.0, ""C"": 0.0472, ""F"": 107.0174, ""S"": 7.0167}","{""M"": 0.9790029932796666, ""C"": 0.7427917896464049, ""F"": 1.0, ""S"": -8.05526733668342e-06}",1.8423689083246605e-06,0.0,0.0
2,2.0,M,0.02,0.9790029932796666,COMPENSATE,S4,False,7.0,16.811893829770927,DIFFERENT_ACTION,"C,M,S","{""M"": 0.0, ""C"": 0.0, ""F"": 100.0007, ""S"": 0.0}","{""M"": 0.9790029932796666, ""C"": 0.692462311557789, ""F"": 1.0, ""S"": -8.05526733668342e-06}",1.8423689083246605e-06,0.0,0.0
2,2.0,M,0.02,0.9790029932796666,COMPENSATE,S4,True,14.0,27.68824961045705,DIFFERENT_ACTION,"C,M,S","{""M"": 0.0, ""C"": 0.0938, ""F"": 107.0174, ""S"": 7.0167}","{""M"": 0.9790029932796666, ""C"": 0.7443498768456964, ""F"": 1.0, ""S"": -8.05526733668342e-06}",1.8423689083246605e-06,0.0,0.0
2,2.0,M,0.05,0.9475899350636388,COMPENSATE,S1,False,1.0,6.6348966010212145,DIFFERENT_ACTION,"C,M,S","{""M"": 0.0, ""C"": 0.0, ""F"": 1600.007, ""S"": 0.0}","{""M"": 0.9475899350636388, ""C"": 0.45728643216080406, ""F"": 1.0, ""S"": -1.6388302512562817e-05}",4.60616373766162e-06,0.0,0.0
2,2.0,M,0.05,0.9475899350636388,COMPENSATE,S1,True,2.0,6.6348966010212145,SAME_ACTION,"C,M","{""M"": 0.0, ""C"": 0.1269, ""F"": 1643.7603, ""S"": 43.7533}","{""M"": 0.9475899350636388, ""C"": 0.45455227005781534, ""F"": 1.0, ""S"": -1.6388302512562817e-05}",0.0,0.0,0.0
2,2.0,M,0.05,0.9475899350636388,COMPENSATE,S2,False,2.0,6.6348966010212145,DIFFERENT_ACTION,"C,M,S","{""M"": 0.0, ""C"": 0.0, ""F"": 1600.007, ""S"": 0.0}","{""M"": 0.9475899350636388, ""C"": 0.45728643216080406, ""F"": 1.0, ""S"": -1.6388302512562817e-05}",4.60616373766162e-06,0.0,0.0
2,2.0,M,0.05,0.9475899350636388,COMPENSATE,S2,True,4.0,11.344866730144373,SAME_ACTION,"C,M","{""M"": 0.0, ""C"": 0.1269, ""F"": 1643.7618, ""S"": 43.7548}","{""M"": 0.9475899350636388, ""C"": 0.4545522685737523, ""F"": 1.0, ""S"": -1.6388302512562817e-05}",0.0,0.0,0.0
2,2.0,M,0.05,0.9475899350636388,COMPENSATE,S3,False,3.0,9.21034037197618,DIFFERENT_ACTION,"C,M,S","{""M"": 0.0, ""C"": 0.0, ""F"": 1600.007, ""S"": 0.0}","{""M"": 0.9475899350636388, ""C"": 0.45728643216080406, ""F"": 1.0, ""S"": -1.6388302512562817e-05}",4.60616373766162e-06,0.0,0.0
2,2.0,M,0.05,0.9475899350636388,COMPENSATE,S3,True,6.0,15.086272469388987,SAME_ACTION,"C,M","{""M"": 0.0, ""C"": 0.3958, ""F"": 1643.7649, ""S"": 43.7579}","{""M"": 0.9475899350636388, ""C"": 0.4545774076078568, ""F"": 1.0, ""S"": -1.6388302512562817e-05}",0.0,0.0,0.0
2,2.0,M,0.05,0.9475899350636388,COMPENSATE,S4,False,7.0,16.811893829770927,DIFFERENT_ACTION,"C,M,S","{""M"": 0.0, ""C"": 0.0, ""F"": 1600.007, ""S"": 0.0}","{""M"": 0.9475899350636388, ""C"": 0.5326633165829147, ""F"": 1.0, ""S"": -1.6388302512562817e-05}",4.60616373766162e-06,0.0,0.0
2,2.0,M,0.05,0.9475899350636388,COMPENSATE,S4,True,14.0,27.68824961045705,SAME_ACTION,"C,M","{""M"": 0.0, ""C"": 0.6816, ""F"": 1643.7652, ""S"": 43.7582}","{""M"": 0.9475899350636388, ""C"": 0.45461689017130014, ""F"": 1.0, ""S"": -1.6388302512562817e-05}",0.0,0.0,0.0
2,2.0,M,0.1,0.8954528333094641,COMPENSATE,S1,False,1.0,6.6348966010212145,DIFFERENT_ACTION,"M,S","{""M"": 0.0, ""C"": 463.2796, ""F"": 8100.0315, ""S"": 0.0}","{""M"": 0.8954528333094641, ""C"": 0.4, ""F"": 1.0, ""S"": -3.0276694472361812e-05}",1.3818732679834957e-05,0.0,0.0
2,2.0,M,0.1,0.8954528333094641,COMPENSATE,S1,True,2.0,6.6348966010212145,DISTINGUISHABLE,M,"{""M"": 0.0, ""C"": 500.8127, ""F"": 8274.4057, ""S"": 174.3743}","{""M"": 0.8954528333094641, ""C"": 0.4, ""F"": 1.0, ""S"": -3.0276694472361812e-05}",0.0,0.0,0.0
2,2.0,M,0.1,0.8954528333094641,COMPENSATE,S2,False,2.0,6.6348966010212145,DIFFERENT_ACTION,"M,S","{""M"": 0.0, ""C"": 463.2796, ""F"": 8100.0315, ""S"": 0.0}","{""M"": 0.8954528333094641, ""C"": 0.4, ""F"": 1.0, ""S"": -3.0276694472361812e-05}",1.3818732679834957e-05,0.0,0.0
2,2.0,M,0.1,0.8954528333094641,COMPENSATE,S2,True,4.0,11.344866730144373,DISTINGUISHABLE,M,"{""M"": 0.0, ""C"": 500.8139, ""F"": 8274.4119, ""S"": 174.3804}","{""M"": 0.8954528333094641, ""C"": 0.4, ""F"": 1.0, ""S"": -3.0276694472361812e-05}",0.0,0.0,0.0
2,2.0,M,0.1,0.8954528333094641,COMPENSATE,S3,False,3.0,9.21034037197618,DIFFERENT_ACTION,"M,S","{""M"": 0.0, ""C"": 463.2796, ""F"": 8100.0315, ""S"": 0.0}","{""M"": 0.8954528333094641, ""C"": 0.4, ""F"": 1.0, ""S"": -3.0276694472361812e-05}",1.3818732679834957e-05,0.0,0.0
2,2.0,M,0.1,0.8954528333094641,COMPENSATE,S3,True,6.0,15.086272469388987,DISTINGUISHABLE,M,"{""M"": 0.0, ""C"": 501.2159, ""F"": 8274.4241, ""S"": 174.3927}","{""M"": 0.8954528333094641, ""C"": 0.4, ""F"": 1.0, ""S"": -3.0276694472361812e-05}",0.0,0.0,0.0
2,2.0,M,0.1,0.8954528333094641,COMPENSATE,S4,False,7.0,16.811893829770927,DIFFERENT_ACTION,"M,S","{""M"": 0.0, ""C"": 463.3482, ""F"": 8100.0315, ""S"": 0.0}","{""M"": 0.8954528333094641, ""C"": 0.4, ""F"": 1.0, ""S"": -3.0276694472361812e-05}",1.3818732679834957e-05,0.0,0.0
2,2.0,M,0.1,0.8954528333094641,COMPENSATE,S4,True,14.0,27.68824961045705,DISTINGUISHABLE,M,"{""M"": 0.0, ""C"": 501.6353, ""F"": 8274.4251, ""S"": 174.3936}","{""M"": 0.8954528333094641, ""C"": 0.4, ""F"": 1.0, ""S"": -3.0276694472361812e-05}",0.0,0.0,0.0
2,2.0,M,0.2,0.7919836924242535,COMPENSATE,S1,False,1.0,6.6348966010212145,DIFFERENT_ACTION,"M,S","{""M"": 0.0, ""C"": 14768.1085, ""F"": 36100.1328, ""S"": 0.0}","{""M"": 0.7919836924242535, ""C"": 0.4, ""F"": 1.0, ""S"": -5.5275800000000004e-05}",2.7637706826519982e-05,0.0,0.0
2,2.0,M,0.2,0.7919836924242535,COMPENSATE,S1,True,2.0,6.6348966010212145,DISTINGUISHABLE,M,"{""M"": 0.0, ""C"": 15138.1122, ""F"": 36792.5671, ""S"": 692.4343}","{""M"": 0.7919836924242535, ""C"": 0.4, ""F"": 1.0, ""S"": -5.333142512562814e-05}",0.0,0.0,0.0
2,2.0,M,0.2,0.7919836924242535,COMPENSATE,S2,False,2.0,6.6348966010212145,DIFFERENT_ACTION,"M,S","{""M"": 0.0, ""C"": 14768.1085, ""F"": 36100.1328, ""S"": 0.0}","{""M"": 0.7919836924242535, ""C"": 0.4, ""F"": 1.0, ""S"": -5.5275800000000004e-05}",2.7637706826519982e-05,0.0,0.0
2,2.0,M,0.2,0.7919836924242535,COMPENSATE,S2,True,4.0,11.344866730144373,DISTINGUISHABLE,M,"{""M"": 0.0, ""C"": 15138.1249, ""F"": 36792.5916, ""S"": 692.4588}","{""M"": 0.7919836924242535, ""C"": 0.4, ""F"": 1.0, ""S"": -5.333142512562814e-05}",0.0,0.0,0.0
2,2.0,M,0.2,0.7919836924242535,COMPENSATE,S3,False,3.0,9.21034037197618,DIFFERENT_ACTION,"M,S","{""M"": 0.0, ""C"": 14768.1085, ""F"": 36100.1328, ""S"": 0.0}","{""M"": 0.7919836924242535, ""C"": 0.4, ""F"": 1.0, ""S"": -5.5275800000000004e-05}",2.7637706826519982e-05,0.0,0.0
2,2.0,M,0.2,0.7919836924242535,COMPENSATE,S3,True,6.0,15.086272469388987,DISTINGUISHABLE,M,"{""M"": 0.0, ""C"": 15138.6763, ""F"": 36792.64, ""S"": 692.5072}","{""M"": 0.7919836924242535, ""C"": 0.4, ""F"": 1.0, ""S"": -5.333142512562814e-05}",0.0,0.0,0.0
2,2.0,M,0.2,0.7919836924242535,COMPENSATE,S4,False,7.0,16.811893829770927,DIFFERENT_ACTION,"M,S","{""M"": 0.0, ""C"": 14768.2093, ""F"": 36100.1328, ""S"": 0.0}","{""M"": 0.7919836924242535, ""C"": 0.4, ""F"": 1.0, ""S"": -5.5275800000000004e-05}",2.7637706826519982e-05,0.0,0.0
2,2.0,M,0.2,0.7919836924242535,COMPENSATE,S4,True,14.0,27.68824961045705,DISTINGUISHABLE,M,"{""M"": 0.0, ""C"": 15139.151, ""F"": 36792.6438, ""S"": 692.511}","{""M"": 0.7919836924242535, ""C"": 0.4, ""F"": 1.0, ""S"": -5.333142512562814e-05}",0.0,0.0,0.0
2,2.0,F,0.01,,,S1,False,,,UNREACHABLE,,,,,,
2,2.0,F,0.01,,,S1,True,,,UNREACHABLE,,,,,,
2,2.0,F,0.01,,,S2,False,,,UNREACHABLE,,,,,,
2,2.0,F,0.01,,,S2,True,,,UNREACHABLE,,,,,,
2,2.0,F,0.01,,,S3,False,,,UNREACHABLE,,,,,,
2,2.0,F,0.01,,,S3,True,,,UNREACHABLE,,,,,,
2,2.0,F,0.01,,,S4,False,,,UNREACHABLE,,,,,,
2,2.0,F,0.01,,,S4,True,,,UNREACHABLE,,,,,,
2,2.0,F,0.02,,,S1,False,,,UNREACHABLE,,,,,,
2,2.0,F,0.02,,,S1,True,,,UNREACHABLE,,,,,,
2,2.0,F,0.02,,,S2,False,,,UNREACHABLE,,,,,,
2,2.0,F,0.02,,,S2,True,,,UNREACHABLE,,,,,,
2,2.0,F,0.02,,,S3,False,,,UNREACHABLE,,,,,,
2,2.0,F,0.02,,,S3,True,,,UNREACHABLE,,,,,,
2,2.0,F,0.02,,,S4,False,,,UNREACHABLE,,,,,,
2,2.0,F,0.02,,,S4,True,,,UNREACHABLE,,,,,,
2,2.0,F,0.05,,,S1,False,,,UNREACHABLE,,,,,,
2,2.0,F,0.05,,,S1,True,,,UNREACHABLE,,,,,,
2,2.0,F,0.05,,,S2,False,,,UNREACHABLE,,,,,,
2,2.0,F,0.05,,,S2,True,,,UNREACHABLE,,,,,,
2,2.0,F,0.05,,,S3,False,,,UNREACHABLE,,,,,,
2,2.0,F,0.05,,,S3,True,,,UNREACHABLE,,,,,,
2,2.0,F,0.05,,,S4,False,,,UNREACHABLE,,,,,,
2,2.0,F,0.05,,,S4,True,,,UNREACHABLE,,,,,,
2,2.0,F,0.1,,,S1,False,,,UNREACHABLE,,,,,,
2,2.0,F,0.1,,,S1,True,,,UNREACHABLE,,,,,,
2,2.0,F,0.1,,,S2,False,,,UNREACHABLE,,,,,,
2,2.0,F,0.1,,,S2,True,,,UNREACHABLE,,,,,,
2,2.0,F,0.1,,,S3,False,,,UNREACHABLE,,,,,,
2,2.0,F,0.1,,,S3,True,,,UNREACHABLE,,,,,,
2,2.0,F,0.1,,,S4,False,,,UNREACHABLE,,,,,,
2,2.0,F,0.1,,,S4,True,,,UNREACHABLE,,,,,,
2,2.0,F,0.2,,,S1,False,,,UNREACHABLE,,,,,,
2,2.0,F,0.2,,,S1,True,,,UNREACHABLE,,,,,,
2,2.0,F,0.2,,,S2,False,,,UNREACHABLE,,,,,,
2,2.0,F,0.2,,,S2,True,,,UNREACHABLE,,,,,,
2,2.0,F,0.2,,,S3,False,,,UNREACHABLE,,,,,,
2,2.0,F,0.2,,,S3,True,,,UNREACHABLE,,,,,,
2,2.0,F,0.2,,,S4,False,,,UNREACHABLE,,,,,,
2,2.0,F,0.2,,,S4,True,,,UNREACHABLE,,,,,,
2,2.0,S,0.01,-2.763794829336978e-06,RECALIBRATE,S1,False,1.0,6.6348966010212145,DIFFERENT_ACTION,"C,F,M,S","{""S"": 0.0, ""C"": 0.0, ""M"": 0.0, ""F"": 0.0}","{""S"": -2.763794829336978e-06, ""C"": 0.785929648241206, ""M"": 0.9819095477386934, ""F"": 1.0}",0.0,1.1820611659403633e-05,0.0
2,2.0,S,0.01,-2.763794829336978e-06,RECALIBRATE,S1,True,2.0,6.6348966010212145,DIFFERENT_ACTION,"C,F,M,S","{""S"": 0.0, ""C"": 0.0, ""M"": 0.0, ""F"": 0.0}","{""S"": -2.763794829336978e-06, ""C"": 0.9999998006825287, ""M"": 0.999999970919973, ""F"": 1.0}",0.0,0.0,0.0
2,2.0,S,0.01,-2.763794829336978e-06,RECALIBRATE,S2,False,2.0,6.6348966010212145,DIFFERENT_ACTION,"C,F,M,S","{""S"": 0.0, ""C"": 0.0, ""M"": 0.0, ""F"": 0.0}","{""S"": -2.763794829336978e-06, ""C"": 0.785929648241206, ""M"": 0.9819095477386934, ""F"": 1.0}",0.0,1.1820611659403633e-05,0.0
2,2.0,S,0.01,-2.763794829336978e-06,RECALIBRATE,S2,True,4.0,11.344866730144373,DIFFERENT_ACTION,"C,F,M,S","{""S"": 0.0, ""C"": 0.0, ""M"": 0.0, ""F"": 0.0}","{""S"": -2.763794829336978e-06, ""C"": 0.9999998006825287, ""M"": 0.999999970919973, ""F"": 1.0}",0.0,0.0,0.0
2,2.0,S,0.01,-2.763794829336978e-06,RECALIBRATE,S3,False,3.0,9.21034037197618,DIFFERENT_ACTION,"C,F,M,S","{""S"": 0.0, ""C"": 0.0, ""M"": 0.0, ""F"": 0.0}","{""S"": -2.763794829336978e-06, ""C"": 0.785929648241206, ""M"": 0.9819095477386934, ""F"": 1.0}",0.0,1.1820611659403633e-05,0.0
2,2.0,S,0.01,-2.763794829336978e-06,RECALIBRATE,S3,True,6.0,15.086272469388987,DIFFERENT_ACTION,"C,F,M,S","{""S"": 0.0, ""C"": 0.0, ""M"": 0.0, ""F"": 0.0}","{""S"": -2.763794829336978e-06, ""C"": 0.9999998006825287, ""M"": 0.999999970919973, ""F"": 1.0}",0.0,0.0,0.0
2,2.0,S,0.01,-2.763794829336978e-06,RECALIBRATE,S4,False,7.0,16.811893829770927,DIFFERENT_ACTION,"C,F,M,S","{""S"": 0.0, ""C"": 0.0, ""M"": 0.0, ""F"": 0.0}","{""S"": -2.763794829336978e-06, ""C"": 0.785929648241206, ""M"": 0.9819095477386934, ""F"": 1.0}",0.0,1.1820611659403633e-05,0.0
2,2.0,S,0.01,-2.763794829336978e-06,RECALIBRATE,S4,True,14.0,27.68824961045705,DIFFERENT_ACTION,"C,F,M,S","{""S"": 0.0, ""C"": 0.0, ""M"": 0.0, ""F"": 0.0}","{""S"": -2.763794829336978e-06, ""C"": 0.9999998006825287, ""M"": 0.999999970919973, ""F"": 1.0}",0.0,0.0,0.0
2,2.0,S,0.02,-5.52758965867401e-06,RECALIBRATE,S1,False,1.0,6.6348966010212145,DIFFERENT_ACTION,"C,M,S","{""S"": 0.0, ""C"": 0.0, ""M"": 0.0, ""F"": 100.0007}","{""S"": -5.52758965867401e-06, ""C"": 0.692462311557789, ""M"": 0.9698492462311558, ""F"": 1.0}",0.0,2.5202804811634576e-05,0.0
2,2.0,S,0.02,-5.52758965867401e-06,RECALIBRATE,S1,True,2.0,6.6348966010212145,DIFFERENT_ACTION,"C,M,S","{""S"": 0.0, ""C"": 1.193, ""M"": 1.725, ""F"": 100.0007}","{""S"": -5.52758965867401e-06, ""C"": 0.8890296726309983, ""M"": 0.9896770053750501, ""F"": 1.0}",0.0,8.278495953559778e-06,0.0
2,2.0,S,0.02,-5.52758965867401e-06,RECALIBRATE,S2,False,2.0,6.6348966010212145,DIFFERENT_ACTION,"C,M,S","{""S"": 0.0, ""C"": 0.0, ""M"": 0.0, ""F"": 100.0007}","{""S"": -5.52758965867401e-06, ""C"": 0.692462311557789, ""M"": 0.9698492462311558, ""F"": 1.0}",0.0,2.5202804811634576e-05,0.0
2,2.0,S,0.02,-5.52758965867401e-06,RECALIBRATE,S2,True,4.0,11.344866730144373,DIFFERENT_ACTION,"C,M,S","{""S"": 0.0, ""C"": 1.193, ""M"": 1.7251, ""F"": 100.0007}","{""S"": -5.52758965867401e-06, ""C"": 0.8890297210672424, ""M"": 0.9896770116381355, ""F"": 1.0}",0.0,8.278491500336252e-06,0.0
2,2.0,S,0.02,-5.52758965867401e-06,RECALIBRATE,S3,False,3.0,9.21034037197618,DIFFERENT_ACTION,"C,M,S","{""S"": 0.0, ""C"": 0.0, ""M"": 0.0, ""F"": 100.0007}","{""S"": -5.52758965867401e-06, ""C"": 0.692462311557789, ""M"": 0.9698492462311558, ""F"": 1.0}",0.0,2.5202804811634576e-05,0.0
2,2.0,S,0.02,-5.52758965867401e-06,RECALIBRATE,S3,True,6.0,15.086272469388987,DIFFERENT_ACTION,"C,M,S","{""S"": 0.0, ""C"": 1.1994, ""M"": 1.7252, ""F"": 100.0007}","{""S"": -5.52758965867401e-06, ""C"": 0.8890365792087311, ""M"": 0.9896770241655217, ""F"": 1.0}",0.0,8.278215987249515e-06,0.0
2,2.0,S,0.02,-5.52758965867401e-06,RECALIBRATE,S4,False,7.0,16.811893829770927,DIFFERENT_ACTION,"C,M,S","{""S"": 0.0, ""C"": 0.0, ""M"": 0.0, ""F"": 100.0007}","{""S"": -5.52758965867401e-06, ""C"": 0.692462311557789, ""M"": 0.9698492462311558, ""F"": 1.0}",0.0,2.5202804811634576e-05,0.0
2,2.0,S,0.02,-5.52758965867401e-06,RECALIBRATE,S4,True,14.0,27.68824961045705,DIFFERENT_ACTION,"C,M,S","{""S"": 0.0, ""C"": 1.2071, ""M"": 1.7252, ""F"": 100.0007}","{""S"": -5.52758965867401e-06, ""C"": 0.8890447721540319, ""M"": 0.9896770251483668, ""F"": 1.0}",0.0,8.277892531462043e-06,0.0
2,2.0,S,0.05,-1.3818974146684998e-05,RECALIBRATE,S1,False,1.0,6.6348966010212145,DIFFERENT_ACTION,"C,M,S","{""S"": 0.0, ""C"": 0.0, ""M"": 0.0, ""F"": 1600.007}","{""S"": -1.3818974146684998e-05, ""C"": 0.45728643216080406, ""M"": 0.9396984924623115, ""F"": 1.0}",0.0,5.252111677100899e-05,0.0
2,2.0,S,0.05,-1.3818974146684998e-05,RECALIBRATE,S1,True,2.0,6.6348966010212145,DISTINGUISHABLE,S,"{""S"": 0.0, ""C"": 17.9518, ""M"": 27.5417, ""F"": 1600.007}","{""S"": -1.3818974146684998e-05, ""C"": 0.6076377696329128, ""M"": 0.9587695740441244, ""F"": 1.0}",0.0,0.0,0.0
2,2.0,S,0.05,-1.3818974146684998e-05,RECALIBRATE,S2,False,2.0,6.6348966010212145,DIFFERENT_ACTION,"C,M,S","{""S"": 0.0, ""C"": 0.0, ""M"": 0.0, ""F"": 1600.007}","{""S"": -1.3818974146684998e-05, ""C"": 0.45728643216080406, ""M"": 0.9396984924623115, ""F"": 1.0}",0.0,5.252111677100899e-05,0.0
2,2.0,S,0.05,-1.3818974146684998e-05,RECALIBRATE,S2,True,4.0,11.344866730144373,DISTINGUISHABLE,S,"{""S"": 0.0, ""C"": 17.9525, ""M"": 27.5426, ""F"": 1600.007}","{""S"": -1.3818974146684998e-05, ""C"": 0.6076379053694123, ""M"": 0.9587695989784251, ""F"": 1.0}",0.0,0.0,0.0
2,2.0,S,0.05,-1.3818974146684998e-05,RECALIBRATE,S3,False,3.0,9.21034037197618,DIFFERENT_ACTION,"C,M,S","{""S"": 0.0, ""C"": 0.0, ""M"": 0.0, ""F"": 1600.007}","{""S"": -1.3818974146684998e-05, ""C"": 0.45728643216080406, ""M"": 0.9396984924623115, ""F"": 1.0}",0.0,5.252111677100899e-05,0.0
2,2.0,S,0.05,-1.3818974146684998e-05,RECALIBRATE,S3,True,6.0,15.086272469388987,DISTINGUISHABLE,S,"{""S"": 0.0, ""C"": 18.0497, ""M"": 27.5445, ""F"": 1600.007}","{""S"": -1.3818974146684998e-05, ""C"": 0.6076572024134854, ""M"": 0.9587696487945316, ""F"": 1.0}",0.0,0.0,0.0
2,2.0,S,0.05,-1.3818974146684998e-05,RECALIBRATE,S4,False,7.0,16.811893829770927,DIFFERENT_ACTION,"C,M,S","{""S"": 0.0, ""C"": 0.0, ""M"": 0.0, ""F"": 1600.007}","{""S"": -1.3818974146684998e-05, ""C"": 0.5386934673366834, ""M"": 0.9396984924623115, ""F"": 1.0}",0.0,4.7168392445618096e-05,0.0
2,2.0,S,0.05,-1.3818974146684998e-05,RECALIBRATE,S4,True,14.0,27.68824961045705,DIFFERENT_ACTION,"C,M,S","{""S"": 0.0, ""C"": 18.1658, ""M"": 27.5447, ""F"": 1600.007}","{""S"": -1.3818974146684998e-05, ""C"": 0.6076802750660755, ""M"": 0.9587696526863663, ""F"": 1.0}",0.0,3.445742104147935e-05,0.0
2,2.0,S,0.1,-2.7637948293369997e-05,RECALIBRATE,S1,False,1.0,6.6348966010212145,DIFFERENT_ACTION,"M,S","{""S"": 0.0, ""C"": 463.2796, ""M"": 0.0, ""F"": 8100.0315}","{""S"": -2.7637948293369997e-05, ""C"": 0.4, ""M"": 0.885427135678392, ""F"": 1.0}",0.0,8.052819517210988e-05,0.0
2,2.0,S,0.1,-2.7637948293369997e-05,RECALIBRATE,S1,True,2.0,6.6348966010212145,DISTINGUISHABLE,S,"{""S"": 0.0, ""C"": 513.3871, ""M"": 138.9376, ""F"": 8100.0315}","{""S"": -2.7637948293369997e-05, ""C"": 0.4, ""M"": 0.9074607968528691, ""F"": 1.0}",0.0,0.0,0.0
2,2.0,S,0.1,-2.7637948293369997e-05,RECALIBRATE,S2,False,2.0,6.6348966010212145,DIFFERENT_ACTION,"M,S","{""S"": 0.0, ""C"": 463.2796, ""M"": 0.0, ""F"": 8100.0315}","{""S"": -2.7637948293369997e-05, ""C"": 0.4, ""M"": 0.885427135678392, ""F"": 1.0}",0.0,8.052819517210988e-05,0.0
2,2.0,S,0.1,-2.7637948293369997e-05,RECALIBRATE,S2,True,4.0,11.344866730144373,DISTINGUISHABLE,S,"{""S"": 0.0, ""C"": 513.3891, ""M"": 138.9425, ""F"": 8100.0315}","{""S"": -2.7637948293369997e-05, ""C"": 0.4, ""M"": 0.9074608525136988, ""F"": 1.0}",0.0,0.0,0.0
2,2.0,S,0.1,-2.7637948293369997e-05,RECALIBRATE,S3,False,3.0,9.21034037197618,DIFFERENT_ACTION,"M,S","{""S"": 0.0, ""C"": 463.2796, ""M"": 0.0, ""F"": 8100.0315}","{""S"": -2.7637948293369997e-05, ""C"": 0.4, ""M"": 0.885427135678392, ""F"": 1.0}",0.0,8.052819517210988e-05,0.0
2,2.0,S,0.1,-2.7637948293369997e-05,RECALIBRATE,S3,True,6.0,15.086272469388987,DISTINGUISHABLE,S,"{""S"": 0.0, ""C"": 513.6642, ""M"": 138.9521, ""F"": 8100.0315}","{""S"": -2.7637948293369997e-05, ""C"": 0.4, ""M"": 0.9074609635103978, ""F"": 1.0}",0.0,0.0,0.0
2,2.0,S,0.1,-2.7637948293369997e-05,RECALIBRATE,S4,False,7.0,16.811893829770927,DIFFERENT_ACTION,"M,S","{""S"": 0.0, ""C"": 463.3482, ""M"": 0.0, ""F"": 8100.0315}","{""S"": -2.7637948293369997e-05, ""C"": 0.4, ""M"": 0.885427135678392, ""F"": 1.0}",0.0,8.052819517210988e-05,0.0
2,2.0,S,0.1,-2.7637948293369997e-05,RECALIBRATE,S4,True,14.0,27.68824961045705,DISTINGUISHABLE,S,"{""S"": 0.0, ""C"": 514.0616, ""M"": 138.9528, ""F"": 8100.0315}","{""S"": -2.7637948293369997e-05, ""C"": 0.4, ""M"": 0.9074609721208582, ""F"": 1.0}",0.0,0.0,0.0
2,2.0,S,0.2,,,S1,False,,,UNREACHABLE,,,,,,
2,2.0,S,0.2,,,S1,True,,,UNREACHABLE,,,,,,
2,2.0,S,0.2,,,S2,False,,,UNREACHABLE,,,,,,
2,2.0,S,0.2,,,S2,True,,,UNREACHABLE,,,,,,
2,2.0,S,0.2,,,S3,False,,,UNREACHABLE,,,,,,
2,2.0,S,0.2,,,S3,True,,,UNREACHABLE,,,,,,
2,2.0,S,0.2,,,S4,False,,,UNREACHABLE,,,,,,
2,2.0,S,0.2,,,S4,True,,,UNREACHABLE,,,,,,
