case_id,mode,true_h,nominal_drop,active,set,group,phase,n,supported_label,true_rejected,potential_true_rejected_at21,correct_singleton,wrong_singleton,inconclusive,incompatible,early_singleton,median_diagnosis_time_min,median_correct_time_min,true_rejected_rate,true_rejected_ci_lo,true_rejected_ci_hi,correct_singleton_rate,correct_singleton_ci_lo,correct_singleton_ci_hi,wrong_singleton_rate,wrong_singleton_ci_lo,wrong_singleton_ci_hi,inconclusive_rate,inconclusive_ci_lo,inconclusive_ci_hi,incompatible_rate,incompatible_ci_lo,incompatible_ci_hi
m1_C_d02_r0,1,C,0.02,False,S1,covered_grid,evaluation,1000,True,43.0,43.0,0,0,971,29,0,,,0.043,0.0312911704560926,0.057486257961972334,0.0,0.0,0.003682083896865671,0.0,0.0,0.003682083896865671,0.971,0.9586152808835982,0.9804940626756153,0.029,0.01950593732438462,0.041384719116401895
m1_C_d02_r0,1,C,0.02,False,S3,covered_grid,evaluation,1000,True,49.0,49.0,0,13,963,24,3,21.0,,0.049,0.03646705917204782,0.06426605314016964,0.0,0.0,0.003682083896865671,0.013,0.006939617502851475,0.022127803636778482,0.963,0.949358876940075,0.9738172911562627,0.024,0.01543638323350848,0.035500638531359305
m1_C_d02_r0,1,C,0.02,False,S4,covered_grid,evaluation,1000,True,35.0,41.0,55,3,914,28,9,21.0,21.0,0.035,0.02449752789475872,0.04834238161422173,0.055,0.04169879507953599,0.07099151554205749,0.003,0.0006190999316495713,0.008742023238478308,0.914,0.8948797315656734,0.9306374694275863,0.028,0.018684686195537568,0.04021488737384334
m1_C_d02_r0,1,C,0.02,True,S1,covered_grid,evaluation,1000,True,44.0,44.0,0,19,972,9,8,21.0,,0.044,0.032149497010871435,0.05862041920633091,0.0,0.0,0.003682083896865671,0.019,0.011477036993100945,0.029512401625097755,0.972,0.9597851126261566,0.9813153138044625,0.009,0.004123395660342473,0.017015783069894617
m1_C_d02_r0,1,C,0.02,True,S3,covered_grid,evaluation,1000,True,46.0,46.0,1,15,962,22,4,21.0,21.0,0.046,0.03387149854767792,0.060883552713742635,0.001,2.531748749129404e-05,0.005558924279826698,0.015,0.008419049750034378,0.02461970009704124,0.962,0.9482128963780359,0.9729711840170161,0.022,0.013837414172073851,0.03311966451498781
m1_C_d02_r0,1,C,0.02,True,S4,covered_grid,evaluation,1000,True,34.0,41.0,68,5,901,26,13,21.0,21.0,0.034,0.02365864810759675,0.047189438615707534,0.068,0.05318809976040197,0.08541305019143097,0.005,0.00162541951756276,0.01162947055981214,0.901,0.8807915173137935,0.9188088710530312,0.026,0.017052786345629425,0.037865122478921515
m1_C_d02_r1,1,C,0.02,False,S1,covered_grid,evaluation,1000,True,29.0,29.0,3,7,968,22,1,21.0,21.0,0.029,0.01950593732438462,0.041384719116401895,0.003,0.0006190999316495713,0.008742023238478308,0.007,0.002818858759620524,0.014369194978918611,0.968,0.9551240971649908,0.9780111503943576,0.022,0.013837414172073851,0.03311966451498781
m1_C_d02_r1,1,C,0.02,False,S3,covered_grid,evaluation,1000,True,44.0,44.0,6,12,951,31,3,21.0,21.0,0.044,0.032149497010871435,0.05862041920633091,0.006,0.0022049824851513773,0.013013423270974454,0.012,0.006215525559595244,0.020867679591036435,0.951,0.9357339468598304,0.9635329408279522,0.031,0.021158171970208632,0.04371508500623898
m1_C_d02_r1,1,C,0.02,False,S4,covered_grid,evaluation,1000,True,32.0,35.0,69,5,900,26,8,21.0,21.0,0.032,0.02198884960564242,0.04487590283500927,0.069,0.0540793357932563,0.08651510934571155,0.005,0.00162541951756276,0.01162947055981214,0.9,0.8797120634813074,0.91789466564442,0.026,0.017052786345629425,0.037865122478921515
m1_C_d02_r1,1,C,0.02,True,S1,covered_grid,evaluation,1000,True,27.0,27.0,35,4,941,20,1,21.0,21.0,0.027,0.01786690592524969,0.03904174680597018,0.035,0.02449752789475872,0.04834238161422173,0.004,0.0010909079877259714,0.010209664683929856,0.941,0.9245509269157592,0.9547866455972034,0.02,0.012258267972406329,0.030720032682609023
m1_C_d02_r1,1,C,0.02,True,S3,covered_grid,evaluation,1000,True,44.0,44.0,17,8,940,35,2,21.0,21.0,0.044,0.032149497010871435,0.05862041920633091,0.017,0.009933512592716534,0.027079496864851435,0.008,0.003459976165329311,0.015702049176074654,0.94,0.9234395095960652,0.9539049645775157,0.035,0.02449752789475872,0.04834238161422173
m1_C_d02_r1,1,C,0.02,True,S4,covered_grid,evaluation,1000,True,32.0,34.0,127,4,841,28,6,21.0,21.0,0.032,0.02198884960564242,0.04487590283500927,0.127,0.10698432694945341,0.14924003033485814,0.004,0.0010909079877259714,0.010209664683929856,0.841,0.8168376651825233,0.8631343076614678,0.028,0.018684686195537568,0.04021488737384334
m1_C_d02_r2,1,C,0.02,False,S1,covered_grid,evaluation,1000,True,20.0,21.0,5,7,975,13,3,21.0,21.0,0.02,0.012258267972406329,0.030720032682609023,0.005,0.00162541951756276,0.01162947055981214,0.007,0.002818858759620524,0.014369194978918611,0.975,0.9633151769480769,0.9837574643031177,0.013,0.006939617502851475,0.022127803636778482
m1_C_d02_r2,1,C,0.02,False,S3,covered_grid,evaluation,1000,True,36.0,36.0,3,19,962,16,4,21.0,21.0,0.036,0.02533891492983775,0.04949291171801233,0.003,0.0006190999316495713,0.008742023238478308,0.019,0.011477036993100945,0.029512401625097755,0.962,0.9482128963780359,0.9729711840170161,0.016,0.009172319269222079,0.02585324908137344
m1_C_d02_r2,1,C,0.02,False,S4,covered_grid,evaluation,1000,True,34.0,39.0,107,2,861,30,9,21.0,21.0,0.034,0.02365864810759675,0.047189438615707534,0.107,0.08852043664251635,0.12782864411706796,0.002,0.00024230111687723185,0.007205838911457516,0.861,0.8379954961445097,0.8818541472350339,0.03,0.020330485683109627,0.042551402470029004
m1_C_d02_r2,1,C,0.02,True,S1,covered_grid,evaluation,1000,True,21.0,21.0,137,3,842,18,5,21.0,21.0,0.021,0.013045192290387683,0.031922335180415505,0.137,0.11628168943368121,0.15988096510541736,0.003,0.0006190999316495713,0.008742023238478308,0.842,0.8178923975121415,0.8640734838150352,0.018,0.010701947929414703,0.028299041249019146
m1_C_d02_r2,1,C,0.02,True,S3,covered_grid,evaluation,1000,True,34.0,36.0,116,9,850,25,8,21.0,21.0,0.034,0.02365864810759675,0.047189438615707534,0.116,0.0968059552697585,0.1374867505495638,0.009,0.004123395660342473,0.017015783069894617,0.85,0.826341871432964,0.8715751888838272,0.025,0.01624253569688223,0.036684823051923054
m1_C_d02_r2,1,C,0.02,True,S4,covered_grid,evaluation,1000,True,34.0,39.0,331,0,635,34,11,21.0,21.0,0.034,0.02365864810759675,0.047189438615707534,0.331,0.3018678360768295,0.36113103773118427,0.0,0.0,0.003682083896865671,0.635,0.6042984488539128,0.6649040261922291,0.034,0.02365864810759675,0.047189438615707534
m1_C_d05_r0,1,C,0.05,False,S1,covered_grid,evaluation,1000,True,42.0,42.0,0,6,968,26,3,18.5,,0.042,0.030434706263140023,0.05635029157574473,0.0,0.0,0.003682083896865671,0.006,0.0022049824851513773,0.013013423270974454,0.968,0.9551240971649908,0.9780111503943576,0.026,0.017052786345629425,0.037865122478921515
m1_C_d05_r0,1,C,0.05,False,S3,covered_grid,evaluation,1000,True,56.0,56.0,0,17,960,23,3,21.0,,0.056,0.04257554968661717,0.07210774628325273,0.0,0.0,0.003682083896865671,0.017,0.009933512592716534,0.027079496864851435,0.96,0.9459273031806316,0.9712723747141092,0.023,0.014634582325176759,0.03431233761285442
m1_C_d05_r0,1,C,0.05,False,S4,covered_grid,evaluation,1000,True,14.0,44.0,670,0,316,14,339,16.0,16.0,0.014,0.007674501565020781,0.023378156010314545,0.67,0.6398882743460264,0.6991069245809935,0.0,0.0,0.003682083896865671,0.316,0.28726221195132196,0.34582560760668796,0.014,0.007674501565020781,0.023378156010314545
m1_C_d05_r0,1,C,0.05,True,S1,covered_grid,evaluation,1000,True,40.0,41.0,18,14,950,18,5,21.0,21.0,0.04,0.028727625285890793,0.05407269681936848,0.018,0.010701947929414703,0.028299041249019146,0.014,0.007674501565020781,0.023378156010314545,0.95,0.9346095120845064,0.9626646023953382,0.018,0.010701947929414703,0.028299041249019146
m1_C_d05_r0,1,C,0.05,True,S3,covered_grid,evaluation,1000,True,51.0,52.0,19,20,933,28,4,21.0,21.0,0.051,0.03820523677468615,0.06651346159493483,0.019,0.011477036993100945,0.029512401625097755,0.02,0.012258267972406329,0.030720032682609023,0.933,0.9156899628975586,0.9477021635999548,0.028,0.018684686195537568,0.04021488737384334
m1_C_d05_r0,1,C,0.05,True,S4,covered_grid,evaluation,1000,True,10.0,43.0,823,1,167,9,444,16.0,16.0,0.01,0.004805510691049308,0.018313243055112515,0.823,0.7979040786922189,0.8461771732986039,0.001,2.531748749129404e-05,0.005558924279826698,0.167,0.14439030619474663,0.19158907017630925,0.009,0.004123395660342473,0.017015783069894617
m1_C_d05_r1,1,C,0.05,False,S1,covered_grid,evaluation,1000,True,27.0,27.0,1,7,973,19,2,21.0,21.0,0.027,0.01786690592524969,0.03904174680597018,0.001,2.531748749129404e-05,0.005558924279826698,0.007,0.002818858759620524,0.014369194978918611,0.973,0.9609582531940298,0.9821330940747504,0.019,0.011477036993100945,0.029512401625097755
m1_C_d05_r1,1,C,0.05,False,S3,covered_grid,evaluation,1000,True,42.0,42.0,2,17,956,25,3,21.0,21.0,0.042,0.030434706263140023,0.05635029157574473,0.002,0.00024230111687723185,0.007205838911457516,0.017,0.009933512592716534,0.027079496864851435,0.956,0.9413795807936691,0.9678505029891286,0.025,0.01624253569688223,0.036684823051923054
m1_C_d05_r1,1,C,0.05,False,S4,covered_grid,evaluation,1000,True,5.0,23.0,673,1,322,4,292,21.0,21.0,0.005,0.00162541951756276,0.01162947055981214,0.673,0.6429471027235785,0.7020303123813987,0.001,2.531748749129404e-05,0.005558924279826698,0.322,0.2931003763420352,0.35195185521337063,0.004,0.0010909079877259714,0.010209664683929856
m1_C_d05_r1,1,C,0.05,False,S1,half_noise,stress,1000,True,0.0,0.0,0,0,1000,0,0,,,0.0,0.0,0.003682083896865671,0.0,0.0,0.003682083896865671,0.0,0.0,0.003682083896865671,1.0,0.9963179161031344,1.0,0.0,0.0,0.003682083896865671
m1_C_d05_r1,1,C,0.05,False,S3,half_noise,stress,1000,True,0.0,0.0,0,0,1000,0,0,,,0.0,0.0,0.003682083896865671,0.0,0.0,0.003682083896865671,0.0,0.0,0.003682083896865671,1.0,0.9963179161031344,1.0,0.0,0.0,0.003682083896865671
m1_C_d05_r1,1,C,0.05,False,S4,half_noise,stress,1000,True,0.0,0.0,166,0,834,0,25,21.0,21.0,0.0,0.0,0.003682083896865671,0.166,0.14344866158413716,0.1905367885418801,0.0,0.0,0.003682083896865671,0.834,0.80946321145812,0.8565513384158628,0.0,0.0,0.003682083896865671
m1_C_d05_r1,1,C,0.05,False,S1,double_noise,stress,1000,True,396.0,396.0,6,30,601,363,11,21.0,21.0,0.396,0.36553234064374684,0.427081844548873,0.006,0.0022049824851513773,0.013013423270974454,0.03,0.020330485683109627,0.042551402470029004,0.601,0.5698881758686511,0.6315153718849605,0.363,0.33313683993801807,0.3936725204750731
m1_C_d05_r1,1,C,0.05,False,S3,double_noise,stress,1000,True,841.0,844.0,17,71,142,770,52,16.0,21.0,0.841,0.8168376651825233,0.8631343076614678,0.017,0.009933512592716534,0.027079496864851435,0.071,0.05586464824989752,0.08871644088678735,0.142,0.12094489570974318,0.1651870383535972,0.77,0.74264308249677,0.7957569815143822
m1_C_d05_r1,1,C,0.05,False,S4,double_noise,stress,1000,True,878.0,991.0,121,6,1,872,122,16.0,16.0,0.878,0.8560957805725833,0.8976488625599233,0.121,0.10142580723074804,0.14283576268156783,0.006,0.0022049824851513773,0.013013423270974454,0.001,2.531748749129404e-05,0.005558924279826698,0.872,0.8496940714251292,0.8920877586688023
m1_C_d05_r1,1,C,0.05,False,S1,strong_correlation,stress,1000,True,379.0,379.0,5,53,622,320,21,21.0,21.0,0.379,0.3488253306950418,0.4098893715369726,0.005,0.00162541951756276,0.01162947055981214,0.053,0.03994925236001938,0.06875518328996323,0.622,0.5911231581097954,0.6521562251530795,0.32,0.2911537108813488,0.34991038185286666
m1_C_d05_r1,1,C,0.05,False,S3,strong_correlation,stress,1000,True,832.0,833.0,14,79,155,752,49,16.0,21.0,0.832,0.8073589445854946,0.8546677507252727,0.014,0.007674501565020781,0.023378156010314545,0.079,0.06304120280945993,0.09748709490690118,0.155,0.13311091275596745,0.17894149488665506,0.752,0.7240157794869063,0.7784918701625332
m1_C_d05_r1,1,C,0.05,False,S4,strong_correlation,stress,1000,True,315.0,556.0,632,6,53,309,426,16.0,16.0,0.315,0.28628972113239703,0.3448040310832041,0.632,0.6012559400774757,0.6619642863850408,0.006,0.0022049824851513773,0.013013423270974454,0.053,0.03994925236001938,0.06875518328996323,0.309,0.2804580317273357,0.33867132471628764
m1_C_d05_r1,1,C,0.05,False,S1,drifting_bias,stress,1000,True,23.0,23.0,2,10,976,12,4,21.0,21.0,0.023,0.014634582325176759,0.03431233761285442,0.002,0.00024230111687723185,0.007205838911457516,0.01,0.004805510691049308,0.018313243055112515,0.976,0.9644993614686407,0.9845636167664915,0.012,0.006215525559595244,0.020867679591036435
m1_C_d05_r1,1,C,0.05,False,S3,drifting_bias,stress,1000,True,891.0,892.0,2,67,107,824,47,16.0,18.5,0.891,0.8700216346570648,0.9096418523230805,0.002,0.00024230111687723185,0.007205838911457516,0.067,0.05229783640004518,0.08431003710244145,0.107,0.08852043664251635,0.12782864411706796,0.824,0.7989534872821922,0.8471217103835686
m1_C_d05_r1,1,C,0.05,False,S4,drifting_bias,stress,1000,True,614.0,883.0,373,6,13,608,326,16.0,16.0,0.614,0.5830266964145336,0.6442999972828456,0.373,0.34293803481183294,0.4038121575981336,0.006,0.0022049824851513773,0.013013423270974454,0.013,0.006939617502851475,0.022127803636778482,0.608,0.5769599775296484,0.6384021909745194
m1_C_d05_r1,1,C,0.05,False,S1,gain_error,stress,1000,True,23.0,23.0,1,7,976,16,1,21.0,21.0,0.023,0.014634582325176759,0.03431233761285442,0.001,2.531748749129404e-05,0.005558924279826698,0.007,0.002818858759620524,0.014369194978918611,0.976,0.9644993614686407,0.9845636167664915,0.016,0.009172319269222079,0.02585324908137344
m1_C_d05_r1,1,C,0.05,False,S3,gain_error,stress,1000,True,844.0,844.0,1,18,155,826,9,21.0,21.0,0.844,0.8200028150110137,0.8659508761108912,0.001,2.531748749129404e-05,0.005558924279826698,0.018,0.010701947929414703,0.028299041249019146,0.155,0.13311091275596745,0.17894149488665506,0.826,0.8010531420069635,0.8490099415239745
m1_C_d05_r1,1,C,0.05,False,S4,gain_error,stress,1000,True,778.0,821.0,182,3,40,775,136,16.0,16.0,0.778,0.7509430816188933,0.8034090737361161,0.182,0.15854965331143797,0.20733884949016518,0.003,0.0006190999316495713,0.008742023238478308,0.04,0.028727625285890793,0.05407269681936848,0.775,0.7478289998350562,0.8005411285488702
m1_C_d05_r1,1,C,0.05,True,S1,covered_grid,evaluation,1000,True,27.0,27.0,13,12,963,12,3,21.0,21.0,0.027,0.01786690592524969,0.03904174680597018,0.013,0.006939617502851475,0.022127803636778482,0.012,0.006215525559595244,0.020867679591036435,0.963,0.949358876940075,0.9738172911562627,0.012,0.006215525559595244,0.020867679591036435
m1_C_d05_r1,1,C,0.05,True,S3,covered_grid,evaluation,1000,True,42.0,42.0,24,13,934,29,3,21.0,21.0,0.042,0.030434706263140023,0.05635029157574473,0.024,0.01543638323350848,0.035500638531359305,0.013,0.006939617502851475,0.022127803636778482,0.934,0.9167939495385973,0.9485914339810815,0.029,0.01950593732438462,0.041384719116401895
m1_C_d05_r1,1,C,0.05,True,S4,covered_grid,evaluation,1000,True,5.0,23.0,882,0,113,5,404,21.0,21.0,0.005,0.00162541951756276,0.01162947055981214,0.882,0.8603722794655597,0.9013474836051032,0.0,0.0,0.003682083896865671,0.113,0.09403966675438756,0.13427178080353835,0.005,0.00162541951756276,0.01162947055981214
m1_C_d05_r1,1,C,0.05,True,S1,half_noise,stress,1000,True,0.0,0.0,0,0,1000,0,0,,,0.0,0.0,0.003682083896865671,0.0,0.0,0.003682083896865671,0.0,0.0,0.003682083896865671,1.0,0.9963179161031344,1.0,0.0,0.0,0.003682083896865671
m1_C_d05_r1,1,C,0.05,True,S3,half_noise,stress,1000,True,0.0,0.0,0,0,1000,0,0,,,0.0,0.0,0.003682083896865671,0.0,0.0,0.003682083896865671,0.0,0.0,0.003682083896865671,1.0,0.9963179161031344,1.0,0.0,0.0,0.003682083896865671
m1_C_d05_r1,1,C,0.05,True,S4,half_noise,stress,1000,True,0.0,0.0,500,0,500,0,81,21.0,21.0,0.0,0.0,0.003682083896865671,0.5,0.46854917297179194,0.5314508270282081,0.0,0.0,0.003682083896865671,0.5,0.46854917297179194,0.5314508270282081,0.0,0.0,0.003682083896865671
m1_C_d05_r1,1,C,0.05,True,S1,double_noise,stress,1000,True,386.0,399.0,48,135,608,209,106,16.0,21.0,0.386,0.3557000027171544,0.4169733035854663,0.048,0.03560026534288328,0.06314011540150924,0.135,0.11441905042651314,0.15775591555121932,0.608,0.5769599775296484,0.6384021909745194,0.209,0.1841859678193916,0.23553986955407755
m1_C_d05_r1,1,C,0.05,True,S3,double_noise,stress,1000,True,831.0,842.0,28,174,143,655,128,16.0,21.0,0.831,0.8063072536435564,0.8537255113063816,0.028,0.018684686195537568,0.04021488737384334,0.174,0.15099005847602556,0.19894685799303644,0.143,0.12187864287589154,0.1662471565967218,0.655,0.6246139976951355,0.6844700767243275
m1_C_d05_r1,1,C,0.05,True,S4,double_noise,stress,1000,True,867.0,991.0,132,8,1,859,137,16.0,16.0,0.867,0.8443706729528716,0.8874420356131526,0.132,0.11162801297279534,0.1545654466084539,0.008,0.003459976165329311,0.015702049176074654,0.001,2.531748749129404e-05,0.005558924279826698,0.859,0.8358734410483915,0.8799884872031305
m1_C_d05_r1,1,C,0.05,True,S1,strong_correlation,stress,1000,True,359.0,375.0,60,120,614,206,98,16.0,21.0,0.359,0.32922024346035367,0.3896127907959017,0.06,0.04609503542248433,0.07656049040393477,0.12,0.10050092374816781,0.14176686379282544,0.614,0.5830266964145336,0.6442999972828456,0.206,0.1813287189103024,0.23241514405149305
m1_C_d05_r1,1,C,0.05,True,S3,strong_correlation,stress,1000,True,818.0,830.0,31,164,155,650,127,16.0,21.0,0.818,0.7926611505098349,0.841450346688562,0.031,0.021158171970208632,0.04371508500623898,0.164,0.14156627645436193,0.1884313275260984,0.155,0.13311091275596745,0.17894149488665506,0.65,0.6195298087440242,0.6795838758486343
m1_C_d05_r1,1,C,0.05,True,S4,strong_correlation,stress,1000,True,296.0,554.0,673,5,31,291,482,16.0,16.0,0.296,0.2678421975198892,0.325364353404934,0.673,0.6429471027235785,0.7020303123813987,0.005,0.00162541951756276,0.01162947055981214,0.031,0.021158171970208632,0.04371508500623898,0.291,0.2629972176857615,0.32023904389549707
m1_C_d05_r1,1,C,0.05,True,S1,drifting_bias,stress,1000,True,23.0,24.0,51,13,928,8,16,21.0,21.0,0.023,0.014634582325176759,0.03431233761285442,0.051,0.03820523677468615,0.06651346159493483,0.013,0.006939617502851475,0.022127803636778482,0.928,0.9101842508246492,0.9432413124454383,0.008,0.003459976165329311,0.015702049176074654
m1_C_d05_r1,1,C,0.05,True,S3,drifting_bias,stress,1000,True,883.0,889.0,22,124,101,753,91,16.0,21.0,0.883,0.8614425336094167,0.9022709975049333,0.022,0.013837414172073851,0.03311966451498781,0.124,0.10420311919524629,0.1460398249705473,0.101,0.08302011391180233,0.12136682351196837,0.753,0.7250489590629917,0.779452720521059
m1_C_d05_r1,1,C,0.05,True,S4,drifting_bias,stress,1000,True,583.0,881.0,409,10,9,572,375,16.0,16.0,0.583,0.551733009993698,0.6137769064231509,0.409,0.3783341218763879,0.4402032308552004,0.01,0.004805510691049308,0.018313243055112515,0.009,0.004123395660342473,0.017015783069894617,0.572,0.5406587958553852,0.6029161022864907
m1_C_d05_r1,1,C,0.05,True,S1,gain_error,stress,1000,True,34.0,34.0,18,16,954,12,9,21.0,21.0,0.034,0.02365864810759675,0.047189438615707534,0.018,0.010701947929414703,0.028299041249019146,0.016,0.009172319269222079,0.02585324908137344,0.954,0.9391164472862573,0.9661285014523221,0.012,0.006215525559595244,0.020867679591036435
m1_C_d05_r1,1,C,0.05,True,S3,gain_error,stress,1000,True,841.0,844.0,23,22,136,819,18,21.0,21.0,0.841,0.8168376651825233,0.8631343076614678,0.023,0.014634582325176759,0.03431233761285442,0.022,0.013837414172073851,0.03311966451498781,0.136,0.11535017762388164,0.15881863091402174,0.819,0.7937091934424307,0.8423962581557707
m1_C_d05_r1,1,C,0.05,True,S4,gain_error,stress,1000,True,778.0,828.0,200,0,24,776,154,16.0,16.0,0.778,0.7509430816188933,0.8034090737361161,0.2,0.17562057483084223,0.22615937282137055,0.0,0.0,0.003682083896865671,0.024,0.01543638323350848,0.035500638531359305,0.776,0.7488668141614596,0.8014973242062073
m1_C_d05_r2,1,C,0.05,False,S1,covered_grid,evaluation,1000,True,17.0,17.0,2,3,981,14,1,21.0,21.0,0.017,0.009933512592716534,0.027079496864851435,0.002,0.00024230111687723185,0.007205838911457516,0.003,0.0006190999316495713,0.008742023238478308,0.981,0.9704875983749023,0.988522963006899,0.014,0.007674501565020781,0.023378156010314545
m1_C_d05_r2,1,C,0.05,False,S3,covered_grid,evaluation,1000,True,32.0,32.0,4,11,964,21,3,21.0,21.0,0.032,0.02198884960564242,0.04487590283500927,0.004,0.0010909079877259714,0.010209664683929856,0.011,0.005503594192313587,0.01959662822201655,0.964,0.9505070882819877,0.9746610850701622,0.021,0.013045192290387683,0.031922335180415505
m1_C_d05_r2,1,C,0.05,False,S4,covered_grid,evaluation,1000,True,12.0,28.0,723,0,265,12,267,21.0,21.0,0.012,0.006215525559595244,0.020867679591036435,0.723,0.6941339234158229,0.7505465579929897,0.0,0.0,0.003682083896865671,0.265,0.23787137789369872,0.29351959120428295,0.012,0.006215525559595244,0.020867679591036435
m1_C_d05_r2,1,C,0.05,True,S1,covered_grid,evaluation,1000,True,18.0,18.0,466,6,516,12,96,21.0,21.0,0.018,0.010701947929414703,0.028299041249019146,0.466,0.4347210788877279,0.49747962978973714,0.006,0.0022049824851513773,0.013013423270974454,0.516,0.4845177802207623,0.5473877721454373,0.012,0.006215525559595244,0.020867679591036435
m1_C_d05_r2,1,C,0.05,True,S3,covered_grid,evaluation,1000,True,26.0,32.0,521,4,453,22,24,21.0,21.0,0.026,0.017052786345629425,0.037865122478921515,0.521,0.4895144677688219,0.5523615687672607,0.004,0.0010909079877259714,0.010209664683929856,0.453,0.4218247766291605,0.4844526857305389,0.022,0.013837414172073851,0.03311966451498781
m1_C_d05_r2,1,C,0.05,True,S4,covered_grid,evaluation,1000,True,10.0,28.0,970,0,20,10,528,16.0,16.0,0.01,0.004805510691049308,0.018313243055112515,0.97,0.957448597529971,0.9796695143168904,0.0,0.0,0.003682083896865671,0.02,0.012258267972406329,0.030720032682609023,0.01,0.004805510691049308,0.018313243055112515
m1_C_d10_r0,1,C,0.1,False,S1,covered_grid,evaluation,1000,True,51.0,51.0,0,6,965,29,2,21.0,,0.051,0.03820523677468615,0.06651346159493483,0.0,0.0,0.003682083896865671,0.006,0.0022049824851513773,0.013013423270974454,0.965,0.9516576183857782,0.9755024721052413,0.029,0.01950593732438462,0.041384719116401895
m1_C_d10_r0,1,C,0.1,False,S3,covered_grid,evaluation,1000,True,52.0,52.0,0,10,961,29,2,21.0,,0.052,0.0390765349439805,0.06763501405050731,0.0,0.0,0.003682083896865671,0.01,0.004805510691049308,0.018313243055112515,0.961,0.947069064214555,0.9721228512046636,0.029,0.01950593732438462,0.041384719116401895
m1_C_d10_r0,1,C,0.1,False,S4,covered_grid,evaluation,1000,True,2.0,24.0,998,0,0,2,998,16.0,16.0,0.002,0.00024230111687723185,0.007205838911457516,0.998,0.9927941610885425,0.9997576988831227,0.0,0.0,0.003682083896865671,0.0,0.0,0.003682083896865671,0.002,0.00024230111687723185,0.007205838911457516
m1_C_d10_r0,1,C,0.1,True,S1,covered_grid,evaluation,1000,True,46.0,52.0,162,11,807,20,85,21.0,16.0,0.046,0.03387149854767792,0.060883552713742635,0.162,0.13968511158457791,0.1863246549247689,0.011,0.005503594192313587,0.01959662822201655,0.807,0.7811499964179454,0.8310278967302052,0.02,0.012258267972406329,0.030720032682609023
m1_C_d10_r0,1,C,0.1,True,S3,covered_grid,evaluation,1000,True,40.0,51.0,171,10,790,29,51,21.0,21.0,0.04,0.028727625285890793,0.05407269681936848,0.171,0.14815984818319808,0.19579525359759042,0.01,0.004805510691049308,0.018313243055112515,0.79,0.7634190151421869,0.8148611536314939,0.029,0.01950593732438462,0.041384719116401895
m1_C_d10_r0,1,C,0.1,True,S4,covered_grid,evaluation,1000,True,2.0,24.0,998,0,0,2,998,16.0,16.0,0.002,0.00024230111687723185,0.007205838911457516,0.998,0.9927941610885425,0.9997576988831227,0.0,0.0,0.003682083896865671,0.0,0.0,0.003682083896865671,0.002,0.00024230111687723185,0.007205838911457516
m1_C_d10_r1,1,C,0.1,False,S1,covered_grid,evaluation,1000,True,36.0,36.0,0,12,970,18,1,21.0,,0.036,0.02533891492983775,0.04949291171801233,0.0,0.0,0.003682083896865671,0.012,0.006215525559595244,0.020867679591036435,0.97,0.957448597529971,0.9796695143168904,0.018,0.010701947929414703,0.028299041249019146
m1_C_d10_r1,1,C,0.1,False,S3,covered_grid,evaluation,1000,True,48.0,49.0,10,27,942,21,7,21.0,21.0,0.048,0.03560026534288328,0.06314011540150924,0.01,0.004805510691049308,0.018313243055112515,0.027,0.01786690592524969,0.03904174680597018,0.942,0.9256635046176483,0.9556671397471793,0.021,0.013045192290387683,0.031922335180415505
m1_C_d10_r1,1,C,0.1,False,S4,covered_grid,evaluation,1000,True,2.0,35.0,998,0,0,2,998,16.0,16.0,0.002,0.00024230111687723185,0.007205838911457516,0.998,0.9927941610885425,0.9997576988831227,0.0,0.0,0.003682083896865671,0.0,0.0,0.003682083896865671,0.002,0.00024230111687723185,0.007205838911457516
m1_C_d10_r1,1,C,0.1,True,S1,covered_grid,evaluation,1000,True,29.0,33.0,132,10,843,15,58,21.0,21.0,0.029,0.01950593732438462,0.041384719116401895,0.132,0.11162801297279534,0.1545654466084539,0.01,0.004805510691049308,0.018313243055112515,0.843,0.8189474466392858,0.8650123407930691,0.015,0.008419049750034378,0.02461970009704124
m1_C_d10_r1,1,C,0.1,True,S3,covered_grid,evaluation,1000,True,34.0,47.0,182,15,784,19,53,21.0,21.0,0.034,0.02365864810759675,0.047189438615707534,0.182,0.15854965331143797,0.20733884949016518,0.015,0.008419049750034378,0.02461970009704124,0.784,0.7571770688960009,0.8091391127324741,0.019,0.011477036993100945,0.029512401625097755
m1_C_d10_r1,1,C,0.1,True,S4,covered_grid,evaluation,1000,True,2.0,33.0,998,0,0,2,998,16.0,16.0,0.002,0.00024230111687723185,0.007205838911457516,0.998,0.9927941610885425,0.9997576988831227,0.0,0.0,0.003682083896865671,0.0,0.0,0.003682083896865671,0.002,0.00024230111687723185,0.007205838911457516
m1_M_d02_r0,1,M,0.02,False,S1,covered_grid,evaluation,1000,True,52.0,54.0,5,4,969,22,4,21.0,16.0,0.052,0.0390765349439805,0.06763501405050731,0.005,0.00162541951756276,0.01162947055981214,0.004,0.0010909079877259714,0.010209664683929856,0.969,0.956284914993761,0.9788418280297914,0.022,0.013837414172073851,0.03311966451498781
m1_M_d02_r0,1,M,0.02,False,S3,covered_grid,evaluation,1000,True,45.0,45.0,1,11,963,25,3,21.0,21.0,0.045,0.033009625431148756,0.059752832693407795,0.001,2.531748749129404e-05,0.005558924279826698,0.011,0.005503594192313587,0.01959662822201655,0.963,0.949358876940075,0.9738172911562627,0.025,0.01624253569688223,0.036684823051923054
m1_M_d02_r0,1,M,0.02,False,S4,covered_grid,evaluation,1000,True,34.0,34.0,2,10,964,24,2,21.0,21.0,0.034,0.02365864810759675,0.047189438615707534,0.002,0.00024230111687723185,0.007205838911457516,0.01,0.004805510691049308,0.018313243055112515,0.964,0.9505070882819877,0.9746610850701622,0.024,0.01543638323350848,0.035500638531359305
m1_M_d02_r0,1,M,0.02,True,S1,covered_grid,evaluation,1000,True,53.0,56.0,42,4,938,16,17,21.0,21.0,0.053,0.03994925236001938,0.06875518328996323,0.042,0.030434706263140023,0.05635029157574473,0.004,0.0010909079877259714,0.010209664683929856,0.938,0.9212200503389675,0.9521381518866388,0.016,0.009172319269222079,0.02585324908137344
m1_M_d02_r0,1,M,0.02,True,S3,covered_grid,evaluation,1000,True,35.0,38.0,21,3,953,23,5,21.0,21.0,0.035,0.02449752789475872,0.04834238161422173,0.021,0.013045192290387683,0.031922335180415505,0.003,0.0006190999316495713,0.008742023238478308,0.953,0.9379873693066948,0.9652649377332041,0.023,0.014634582325176759,0.03431233761285442
m1_M_d02_r0,1,M,0.02,True,S4,covered_grid,evaluation,1000,True,32.0,34.0,14,3,959,24,3,21.0,21.0,0.032,0.02198884960564242,0.04487590283500927,0.014,0.007674501565020781,0.023378156010314545,0.003,0.0006190999316495713,0.008742023238478308,0.959,0.9447875406847007,0.9704198314659639,0.024,0.01543638323350848,0.035500638531359305
m1_M_d02_r1,1,M,0.02,False,S1,covered_grid,evaluation,1000,True,31.0,33.0,185,13,785,17,6,21.0,21.0,0.031,0.021158171970208632,0.04371508500623898,0.185,0.16138899817878563,0.21048137777334633,0.013,0.006939617502851475,0.022127803636778482,0.785,0.7582168340894826,0.8100933481890851,0.017,0.009933512592716534,0.027079496864851435
m1_M_d02_r1,1,M,0.02,False,S3,covered_grid,evaluation,1000,True,22.0,36.0,808,3,170,19,157,21.0,21.0,0.022,0.013837414172073851,0.03311966451498781,0.808,0.7821951822437158,0.8319766825284644,0.003,0.0006190999316495713,0.008742023238478308,0.17,0.14721702235246856,0.19474414507120372,0.019,0.011477036993100945,0.029512401625097755
m1_M_d02_r1,1,M,0.02,False,S4,covered_grid,evaluation,1000,True,24.0,33.0,782,0,194,24,64,21.0,21.0,0.024,0.01543638323350848,0.035500638531359305,0.782,0.7550982005417548,0.8072299765403573,0.0,0.0,0.003682083896865671,0.194,0.16992114094753663,0.21989493897314083,0.024,0.01543638323350848,0.035500638531359305
m1_M_d02_r1,1,M,0.02,True,S1,covered_grid,evaluation,1000,True,30.0,36.0,95,20,875,10,38,21.0,21.0,0.03,0.020330485683109627,0.042551402470029004,0.095,0.07754020708165502,0.11488484440445199,0.02,0.012258267972406329,0.030720032682609023,0.875,0.8528930172212289,0.8948702384454075,0.01,0.004805510691049308,0.018313243055112515
m1_M_d02_r1,1,M,0.02,True,S3,covered_grid,evaluation,1000,True,12.0,34.0,987,1,1,11,630,16.0,16.0,0.012,0.006215525559595244,0.020867679591036435,0.987,0.9778721963632215,0.9930603824971486,0.001,2.531748749129404e-05,0.005558924279826698,0.001,2.531748749129404e-05,0.005558924279826698,0.011,0.005503594192313587,0.01959662822201655
m1_M_d02_r1,1,M,0.02,True,S4,covered_grid,evaluation,1000,True,6.0,31.0,988,0,6,6,394,21.0,21.0,0.006,0.0022049824851513773,0.013013423270974454,0.988,0.9791323204089636,0.9937844744404047,0.0,0.0,0.003682083896865671,0.006,0.0022049824851513773,0.013013423270974454,0.006,0.0022049824851513773,0.013013423270974454
m1_M_d02_r2,1,M,0.02,False,S1,covered_grid,evaluation,1000,True,6.0,38.0,994,0,0,6,984,16.0,16.0,0.006,0.0022049824851513773,0.013013423270974454,0.994,0.9869865767290256,0.9977950175148487,0.0,0.0,0.003682083896865671,0.0,0.0,0.003682083896865671,0.006,0.0022049824851513773,0.013013423270974454
m1_M_d02_r2,1,M,0.02,False,S3,covered_grid,evaluation,1000,True,5.0,36.0,995,0,0,5,976,16.0,16.0,0.005,0.00162541951756276,0.01162947055981214,0.995,0.9883705294401879,0.9983745804824372,0.0,0.0,0.003682083896865671,0.0,0.0,0.003682083896865671,0.005,0.00162541951756276,0.01162947055981214
m1_M_d02_r2,1,M,0.02,False,S4,covered_grid,evaluation,1000,True,4.0,40.0,996,0,0,4,887,16.0,16.0,0.004,0.0010909079877259714,0.010209664683929856,0.996,0.9897903353160702,0.9989090920122741,0.0,0.0,0.003682083896865671,0.0,0.0,0.003682083896865671,0.004,0.0010909079877259714,0.010209664683929856
m1_M_d02_r2,1,M,0.02,True,S1,covered_grid,evaluation,1000,True,4.0,42.0,996,0,0,4,996,16.0,16.0,0.004,0.0010909079877259714,0.010209664683929856,0.996,0.9897903353160702,0.9989090920122741,0.0,0.0,0.003682083896865671,0.0,0.0,0.003682083896865671,0.004,0.0010909079877259714,0.010209664683929856
m1_M_d02_r2,1,M,0.02,True,S3,covered_grid,evaluation,1000,True,2.0,37.0,998,0,0,2,998,16.0,16.0,0.002,0.00024230111687723185,0.007205838911457516,0.998,0.9927941610885425,0.9997576988831227,0.0,0.0,0.003682083896865671,0.0,0.0,0.003682083896865671,0.002,0.00024230111687723185,0.007205838911457516
m1_M_d02_r2,1,M,0.02,True,S4,covered_grid,evaluation,1000,True,1.0,38.0,999,0,0,1,999,16.0,16.0,0.001,2.531748749129404e-05,0.005558924279826698,0.999,0.9944410757201733,0.9999746825125088,0.0,0.0,0.003682083896865671,0.0,0.0,0.003682083896865671,0.001,2.531748749129404e-05,0.005558924279826698
m1_M_d05_r0,1,M,0.05,False,S1,covered_grid,evaluation,1000,True,42.0,42.0,6,5,963,26,3,21.0,21.0,0.042,0.030434706263140023,0.05635029157574473,0.006,0.0022049824851513773,0.013013423270974454,0.005,0.00162541951756276,0.01162947055981214,0.963,0.949358876940075,0.9738172911562627,0.026,0.017052786345629425,0.037865122478921515
m1_M_d05_r0,1,M,0.05,False,S3,covered_grid,evaluation,1000,True,34.0,35.0,4,5,969,22,1,21.0,21.0,0.034,0.02365864810759675,0.047189438615707534,0.004,0.0010909079877259714,0.010209664683929856,0.005,0.00162541951756276,0.01162947055981214,0.969,0.956284914993761,0.9788418280297914,0.022,0.013837414172073851,0.03311966451498781
m1_M_d05_r0,1,M,0.05,False,S4,covered_grid,evaluation,1000,True,35.0,36.0,2,4,963,31,3,18.5,18.5,0.035,0.02449752789475872,0.04834238161422173,0.002,0.00024230111687723185,0.007205838911457516,0.004,0.0010909079877259714,0.010209664683929856,0.963,0.949358876940075,0.9738172911562627,0.031,0.021158171970208632,0.04371508500623898
m1_M_d05_r0,1,M,0.05,True,S1,covered_grid,evaluation,1000,True,42.0,46.0,236,8,734,22,117,21.0,21.0,0.042,0.030434706263140023,0.05635029157574473,0.236,0.2099908387686157,0.26357320486642377,0.008,0.003459976165329311,0.015702049176074654,0.734,0.705450563319661,0.7611644251366967,0.022,0.013837414172073851,0.03311966451498781
m1_M_d05_r0,1,M,0.05,True,S3,covered_grid,evaluation,1000,True,23.0,33.0,171,5,808,16,60,21.0,21.0,0.023,0.014634582325176759,0.03431233761285442,0.171,0.14815984818319808,0.19579525359759042,0.005,0.00162541951756276,0.01162947055981214,0.808,0.7821951822437158,0.8319766825284644,0.016,0.009172319269222079,0.02585324908137344
m1_M_d05_r0,1,M,0.05,True,S4,covered_grid,evaluation,1000,True,27.0,37.0,191,1,782,26,24,21.0,21.0,0.027,0.01786690592524969,0.03904174680597018,0.191,0.16707478505410922,0.21675938001346112,0.001,2.531748749129404e-05,0.005558924279826698,0.782,0.7550982005417548,0.8072299765403573,0.026,0.017052786345629425,0.037865122478921515
m1_M_d05_r1,1,M,0.05,False,S1,covered_grid,evaluation,1000,True,24.0,32.0,141,11,835,13,53,21.0,21.0,0.024,0.01543638323350848,0.035500638531359305,0.141,0.12001151279686956,0.1641265589516086,0.011,0.005503594192313587,0.01959662822201655,0.835,0.810515791620291,0.8574926823944774,0.013,0.006939617502851475,0.022127803636778482
m1_M_d05_r1,1,M,0.05,False,S3,covered_grid,evaluation,1000,True,21.0,37.0,845,1,134,20,297,21.0,21.0,0.021,0.013045192290387683,0.031922335180415505,0.845,0.8210585051133449,0.8668890872440326,0.001,2.531748749129404e-05,0.005558924279826698,0.134,0.11348831145425936,0.15669281546729968,0.02,0.012258267972406329,0.030720032682609023
m1_M_d05_r1,1,M,0.05,False,S4,covered_grid,evaluation,1000,True,16.0,35.0,939,1,45,15,232,21.0,21.0,0.016,0.009172319269222079,0.02585324908137344,0.939,0.9223292259508765,0.9530221244589198,0.001,2.531748749129404e-05,0.005558924279826698,0.045,0.033009625431148756,0.059752832693407795,0.015,0.008419049750034378,0.02461970009704124
m1_M_d05_r1,1,M,0.05,False,S1,half_noise,stress,1000,True,0.0,0.0,8,0,992,0,0,21.0,21.0,0.0,0.0,0.003682083896865671,0.008,0.003459976165329311,0.015702049176074654,0.0,0.0,0.003682083896865671,0.992,0.9842979508239253,0.9965400238346707,0.0,0.0,0.003682083896865671
m1_M_d05_r1,1,M,0.05,False,S3,half_noise,stress,1000,True,0.0,0.0,773,0,227,0,64,21.0,21.0,0.0,0.0,0.003682083896865671,0.773,0.7457540049781715,0.7986281005145829,0.0,0.0,0.003682083896865671,0.227,0.20137189948541714,0.2542459950218285,0.0,0.0,0.003682083896865671
m1_M_d05_r1,1,M,0.05,False,S4,half_noise,stress,1000,True,0.0,0.0,807,0,193,0,3,21.0,21.0,0.0,0.0,0.003682083896865671,0.807,0.7811499964179454,0.8310278967302052,0.0,0.0,0.003682083896865671,0.193,0.16897210326979487,0.21885000358205464,0.0,0.0,0.003682083896865671
m1_M_d05_r1,1,M,0.05,False,S1,double_noise,stress,1000,True,495.0,544.0,210,118,302,370,177,16.0,16.0,0.495,0.46356547592010844,0.5264640386849986,0.21,0.18513884636850603,0.2365809848578131,0.118,0.09865251639489678,0.13962772053444025,0.302,0.27366153594599446,0.3315093775414458,0.37,0.33999623003117224,0.40077171038219866
m1_M_d05_r1,1,M,0.05,False,S3,double_noise,stress,1000,True,701.0,859.0,290,57,10,643,274,16.0,16.0,0.701,0.6715624109864176,0.7292488588466131,0.29,0.26202871504494724,0.3192134901184743,0.057,0.0434535819369586,0.07322272946066227,0.01,0.004805510691049308,0.018313243055112515,0.643,0.6124179122210397,0.6727372150985136
m1_M_d05_r1,1,M,0.05,False,S4,double_noise,stress,1000,True,930.0,992.0,69,9,1,921,75,16.0,16.0,0.93,0.9123837665107154,0.9450284750808301,0.069,0.0540793357932563,0.08651510934571155,0.009,0.004123395660342473,0.017015783069894617,0.001,2.531748749129404e-05,0.005558924279826698,0.921,0.9025129050930988,0.9369587971905401
m1_M_d05_r1,1,M,0.05,False,S1,strong_correlation,stress,1000,True,487.0,551.0,211,113,310,366,184,16.0,16.0,0.487,0.4555979922541281,0.5184787461735794,0.211,0.18609195401077366,0.2376218722355964,0.113,0.09403966675438756,0.13427178080353835,0.31,0.2814295903630808,0.33969383103732015,0.366,0.3360757487848026,0.3967158587963668
m1_M_d05_r1,1,M,0.05,False,S3,strong_correlation,stress,1000,True,677.0,854.0,309,61,15,615,299,16.0,16.0,0.677,0.6470276352361596,0.70592606325204,0.309,0.2804580317273357,0.33867132471628764,0.061,0.04697787554108021,0.07767077404912352,0.015,0.008419049750034378,0.02461970009704124,0.615,0.5840382835964082,0.6452824969822681
m1_M_d05_r1,1,M,0.05,False,S4,strong_correlation,stress,1000,True,429.0,658.0,558,41,14,387,373,16.0,16.0,0.429,0.39807201178637786,0.4603471833389458,0.558,0.5265866448912515,0.5890709382229895,0.041,0.029580168534036114,0.055212459315299285,0.014,0.007674501565020781,0.023378156010314545,0.387,0.3566826364542767,0.4179847569191046
m1_M_d05_r1,1,M,0.05,False,S1,drifting_bias,stress,1000,True,367.0,437.0,209,169,465,157,134,21.0,16.0,0.367,0.3370556621335842,0.3977300283095988,0.209,0.1841859678193916,0.23553986955407755,0.169,0.1462744886936184,0.19369274635644362,0.465,0.43372830683697794,0.4964783056269997,0.157,0.13498765920693087,0.18105255336071424
m1_M_d05_r1,1,M,0.05,False,S3,drifting_bias,stress,1000,True,790.0,920.0,195,170,17,618,285,16.0,16.0,0.79,0.7634190151421869,0.8148611536314939,0.195,0.1708704290229814,0.2209396253926717,0.17,0.14721702235246856,0.19474414507120372,0.017,0.009933512592716534,0.027079496864851435,0.618,0.5870738501726676,0.6482291898918402
m1_M_d05_r1,1,M,0.05,False,S4,drifting_bias,stress,1000,True,727.0,919.0,265,70,9,656,270,16.0,16.0,0.727,0.6982466146646501,0.7544100594128341,0.265,0.23787137789369872,0.29351959120428295,0.07,0.05497152491916994,0.08761623348928463,0.009,0.004123395660342473,0.017015783069894617,0.656,0.6256312654478522,0.6854468860784784
m1_M_d05_r1,1,M,0.05,False,S1,gain_error,stress,1000,True,45.0,52.0,146,24,809,21,51,21.0,21.0,0.045,0.033009625431148756,0.059752832693407795,0.146,0.12468203828937678,0.16942537545385403,0.024,0.01543638323350848,0.035500638531359305,0.809,0.7832406199865389,0.8329252149458908,0.021,0.013045192290387683,0.031922335180415505
m1_M_d05_r1,1,M,0.05,False,S3,gain_error,stress,1000,True,815.0,842.0,173,3,12,812,101,16.0,16.0,0.815,0.7895186222266537,0.8386110018212143,0.173,0.1500463682386288,0.19789660809270473,0.003,0.0006190999316495713,0.008742023238478308,0.012,0.006215525559595244,0.020867679591036435,0.812,0.786378459836871,0.8357692765986812
m1_M_d05_r1,1,M,0.05,False,S4,gain_error,stress,1000,True,771.0,820.0,222,1,7,770,117,16.0,16.0,0.771,0.7436798486369471,0.7967142301397079,0.222,0.19659092626388383,0.24905691838110663,0.001,2.531748749129404e-05,0.005558924279826698,0.007,0.002818858759620524,0.014369194978918611,0.77,0.74264308249677,0.7957569815143822
m1_M_d05_r1,1,M,0.05,True,S1,covered_grid,evaluation,1000,True,12.0,36.0,920,6,68,6,890,16.0,16.0,0.012,0.006215525559595244,0.020867679591036435,0.92,0.9014202209520978,0.9360580171533267,0.006,0.0022049824851513773,0.013013423270974454,0.068,0.05318809976040197,0.08541305019143097,0.006,0.0022049824851513773,0.013013423270974454
m1_M_d05_r1,1,M,0.05,True,S3,covered_grid,evaluation,1000,True,5.0,36.0,995,0,0,5,992,16.0,16.0,0.005,0.00162541951756276,0.01162947055981214,0.995,0.9883705294401879,0.9983745804824372,0.0,0.0,0.003682083896865671,0.0,0.0,0.003682083896865671,0.005,0.00162541951756276,0.01162947055981214
m1_M_d05_r1,1,M,0.05,True,S4,covered_grid,evaluation,1000,True,0.0,34.0,1000,0,0,0,993,16.0,16.0,0.0,0.0,0.003682083896865671,1.0,0.9963179161031344,1.0,0.0,0.0,0.003682083896865671,0.0,0.0,0.003682083896865671,0.0,0.0,0.003682083896865671
m1_M_d05_r1,1,M,0.05,True,S1,half_noise,stress,1000,True,0.0,0.0,993,0,7,0,990,16.0,16.0,0.0,0.0,0.003682083896865671,0.993,0.9856308050210814,0.9971811412403795,0.0,0.0,0.003682083896865671,0.007,0.002818858759620524,0.014369194978918611,0.0,0.0,0.003682083896865671
m1_M_d05_r1,1,M,0.05,True,S3,half_noise,stress,1000,True,0.0,0.0,1000,0,0,0,1000,16.0,16.0,0.0,0.0,0.003682083896865671,1.0,0.9963179161031344,1.0,0.0,0.0,0.003682083896865671,0.0,0.0,0.003682083896865671,0.0,0.0,0.003682083896865671
m1_M_d05_r1,1,M,0.05,True,S4,half_noise,stress,1000,True,0.0,0.0,1000,0,0,0,994,16.0,16.0,0.0,0.0,0.003682083896865671,1.0,0.9963179161031344,1.0,0.0,0.0,0.003682083896865671,0.0,0.0,0.003682083896865671,0.0,0.0,0.003682083896865671
m1_M_d05_r1,1,M,0.05,True,S1,double_noise,stress,1000,True,386.0,548.0,552,87,62,299,613,16.0,16.0,0.386,0.3557000027171544,0.4169733035854663,0.552,0.5205633067622516,0.5831297072680903,0.087,0.07026848607137859,0.1062078579570212,0.062,0.0478618481133612,0.0787799496610325,0.299,0.27075114115338694,0.32843758901358244
m1_M_d05_r1,1,M,0.05,True,S3,double_noise,stress,1000,True,574.0,858.0,426,7,0,567,431,16.0,16.0,0.574,0.5426711369656402,0.6048919473777105,0.426,0.39510805262228954,0.4573288630343598,0.007,0.002818858759620524,0.014369194978918611,0.0,0.0,0.003682083896865671,0.567,0.5356301730589229,0.5979742576765859
m1_M_d05_r1,1,M,0.05,True,S4,double_noise,stress,1000,True,904.0,991.0,96,0,0,904,96,16.0,16.0,0.904,0.8840333566371232,0.9215479637525775,0.096,0.07845203624742245,0.11596664336287679,0.0,0.0,0.003682083896865671,0.0,0.0,0.003682083896865671,0.904,0.8840333566371232,0.9215479637525775
m1_M_d05_r1,1,M,0.05,True,S1,strong_correlation,stress,1000,True,362.0,546.0,579,87,59,275,635,16.0,16.0,0.362,0.33215748153610153,0.3926577969684547,0.579,0.547704227652658,0.6098293201725631,0.087,0.07026848607137859,0.1062078579570212,0.059,0.045213354402796606,0.07544907308424077,0.275,0.24752134365550058,0.3038100774529292
m1_M_d05_r1,1,M,0.05,True,S3,strong_correlation,stress,1000,True,558.0,851.0,442,15,0,543,455,16.0,16.0,0.558,0.5265866448912515,0.5890709382229895,0.442,0.4109290617770105,0.47341335510874843,0.015,0.008419049750034378,0.02461970009704124,0.0,0.0,0.003682083896865671,0.543,0.5115367755816966,0.5742093796781236
m1_M_d05_r1,1,M,0.05,True,S4,strong_correlation,stress,1000,True,269.0,655.0,731,5,0,264,730,16.0,16.0,0.269,0.24172923945190325,0.2976379031771549,0.731,0.7023620968228451,0.7582707605480967,0.005,0.00162541951756276,0.01162947055981214,0.0,0.0,0.003682083896865671,0.264,0.2369073609473608,0.2924895663404103
m1_M_d05_r1,1,M,0.05,True,S1,drifting_bias,stress,1000,True,160.0,368.0,795,11,45,149,777,16.0,16.0,0.16,0.13780518522188337,0.18421675275850272,0.795,0.7686268950660801,0.8196232310113184,0.011,0.005503594192313587,0.01959662822201655,0.045,0.033009625431148756,0.059752832693407795,0.149,0.12748860044831303,0.1726004535808253
m1_M_d05_r1,1,M,0.05,True,S3,drifting_bias,stress,1000,True,642.0,909.0,358,25,0,617,382,16.0,16.0,0.642,0.6114024906519152,0.6717585560070759,0.358,0.3282414439929241,0.3885975093480848,0.025,0.01624253569688223,0.036684823051923054,0.0,0.0,0.003682083896865671,0.617,0.5860618602791839,0.647247093485198
m1_M_d05_r1,1,M,0.05,True,S4,drifting_bias,stress,1000,True,509.0,901.0,491,4,0,505,493,16.0,16.0,0.509,0.477527617938416,0.540419255650088,0.491,0.45958074434991203,0.522472382061584,0.004,0.0010909079877259714,0.010209664683929856,0.0,0.0,0.003682083896865671,0.505,0.4735359613150015,0.5364345240798916
m1_M_d05_r1,1,M,0.05,True,S1,gain_error,stress,1000,True,35.0,71.0,846,13,119,22,832,16.0,16.0,0.035,0.02449752789475872,0.04834238161422173,0.846,0.8221145194721243,0.8678269716273468,0.013,0.006939617502851475,0.022127803636778482,0.119,0.09957649182504014,0.14069751802265837,0.022,0.013837414172073851,0.03311966451498781
m1_M_d05_r1,1,M,0.05,True,S3,gain_error,stress,1000,True,813.0,843.0,187,0,0,813,187,16.0,16.0,0.813,0.7874249204685702,0.8367167800753991,0.187,0.16328321992460096,0.21257507953142987,0.0,0.0,0.003682083896865671,0.0,0.0,0.003682083896865671,0.813,0.7874249204685702,0.8367167800753991
m1_M_d05_r1,1,M,0.05,True,S4,gain_error,stress,1000,True,763.0,821.0,237,1,0,762,236,16.0,16.0,0.763,0.7353914569945759,0.7890504783468734,0.237,0.21094952165312658,0.26460854300542413,0.001,2.531748749129404e-05,0.005558924279826698,0.0,0.0,0.003682083896865671,0.762,0.7343563192767439,0.7880915941862289
m1_M_d05_r2,1,M,0.05,False,S1,covered_grid,evaluation,1000,True,8.0,32.0,992,0,0,8,992,16.0,16.0,0.008,0.003459976165329311,0.015702049176074654,0.992,0.9842979508239253,0.9965400238346707,0.0,0.0,0.003682083896865671,0.0,0.0,0.003682083896865671,0.008,0.003459976165329311,0.015702049176074654
m1_M_d05_r2,1,M,0.05,False,S3,covered_grid,evaluation,1000,True,12.0,42.0,988,0,0,12,988,16.0,16.0,0.012,0.006215525559595244,0.020867679591036435,0.988,0.9791323204089636,0.9937844744404047,0.0,0.0,0.003682083896865671,0.0,0.0,0.003682083896865671,0.012,0.006215525559595244,0.020867679591036435
m1_M_d05_r2,1,M,0.05,False,S4,covered_grid,evaluation,1000,True,4.0,39.0,996,0,0,4,996,16.0,16.0,0.004,0.0010909079877259714,0.010209664683929856,0.996,0.9897903353160702,0.9989090920122741,0.0,0.0,0.003682083896865671,0.0,0.0,0.003682083896865671,0.004,0.0010909079877259714,0.010209664683929856
m1_M_d05_r2,1,M,0.05,True,S1,covered_grid,evaluation,1000,True,8.0,33.0,992,0,0,8,992,16.0,16.0,0.008,0.003459976165329311,0.015702049176074654,0.992,0.9842979508239253,0.9965400238346707,0.0,0.0,0.003682083896865671,0.0,0.0,0.003682083896865671,0.008,0.003459976165329311,0.015702049176074654
m1_M_d05_r2,1,M,0.05,True,S3,covered_grid,evaluation,1000,True,9.0,38.0,991,0,0,9,991,16.0,16.0,0.009,0.004123395660342473,0.017015783069894617,0.991,0.9829842169301054,0.9958766043396575,0.0,0.0,0.003682083896865671,0.0,0.0,0.003682083896865671,0.009,0.004123395660342473,0.017015783069894617
m1_M_d05_r2,1,M,0.05,True,S4,covered_grid,evaluation,1000,True,3.0,37.0,997,0,0,3,997,16.0,16.0,0.003,0.0006190999316495713,0.008742023238478308,0.997,0.9912579767615217,0.9993809000683505,0.0,0.0,0.003682083896865671,0.0,0.0,0.003682083896865671,0.003,0.0006190999316495713,0.008742023238478308
m1_M_d10_r0,1,M,0.1,False,S1,covered_grid,evaluation,1000,True,30.0,30.0,2,3,981,14,1,21.0,21.0,0.03,0.020330485683109627,0.042551402470029004,0.002,0.00024230111687723185,0.007205838911457516,0.003,0.0006190999316495713,0.008742023238478308,0.981,0.9704875983749023,0.988522963006899,0.014,0.007674501565020781,0.023378156010314545
m1_M_d10_r0,1,M,0.1,False,S3,covered_grid,evaluation,1000,True,33.0,33.0,5,9,965,21,1,21.0,21.0,0.033,0.02282238334945957,0.0460339818170232,0.005,0.00162541951756276,0.01162947055981214,0.009,0.004123395660342473,0.017015783069894617,0.965,0.9516576183857782,0.9755024721052413,0.021,0.013045192290387683,0.031922335180415505
m1_M_d10_r0,1,M,0.1,False,S4,covered_grid,evaluation,1000,True,36.0,36.0,3,13,961,23,1,21.0,21.0,0.036,0.02533891492983775,0.04949291171801233,0.003,0.0006190999316495713,0.008742023238478308,0.013,0.006939617502851475,0.022127803636778482,0.961,0.947069064214555,0.9721228512046636,0.023,0.014634582325176759,0.03431233761285442
m1_M_d10_r0,1,M,0.1,True,S1,covered_grid,evaluation,1000,True,14.0,30.0,972,2,17,9,962,16.0,16.0,0.014,0.007674501565020781,0.023378156010314545,0.972,0.9597851126261566,0.9813153138044625,0.002,0.00024230111687723185,0.007205838911457516,0.017,0.009933512592716534,0.027079496864851435,0.009,0.004123395660342473,0.017015783069894617
m1_M_d10_r0,1,M,0.1,True,S3,covered_grid,evaluation,1000,True,13.0,32.0,936,1,51,12,820,16.0,16.0,0.013,0.006939617502851475,0.022127803636778482,0.936,0.919004925632949,0.9503669107081509,0.001,2.531748749129404e-05,0.005558924279826698,0.051,0.03820523677468615,0.06651346159493483,0.012,0.006215525559595244,0.020867679591036435
m1_M_d10_r0,1,M,0.1,True,S4,covered_grid,evaluation,1000,True,11.0,32.0,916,0,73,11,604,16.0,16.0,0.011,0.005503594192313587,0.01959662822201655,0.916,0.897057001008265,0.9324472580294167,0.0,0.0,0.003682083896865671,0.073,0.057653625227932596,0.09091417539450124,0.011,0.005503594192313587,0.01959662822201655
m1_M_d10_r1,1,M,0.1,False,S1,covered_grid,evaluation,1000,True,47.0,48.0,10,13,947,30,5,21.0,21.0,0.047,0.03473506226679595,0.06201263069330516,0.01,0.004805510691049308,0.018313243055112515,0.013,0.006939617502851475,0.022127803636778482,0.947,0.9312448167100368,0.9600507476399807,0.03,0.020330485683109627,0.042551402470029004
m1_M_d10_r1,1,M,0.1,False,S3,covered_grid,evaluation,1000,True,20.0,41.0,872,5,108,15,311,21.0,21.0,0.02,0.012258267972406329,0.030720032682609023,0.872,0.8496940714251292,0.8920877586688023,0.005,0.00162541951756276,0.01162947055981214,0.108,0.08943903298240022,0.12890376087999794,0.015,0.008419049750034378,0.02461970009704124
m1_M_d10_r1,1,M,0.1,False,S4,covered_grid,evaluation,1000,True,19.0,32.0,879,1,102,18,219,21.0,21.0,0.019,0.011477036993100945,0.029512401625097755,0.879,0.8571642373184322,0.898574192769252,0.001,2.531748749129404e-05,0.005558924279826698,0.102,0.08393546004048681,0.12244515106555802,0.018,0.010701947929414703,0.028299041249019146
m1_M_d10_r1,1,M,0.1,True,S1,covered_grid,evaluation,1000,True,16.0,52.0,984,0,0,16,984,16.0,16.0,0.016,0.009172319269222079,0.02585324908137344,0.984,0.9741467509186266,0.9908276807307779,0.0,0.0,0.003682083896865671,0.0,0.0,0.003682083896865671,0.016,0.009172319269222079,0.02585324908137344
m1_M_d10_r1,1,M,0.1,True,S3,covered_grid,evaluation,1000,True,3.0,34.0,997,0,0,3,997,16.0,16.0,0.003,0.0006190999316495713,0.008742023238478308,0.997,0.9912579767615217,0.9993809000683505,0.0,0.0,0.003682083896865671,0.0,0.0,0.003682083896865671,0.003,0.0006190999316495713,0.008742023238478308
m1_M_d10_r1,1,M,0.1,True,S4,covered_grid,evaluation,1000,True,2.0,29.0,998,0,0,2,998,16.0,16.0,0.002,0.00024230111687723185,0.007205838911457516,0.998,0.9927941610885425,0.9997576988831227,0.0,0.0,0.003682083896865671,0.0,0.0,0.003682083896865671,0.002,0.00024230111687723185,0.007205838911457516
m1_M_d10_r2,1,M,0.1,False,S1,covered_grid,evaluation,1000,True,8.0,45.0,992,0,0,8,992,16.0,16.0,0.008,0.003459976165329311,0.015702049176074654,0.992,0.9842979508239253,0.9965400238346707,0.0,0.0,0.003682083896865671,0.0,0.0,0.003682083896865671,0.008,0.003459976165329311,0.015702049176074654
m1_M_d10_r2,1,M,0.1,False,S3,covered_grid,evaluation,1000,True,7.0,41.0,993,0,0,7,993,16.0,16.0,0.007,0.002818858759620524,0.014369194978918611,0.993,0.9856308050210814,0.9971811412403795,0.0,0.0,0.003682083896865671,0.0,0.0,0.003682083896865671,0.007,0.002818858759620524,0.014369194978918611
m1_M_d10_r2,1,M,0.1,False,S4,covered_grid,evaluation,1000,True,4.0,38.0,996,0,0,4,996,16.0,16.0,0.004,0.0010909079877259714,0.010209664683929856,0.996,0.9897903353160702,0.9989090920122741,0.0,0.0,0.003682083896865671,0.0,0.0,0.003682083896865671,0.004,0.0010909079877259714,0.010209664683929856
m1_M_d10_r2,1,M,0.1,True,S1,covered_grid,evaluation,1000,True,11.0,44.0,989,0,0,11,989,16.0,16.0,0.011,0.005503594192313587,0.01959662822201655,0.989,0.9804033717779834,0.9944964058076864,0.0,0.0,0.003682083896865671,0.0,0.0,0.003682083896865671,0.011,0.005503594192313587,0.01959662822201655
m1_M_d10_r2,1,M,0.1,True,S3,covered_grid,evaluation,1000,True,7.0,38.0,993,0,0,7,993,16.0,16.0,0.007,0.002818858759620524,0.014369194978918611,0.993,0.9856308050210814,0.9971811412403795,0.0,0.0,0.003682083896865671,0.0,0.0,0.003682083896865671,0.007,0.002818858759620524,0.014369194978918611
m1_M_d10_r2,1,M,0.1,True,S4,covered_grid,evaluation,1000,True,4.0,36.0,996,0,0,4,996,16.0,16.0,0.004,0.0010909079877259714,0.010209664683929856,0.996,0.9897903353160702,0.9989090920122741,0.0,0.0,0.003682083896865671,0.0,0.0,0.003682083896865671,0.004,0.0010909079877259714,0.010209664683929856
m1_F_d02_r0,1,F,0.02,False,S1,covered_grid,evaluation,1000,True,37.0,37.0,0,5,973,22,2,21.0,,0.037,0.026182708843737332,0.05064112305992494,0.0,0.0,0.003682083896865671,0.005,0.00162541951756276,0.01162947055981214,0.973,0.9609582531940298,0.9821330940747504,0.022,0.013837414172073851,0.03311966451498781
m1_F_d02_r0,1,F,0.02,False,S3,covered_grid,evaluation,1000,True,41.0,44.0,13,2,951,34,3,21.0,21.0,0.041,0.029580168534036114,0.055212459315299285,0.013,0.006939617502851475,0.022127803636778482,0.002,0.00024230111687723185,0.007205838911457516,0.951,0.9357339468598304,0.9635329408279522,0.034,0.02365864810759675,0.047189438615707534
m1_F_d02_r0,1,F,0.02,False,S4,covered_grid,evaluation,1000,True,40.0,42.0,42,3,925,30,5,21.0,21.0,0.04,0.028727625285890793,0.05407269681936848,0.042,0.030434706263140023,0.05635029157574473,0.003,0.0006190999316495713,0.008742023238478308,0.925,0.9068915530385009,0.9405538717887368,0.03,0.020330485683109627,0.042551402470029004
m1_F_d02_r0,1,F,0.02,True,S1,covered_grid,evaluation,1000,True,32.0,39.0,52,3,926,19,24,21.0,21.0,0.032,0.02198884960564242,0.04487590283500927,0.052,0.0390765349439805,0.06763501405050731,0.003,0.0006190999316495713,0.008742023238478308,0.926,0.9079882639857509,0.9414505557393474,0.019,0.011477036993100945,0.029512401625097755
m1_F_d02_r0,1,F,0.02,True,S3,covered_grid,evaluation,1000,True,36.0,43.0,58,1,911,30,17,21.0,21.0,0.036,0.02533891492983775,0.04949291171801233,0.058,0.044332860252820704,0.07433649538235161,0.001,2.531748749129404e-05,0.005558924279826698,0.911,0.8916189999399975,0.92791753546024,0.03,0.020330485683109627,0.042551402470029004
m1_F_d02_r0,1,F,0.02,True,S4,covered_grid,evaluation,1000,True,34.0,40.0,82,2,890,26,10,21.0,21.0,0.034,0.02365864810759675,0.047189438615707534,0.082,0.0657458602718319,0.10076286741531136,0.002,0.00024230111687723185,0.007205838911457516,0.89,0.8689475363625123,0.9087222255405338,0.026,0.017052786345629425,0.037865122478921515
m1_F_d02_r1,1,F,0.02,False,S1,covered_grid,evaluation,1000,True,36.0,37.0,4,4,977,15,3,21.0,21.0,0.036,0.02533891492983775,0.04949291171801233,0.004,0.0010909079877259714,0.010209664683929856,0.004,0.0010909079877259714,0.010209664683929856,0.977,0.9656876623871455,0.9853654176748232,0.015,0.008419049750034378,0.02461970009704124
m1_F_d02_r1,1,F,0.02,False,S3,covered_grid,evaluation,1000,True,34.0,38.0,74,2,897,27,8,21.0,21.0,0.034,0.02365864810759675,0.047189438615707534,0.074,0.05854944426065261,0.09201173601424908,0.002,0.00024230111687723185,0.007205838911457516,0.897,0.8764770735985743,0.9151486346500824,0.027,0.01786690592524969,0.03904174680597018
m1_F_d02_r1,1,F,0.02,False,S4,covered_grid,evaluation,1000,True,33.0,35.0,141,4,827,28,11,21.0,21.0,0.033,0.02282238334945957,0.0460339818170232,0.141,0.12001151279686956,0.1641265589516086,0.004,0.0010909079877259714,0.010209664683929856,0.827,0.8021033919072953,0.8499536317613712,0.028,0.018684686195537568,0.04021488737384334
m1_F_d02_r1,1,F,0.02,True,S1,covered_grid,evaluation,1000,True,33.0,37.0,21,14,953,12,12,21.0,21.0,0.033,0.02282238334945957,0.0460339818170232,0.021,0.013045192290387683,0.031922335180415505,0.014,0.007674501565020781,0.023378156010314545,0.953,0.9379873693066948,0.9652649377332041,0.012,0.006215525559595244,0.020867679591036435
m1_F_d02_r1,1,F,0.02,True,S3,covered_grid,evaluation,1000,True,28.0,37.0,152,4,823,21,20,21.0,21.0,0.028,0.018684686195537568,0.04021488737384334,0.152,0.13029825032498196,0.17577246873311264,0.004,0.0010909079877259714,0.010209664683929856,0.823,0.7979040786922189,0.8461771732986039,0.021,0.013045192290387683,0.031922335180415505
m1_F_d02_r1,1,F,0.02,True,S4,covered_grid,evaluation,1000,True,31.0,37.0,235,4,736,25,20,21.0,21.0,0.031,0.021158171970208632,0.04371508500623898,0.235,0.2090323580446216,0.26253766543135415,0.004,0.0010909079877259714,0.010209664683929856,0.736,0.7075104336595897,0.7630926390526391,0.025,0.01624253569688223,0.036684823051923054
m1_F_d02_r2,1,F,0.02,False,S1,covered_grid,evaluation,1000,True,35.0,37.0,118,17,847,18,7,21.0,21.0,0.035,0.02449752789475872,0.04834238161422173,0.118,0.09865251639489678,0.13962772053444025,0.017,0.009933512592716534,0.027079496864851435,0.847,0.8231708606539101,0.8687645266540973,0.018,0.010701947929414703,0.028299041249019146
m1_F_d02_r2,1,F,0.02,False,S3,covered_grid,evaluation,1000,True,26.0,43.0,803,7,171,19,162,21.0,21.0,0.026,0.017052786345629425,0.037865122478921515,0.803,0.7769717429246101,0.8272302494643351,0.007,0.002818858759620524,0.014369194978918611,0.171,0.14815984818319808,0.19579525359759042,0.019,0.011477036993100945,0.029512401625097755
m1_F_d02_r2,1,F,0.02,False,S4,covered_grid,evaluation,1000,True,20.0,37.0,780,1,200,19,81,21.0,21.0,0.02,0.012258267972406329,0.030720032682609023,0.78,0.7530202076304395,0.805319960661125,0.001,2.531748749129404e-05,0.005558924279826698,0.2,0.17562057483084223,0.22615937282137055,0.019,0.011477036993100945,0.029512401625097755
m1_F_d02_r2,1,F,0.02,True,S1,covered_grid,evaluation,1000,True,34.0,41.0,588,3,384,25,74,21.0,21.0,0.034,0.02365864810759675,0.047189438615707534,0.588,0.5567718885375105,0.6187084856913778,0.003,0.0006190999316495713,0.008742023238478308,0.384,0.3537351375511688,0.41494999518044245,0.025,0.01624253569688223,0.036684823051923054
m1_F_d02_r2,1,F,0.02,True,S3,covered_grid,evaluation,1000,True,24.0,39.0,851,0,125,24,220,21.0,21.0,0.024,0.01543638323350848,0.035500638531359305,0.851,0.8273995464191747,0.8725113995516869,0.0,0.0,0.003682083896865671,0.125,0.10512976155459254,0.1471069827787711,0.024,0.01543638323350848,0.035500638531359305
m1_F_d02_r2,1,F,0.02,True,S4,covered_grid,evaluation,1000,True,18.0,37.0,865,0,117,18,99,21.0,21.0,0.018,0.010701947929414703,0.028299041249019146,0.865,0.8422440844487806,0.8855809495734869,0.0,0.0,0.003682083896865671,0.117,0.09772900249506664,0.13855746639058336,0.018,0.010701947929414703,0.028299041249019146
m1_F_d05_r0,1,F,0.05,False,S1,covered_grid,evaluation,1000,True,42.0,42.0,0,8,968,24,5,16.0,,0.042,0.030434706263140023,0.05635029157574473,0.0,0.0,0.003682083896865671,0.008,0.003459976165329311,0.015702049176074654,0.968,0.9551240971649908,0.9780111503943576,0.024,0.01543638323350848,0.035500638531359305
m1_F_d05_r0,1,F,0.05,False,S3,covered_grid,evaluation,1000,True,32.0,36.0,52,1,926,21,12,21.0,21.0,0.032,0.02198884960564242,0.04487590283500927,0.052,0.0390765349439805,0.06763501405050731,0.001,2.531748749129404e-05,0.005558924279826698,0.926,0.9079882639857509,0.9414505557393474,0.021,0.013045192290387683,0.031922335180415505
m1_F_d05_r0,1,F,0.05,False,S4,covered_grid,evaluation,1000,True,18.0,36.0,541,1,442,16,209,21.0,21.0,0.018,0.010701947929414703,0.028299041249019146,0.541,0.5095322565003761,0.572225707180464,0.001,2.531748749129404e-05,0.005558924279826698,0.442,0.4109290617770105,0.47341335510874843,0.016,0.009172319269222079,0.02585324908137344
m1_F_d05_r0,1,F,0.05,True,S1,covered_grid,evaluation,1000,True,30.0,41.0,348,6,626,20,190,16.0,16.0,0.03,0.020330485683109627,0.042551402470029004,0.348,0.3184612141478579,0.37843694448153375,0.006,0.0022049824851513773,0.013013423270974454,0.626,0.5951746333550648,0.6560810897967033,0.02,0.012258267972406329,0.030720032682609023
m1_F_d05_r0,1,F,0.05,True,S3,covered_grid,evaluation,1000,True,22.0,35.0,432,2,548,18,176,21.0,21.0,0.022,0.013837414172073851,0.03311966451498781,0.432,0.4010371187702647,0.46336435680223426,0.002,0.00024230111687723185,0.007205838911457516,0.548,0.5165502619409907,0.5791663711234442,0.018,0.010701947929414703,0.028299041249019146
m1_F_d05_r0,1,F,0.05,True,S4,covered_grid,evaluation,1000,True,8.0,33.0,832,1,160,7,435,16.0,16.0,0.008,0.003459976165329311,0.015702049176074654,0.832,0.8073589445854946,0.8546677507252727,0.001,2.531748749129404e-05,0.005558924279826698,0.16,0.13780518522188337,0.18421675275850272,0.007,0.002818858759620524,0.014369194978918611
m1_F_d05_r1,1,F,0.05,False,S1,covered_grid,evaluation,1000,True,35.0,35.0,2,5,975,18,1,21.0,21.0,0.035,0.02449752789475872,0.04834238161422173,0.002,0.00024230111687723185,0.007205838911457516,0.005,0.00162541951756276,0.01162947055981214,0.975,0.9633151769480769,0.9837574643031177,0.018,0.010701947929414703,0.028299041249019146
m1_F_d05_r1,1,F,0.05,False,S3,covered_grid,evaluation,1000,True,27.0,40.0,118,5,860,17,22,21.0,21.0,0.027,0.01786690592524969,0.03904174680597018,0.118,0.09865251639489678,0.13962772053444025,0.005,0.00162541951756276,0.01162947055981214,0.86,0.8369342847990453,0.8809215026186442,0.017,0.009933512592716534,0.027079496864851435
m1_F_d05_r1,1,F,0.05,False,S4,covered_grid,evaluation,1000,True,13.0,29.0,711,0,276,13,183,21.0,21.0,0.013,0.006939617502851475,0.022127803636778482,0.711,0.6818122287728849,0.738939621986751,0.0,0.0,0.003682083896865671,0.276,0.24848730621484152,0.304838163350736,0.013,0.006939617502851475,0.022127803636778482
m1_F_d05_r1,1,F,0.05,False,S1,half_noise,stress,1000,True,0.0,0.0,0,0,1000,0,0,,,0.0,0.0,0.003682083896865671,0.0,0.0,0.003682083896865671,0.0,0.0,0.003682083896865671,1.0,0.9963179161031344,1.0,0.0,0.0,0.003682083896865671
m1_F_d05_r1,1,F,0.05,False,S3,half_noise,stress,1000,True,0.0,0.0,1,0,999,0,0,21.0,21.0,0.0,0.0,0.003682083896865671,0.001,2.531748749129404e-05,0.005558924279826698,0.0,0.0,0.003682083896865671,0.999,0.9944410757201733,0.9999746825125088,0.0,0.0,0.003682083896865671
m1_F_d05_r1,1,F,0.05,False,S4,half_noise,stress,1000,True,0.0,0.0,143,0,857,0,5,21.0,21.0,0.0,0.0,0.003682083896865671,0.143,0.12187864287589154,0.1662471565967218,0.0,0.0,0.003682083896865671,0.857,0.8337528434032782,0.8781213571241084,0.0,0.0,0.003682083896865671
m1_F_d05_r1,1,F,0.05,False,S1,double_noise,stress,1000,True,522.0,522.0,5,55,554,386,15,21.0,21.0,0.522,0.4905141770463021,0.5533559562375333,0.005,0.00162541951756276,0.01162947055981214,0.055,0.04169879507953599,0.07099151554205749,0.554,0.5225705827122911,0.585110621340666,0.386,0.3557000027171544,0.4169733035854663
m1_F_d05_r1,1,F,0.05,False,S3,double_noise,stress,1000,True,776.0,858.0,141,36,97,726,111,16.0,16.0,0.776,0.7488668141614596,0.8014973242062073,0.141,0.12001151279686956,0.1641265589516086,0.036,0.02533891492983775,0.04949291171801233,0.097,0.0793644718293639,0.11704784398028709,0.726,0.6972181816899911,0.753444445084533
m1_F_d05_r1,1,F,0.05,False,S4,double_noise,stress,1000,True,917.0,995.0,83,7,0,910,89,16.0,16.0,0.917,0.8981467032446243,0.9333510681911211,0.083,0.06664893180887889,0.10185329675537569,0.007,0.002818858759620524,0.014369194978918611,0.0,0.0,0.003682083896865671,0.91,0.8905334268616608,0.9270095335433771
m1_F_d05_r1,1,F,0.05,False,S1,strong_correlation,stress,1000,True,465.0,470.0,12,55,619,314,14,21.0,21.0,0.465,0.43372830683697794,0.4964783056269997,0.012,0.006215525559595244,0.020867679591036435,0.055,0.04169879507953599,0.07099151554205749,0.619,0.5880859746995805,0.6492111514670235,0.314,0.2853173846649504,0.34378230059630527
m1_F_d05_r1,1,F,0.05,False,S3,strong_correlation,stress,1000,True,737.0,838.0,160,31,132,677,130,16.0,16.0,0.737,0.708540638560736,0.7640564753197067,0.16,0.13780518522188337,0.18421675275850272,0.031,0.021158171970208632,0.04371508500623898,0.132,0.11162801297279534,0.1545654466084539,0.677,0.6470276352361596,0.70592606325204
m1_F_d05_r1,1,F,0.05,False,S4,strong_correlation,stress,1000,True,374.0,618.0,564,7,63,366,350,16.0,16.0,0.374,0.3439189102032966,0.4048253666449352,0.564,0.5326145242345783,0.5950076248194501,0.007,0.002818858759620524,0.014369194978918611,0.063,0.04874692755658055,0.0798880418733545,0.366,0.3360757487848026,0.3967158587963668
m1_F_d05_r1,1,F,0.05,False,S1,drifting_bias,stress,1000,True,154.0,154.0,1,35,939,25,0,21.0,21.0,0.154,0.13217302837265327,0.17788548052787564,0.001,2.531748749129404e-05,0.005558924279826698,0.035,0.02449752789475872,0.04834238161422173,0.939,0.9223292259508765,0.9530221244589198,0.025,0.01624253569688223,0.036684823051923054
m1_F_d05_r1,1,F,0.05,False,S3,drifting_bias,stress,1000,True,830.0,899.0,99,47,108,746,112,16.0,16.0,0.83,0.8052558549287963,0.8527829776475314,0.099,0.08119112894696874,0.11920848268620649,0.047,0.03473506226679595,0.06201263069330516,0.108,0.08943903298240022,0.12890376087999794,0.746,0.7178206949019686,0.7727227594807289
m1_F_d05_r1,1,F,0.05,False,S4,drifting_bias,stress,1000,True,659.0,913.0,321,23,21,635,295,16.0,16.0,0.659,0.6286839339263411,0.6883764471521683,0.321,0.2921269675953229,0.35093119436638076,0.023,0.014634582325176759,0.03431233761285442,0.021,0.013045192290387683,0.031922335180415505,0.635,0.6042984488539128,0.6649040261922291
m1_F_d05_r1,1,F,0.05,False,S1,gain_error,stress,1000,True,32.0,32.0,6,4,979,11,4,21.0,21.0,0.032,0.02198884960564242,0.04487590283500927,0.006,0.0022049824851513773,0.013013423270974454,0.004,0.0010909079877259714,0.010209664683929856,0.979,0.9680776648195845,0.9869548077096123,0.011,0.005503594192313587,0.01959662822201655
m1_F_d05_r1,1,F,0.05,False,S3,gain_error,stress,1000,True,796.0,816.0,68,5,142,785,37,16.0,21.0,0.796,0.7696691682398447,0.8205749456359209,0.068,0.05318809976040197,0.08541305019143097,0.005,0.00162541951756276,0.01162947055981214,0.142,0.12094489570974318,0.1651870383535972,0.785,0.7582168340894826,0.8100933481890851
m1_F_d05_r1,1,F,0.05,False,S4,gain_error,stress,1000,True,746.0,788.0,207,1,47,745,112,16.0,16.0,0.746,0.7178206949019686,0.7727227594807289,0.207,0.1822809028573464,0.2334569503692595,0.001,2.531748749129404e-05,0.005558924279826698,0.047,0.03473506226679595,0.06201263069330516,0.745,0.7167888393029331,0.771760579998092
m1_F_d05_r1,1,F,0.05,True,S1,covered_grid,evaluation,1000,True,28.0,36.0,60,7,917,16,26,21.0,21.0,0.028,0.018684686195537568,0.04021488737384334,0.06,0.04609503542248433,0.07656049040393477,0.007,0.002818858759620524,0.014369194978918611,0.917,0.8981467032446243,0.9333510681911211,0.016,0.009172319269222079,0.02585324908137344
m1_F_d05_r1,1,F,0.05,True,S3,covered_grid,evaluation,1000,True,17.0,32.0,433,2,550,15,111,21.0,21.0,0.017,0.009933512592716534,0.027079496864851435,0.433,0.4020257423234141,0.4643698269410771,0.002,0.00024230111687723185,0.007205838911457516,0.55,0.5185565333765935,0.5811482903200492,0.015,0.008419049750034378,0.02461970009704124
m1_F_d05_r1,1,F,0.05,True,S4,covered_grid,evaluation,1000,True,7.0,28.0,905,0,88,7,344,21.0,21.0,0.007,0.002818858759620524,0.014369194978918611,0.905,0.885115155595548,0.922459792918345,0.0,0.0,0.003682083896865671,0.088,0.07117513428528649,0.10729476503500858,0.007,0.002818858759620524,0.014369194978918611
m1_F_d05_r1,1,F,0.05,True,S1,half_noise,stress,1000,True,0.0,0.0,0,0,1000,0,0,,,0.0,0.0,0.003682083896865671,0.0,0.0,0.003682083896865671,0.0,0.0,0.003682083896865671,1.0,0.9963179161031344,1.0,0.0,0.0,0.003682083896865671
m1_F_d05_r1,1,F,0.05,True,S3,half_noise,stress,1000,True,0.0,0.0,65,0,935,0,4,21.0,21.0,0.0,0.0,0.003682083896865671,0.065,0.050520309689617925,0.08210106992137103,0.0,0.0,0.003682083896865671,0.935,0.917898930078629,0.949479690310382,0.0,0.0,0.003682083896865671
m1_F_d05_r1,1,F,0.05,True,S4,half_noise,stress,1000,True,0.0,0.0,500,0,500,0,26,21.0,21.0,0.0,0.0,0.003682083896865671,0.5,0.46854917297179194,0.5314508270282081,0.0,0.0,0.003682083896865671,0.5,0.46854917297179194,0.5314508270282081,0.0,0.0,0.003682083896865671
m1_F_d05_r1,1,F,0.05,True,S1,double_noise,stress,1000,True,456.0,521.0,146,67,472,315,119,16.0,16.0,0.456,0.42479897163558256,0.4874607774099812,0.146,0.12468203828937678,0.16942537545385403,0.067,0.05229783640004518,0.08431003710244145,0.472,0.4406803247019827,0.503484962255262,0.315,0.28628972113239703,0.3448040310832041
m1_F_d05_r1,1,F,0.05,True,S3,double_noise,stress,1000,True,691.0,851.0,260,41,57,642,224,16.0,16.0,0.691,0.6613286752837124,0.7195419682726643,0.26,0.233053106617251,0.2883676599163464,0.041,0.029580168534036114,0.055212459315299285,0.057,0.0434535819369586,0.07322272946066227,0.642,0.6114024906519152,0.6717585560070759
m1_F_d05_r1,1,F,0.05,True,S4,double_noise,stress,1000,True,902.0,995.0,98,6,0,896,102,16.0,16.0,0.902,0.8818715455687639,0.9197224945489949,0.098,0.08027750545100505,0.11812845443123607,0.006,0.0022049824851513773,0.013013423270974454,0.0,0.0,0.003682083896865671,0.896,0.8753998434301015,0.9142321773743625
m1_F_d05_r1,1,F,0.05,True,S1,strong_correlation,stress,1000,True,413.0,465.0,145,90,511,254,113,21.0,16.0,0.413,0.38227757134904694,0.4442361457147012,0.145,0.12374721727175494,0.1683663220919312,0.09,0.07299046645662285,0.10946657313833913,0.511,0.4795241884209003,0.5424108791915636,0.254,0.22727724051927112,0.28217930509803135
m1_F_d05_r1,1,F,0.05,True,S3,strong_correlation,stress,1000,True,661.0,831.0,275,42,79,604,233,16.0,16.0,0.661,0.6307197702849167,0.6903287623254493,0.275,0.24752134365550058,0.3038100774529292,0.042,0.030434706263140023,0.05635029157574473,0.079,0.06304120280945993,0.09748709490690118,0.604,0.572918155451127,0.6344676593562532
m1_F_d05_r1,1,F,0.05,True,S4,strong_correlation,stress,1000,True,339.0,617.0,634,11,27,328,454,16.0,16.0,0.339,0.3096712376745507,0.36928022971508334,0.634,0.6032841412036332,0.6639242512151974,0.011,0.005503594192313587,0.01959662822201655,0.027,0.01786690592524969,0.03904174680597018,0.328,0.2989440008425646,0.35807265577063513
m1_F_d05_r1,1,F,0.05,True,S1,drifting_bias,stress,1000,True,108.0,133.0,85,40,834,41,49,21.0,16.0,0.108,0.08943903298240022,0.12890376087999794,0.085,0.06845727877099017,0.10403198577837726,0.04,0.028727625285890793,0.05407269681936848,0.834,0.80946321145812,0.8565513384158628,0.041,0.029580168534036114,0.055212459315299285
m1_F_d05_r1,1,F,0.05,True,S3,drifting_bias,stress,1000,True,770.0,894.0,182,56,72,690,180,16.0,16.0,0.77,0.74264308249677,0.7957569815143822,0.182,0.15854965331143797,0.20733884949016518,0.056,0.04257554968661717,0.07210774628325273,0.072,0.05675868755456171,0.08981574917535082,0.69,0.6603061689626798,0.7185704096369192
m1_F_d05_r1,1,F,0.05,True,S4,drifting_bias,stress,1000,True,605.0,910.0,386,18,10,586,367,16.0,16.0,0.605,0.5739284124870054,0.635451491003016,0.386,0.3557000027171544,0.4169733035854663,0.018,0.010701947929414703,0.028299041249019146,0.01,0.004805510691049308,0.018313243055112515,0.586,0.5547559494412746,0.6167362420656494
m1_F_d05_r1,1,F,0.05,True,S1,gain_error,stress,1000,True,117.0,132.0,62,25,874,39,35,21.0,16.0,0.117,0.09772900249506664,0.13855746639058336,0.062,0.0478618481133612,0.0787799496610325,0.025,0.01624253569688223,0.036684823051923054,0.874,0.8518262835289733,0.8939431677375203,0.039,0.027877148795336416,0.052930935785445075
m1_F_d05_r1,1,F,0.05,True,S3,gain_error,stress,1000,True,802.0,829.0,115,6,85,794,73,16.0,16.0,0.802,0.7759277948283817,0.8262802188958505,0.115,0.09588337997326375,0.13641556786283285,0.006,0.0022049824851513773,0.013013423270974454,0.085,0.06845727877099017,0.10403198577837726,0.794,0.7675848559485069,0.8186712810896977
m1_F_d05_r1,1,F,0.05,True,S4,gain_error,stress,1000,True,754.0,808.0,234,0,13,753,157,16.0,16.0,0.754,0.7260823308184117,0.7804133779332014,0.234,0.20807408037540975,0.26150192381556675,0.0,0.0,0.003682083896865671,0.013,0.006939617502851475,0.022127803636778482,0.753,0.7250489590629917,0.779452720521059
m1_F_d05_r2,1,F,0.05,False,S1,covered_grid,evaluation,1000,True,41.0,42.0,129,17,830,24,11,21.0,21.0,0.041,0.029580168534036114,0.055212459315299285,0.129,0.10884057120623478,0.1513714153149562,0.017,0.009933512592716534,0.027079496864851435,0.83,0.8052558549287963,0.8527829776475314,0.024,0.01543638323350848,0.035500638531359305
m1_F_d05_r2,1,F,0.05,False,S3,covered_grid,evaluation,1000,True,20.0,41.0,864,4,116,16,322,21.0,21.0,0.02,0.012258267972406329,0.030720032682609023,0.864,0.8411813690859783,0.8846498223761183,0.004,0.0010909079877259714,0.010209664683929856,0.116,0.0968059552697585,0.1374867505495638,0.016,0.009172319269222079,0.02585324908137344
m1_F_d05_r2,1,F,0.05,False,S4,covered_grid,evaluation,1000,True,10.0,36.0,970,0,20,10,461,21.0,21.0,0.01,0.004805510691049308,0.018313243055112515,0.97,0.957448597529971,0.9796695143168904,0.0,0.0,0.003682083896865671,0.02,0.012258267972406329,0.030720032682609023,0.01,0.004805510691049308,0.018313243055112515
m1_F_d05_r2,1,F,0.05,True,S1,covered_grid,evaluation,1000,True,29.0,40.0,578,4,399,19,179,21.0,21.0,0.029,0.01950593732438462,0.041384719116401895,0.578,0.5466973532815693,0.6088421020852304,0.004,0.0010909079877259714,0.010209664683929856,0.399,0.36848462811503946,0.4301118241313488,0.019,0.011477036993100945,0.029512401625097755
m1_F_d05_r2,1,F,0.05,True,S3,covered_grid,evaluation,1000,True,16.0,39.0,935,1,50,14,467,21.0,21.0,0.016,0.009172319269222079,0.02585324908137344,0.935,0.917898930078629,0.949479690310382,0.001,2.531748749129404e-05,0.005558924279826698,0.05,0.037335397604661785,0.06539048791549365,0.014,0.007674501565020781,0.023378156010314545
m1_F_d05_r2,1,F,0.05,True,S4,covered_grid,evaluation,1000,True,10.0,37.0,990,0,0,10,646,16.0,16.0,0.01,0.004805510691049308,0.018313243055112515,0.99,0.9816867569448875,0.9951944893089507,0.0,0.0,0.003682083896865671,0.0,0.0,0.003682083896865671,0.01,0.004805510691049308,0.018313243055112515
m1_F_d10_r0,1,F,0.1,False,S1,covered_grid,evaluation,1000,True,36.0,36.0,0,3,972,25,0,21.0,,0.036,0.02533891492983775,0.04949291171801233,0.0,0.0,0.003682083896865671,0.003,0.0006190999316495713,0.008742023238478308,0.972,0.9597851126261566,0.9813153138044625,0.025,0.01624253569688223,0.036684823051923054
m1_F_d10_r0,1,F,0.1,False,S3,covered_grid,evaluation,1000,True,30.0,48.0,241,3,731,25,113,21.0,21.0,0.03,0.020330485683109627,0.042551402470029004,0.241,0.21478625725399902,0.26874789995540266,0.003,0.0006190999316495713,0.008742023238478308,0.731,0.7023620968228451,0.7582707605480967,0.025,0.01624253569688223,0.036684823051923054
m1_F_d10_r0,1,F,0.1,False,S4,covered_grid,evaluation,1000,True,1.0,25.0,999,0,0,1,995,16.0,16.0,0.001,2.531748749129404e-05,0.005558924279826698,0.999,0.9944410757201733,0.9999746825125088,0.0,0.0,0.003682083896865671,0.0,0.0,0.003682083896865671,0.001,2.531748749129404e-05,0.005558924279826698
m1_F_d10_r0,1,F,0.1,True,S1,covered_grid,evaluation,1000,True,22.0,37.0,906,7,72,15,714,16.0,16.0,0.022,0.013837414172073851,0.03311966451498781,0.906,0.8861975612810254,0.9233710070726222,0.007,0.002818858759620524,0.014369194978918611,0.072,0.05675868755456171,0.08981574917535082,0.015,0.008419049750034378,0.02461970009704124
m1_F_d10_r0,1,F,0.1,True,S3,covered_grid,evaluation,1000,True,11.0,43.0,969,1,20,10,856,16.0,16.0,0.011,0.005503594192313587,0.01959662822201655,0.969,0.956284914993761,0.9788418280297914,0.001,2.531748749129404e-05,0.005558924279826698,0.02,0.012258267972406329,0.030720032682609023,0.01,0.004805510691049308,0.018313243055112515
m1_F_d10_r0,1,F,0.1,True,S4,covered_grid,evaluation,1000,True,1.0,25.0,999,0,0,1,999,16.0,16.0,0.001,2.531748749129404e-05,0.005558924279826698,0.999,0.9944410757201733,0.9999746825125088,0.0,0.0,0.003682083896865671,0.0,0.0,0.003682083896865671,0.001,2.531748749129404e-05,0.005558924279826698
m1_F_d10_r1,1,F,0.1,False,S1,covered_grid,evaluation,1000,True,37.0,37.0,7,8,960,25,1,21.0,21.0,0.037,0.026182708843737332,0.05064112305992494,0.007,0.002818858759620524,0.014369194978918611,0.008,0.003459976165329311,0.015702049176074654,0.96,0.9459273031806316,0.9712723747141092,0.025,0.01624253569688223,0.036684823051923054
m1_F_d10_r1,1,F,0.1,False,S3,covered_grid,evaluation,1000,True,22.0,43.0,519,2,459,20,246,21.0,21.0,0.022,0.013837414172073851,0.03311966451498781,0.519,0.48751542106654305,0.5503724218833932,0.002,0.00024230111687723185,0.007205838911457516,0.459,0.427774292819536,0.4904677434996239,0.02,0.012258267972406329,0.030720032682609023
m1_F_d10_r1,1,F,0.1,False,S4,covered_grid,evaluation,1000,True,3.0,29.0,997,0,0,3,983,16.0,16.0,0.003,0.0006190999316495713,0.008742023238478308,0.997,0.9912579767615217,0.9993809000683505,0.0,0.0,0.003682083896865671,0.0,0.0,0.003682083896865671,0.003,0.0006190999316495713,0.008742023238478308
m1_F_d10_r1,1,F,0.1,True,S1,covered_grid,evaluation,1000,True,29.0,36.0,282,8,699,11,128,21.0,21.0,0.029,0.01950593732438462,0.041384719116401895,0.282,0.25428669934092557,0.31100307270924926,0.008,0.003459976165329311,0.015702049176074654,0.699,0.6695143919445509,0.7273087561206681,0.011,0.005503594192313587,0.01959662822201655
m1_F_d10_r1,1,F,0.1,True,S3,covered_grid,evaluation,1000,True,12.0,40.0,905,0,83,12,640,16.0,16.0,0.012,0.006215525559595244,0.020867679591036435,0.905,0.885115155595548,0.922459792918345,0.0,0.0,0.003682083896865671,0.083,0.06664893180887889,0.10185329675537569,0.012,0.006215525559595244,0.020867679591036435
m1_F_d10_r1,1,F,0.1,True,S4,covered_grid,evaluation,1000,True,3.0,28.0,997,0,0,3,996,16.0,16.0,0.003,0.0006190999316495713,0.008742023238478308,0.997,0.9912579767615217,0.9993809000683505,0.0,0.0,0.003682083896865671,0.0,0.0,0.003682083896865671,0.003,0.0006190999316495713,0.008742023238478308
m1_F_d10_r2,1,F,0.1,False,S1,covered_grid,evaluation,1000,True,30.0,32.0,21,4,949,26,6,21.0,21.0,0.03,0.020330485683109627,0.042551402470029004,0.021,0.013045192290387683,0.031922335180415505,0.004,0.0010909079877259714,0.010209664683929856,0.949,0.9334865384050651,0.9617947632253139,0.026,0.017052786345629425,0.037865122478921515
m1_F_d10_r2,1,F,0.1,False,S3,covered_grid,evaluation,1000,True,17.0,46.0,901,3,82,14,563,16.0,16.0,0.017,0.009933512592716534,0.027079496864851435,0.901,0.8807915173137935,0.9188088710530312,0.003,0.0006190999316495713,0.008742023238478308,0.082,0.0657458602718319,0.10076286741531136,0.014,0.007674501565020781,0.023378156010314545
m1_F_d10_r2,1,F,0.1,False,S4,covered_grid,evaluation,1000,True,5.0,38.0,995,0,0,5,990,16.0,16.0,0.005,0.00162541951756276,0.01162947055981214,0.995,0.9883705294401879,0.9983745804824372,0.0,0.0,0.003682083896865671,0.0,0.0,0.003682083896865671,0.005,0.00162541951756276,0.01162947055981214
m1_F_d10_r2,1,F,0.1,True,S1,covered_grid,evaluation,1000,True,23.0,33.0,386,6,596,12,154,21.0,21.0,0.023,0.014634582325176759,0.03431233761285442,0.386,0.3557000027171544,0.4169733035854663,0.006,0.0022049824851513773,0.013013423270974454,0.596,0.5648408383487338,0.6265922610801002,0.012,0.006215525559595244,0.020867679591036435
m1_F_d10_r2,1,F,0.1,True,S3,covered_grid,evaluation,1000,True,13.0,46.0,984,1,3,12,869,16.0,16.0,0.013,0.006939617502851475,0.022127803636778482,0.984,0.9741467509186266,0.9908276807307779,0.001,2.531748749129404e-05,0.005558924279826698,0.003,0.0006190999316495713,0.008742023238478308,0.012,0.006215525559595244,0.020867679591036435
m1_F_d10_r2,1,F,0.1,True,S4,covered_grid,evaluation,1000,True,5.0,38.0,995,0,0,5,995,16.0,16.0,0.005,0.00162541951756276,0.01162947055981214,0.995,0.9883705294401879,0.9983745804824372,0.0,0.0,0.003682083896865671,0.0,0.0,0.003682083896865671,0.005,0.00162541951756276,0.01162947055981214
m1_S_d02_r0,1,S,0.02,False,S1,covered_grid,evaluation,1000,True,24.0,24.0,0,0,976,24,0,,,0.024,0.01543638323350848,0.035500638531359305,0.0,0.0,0.003682083896865671,0.0,0.0,0.003682083896865671,0.976,0.9644993614686407,0.9845636167664915,0.024,0.01543638323350848,0.035500638531359305
m1_S_d02_r0,1,S,0.02,False,S3,covered_grid,evaluation,1000,True,43.0,43.0,3,4,958,35,2,21.0,21.0,0.043,0.0312911704560926,0.057486257961972334,0.003,0.0006190999316495713,0.008742023238478308,0.004,0.0010909079877259714,0.010209664683929856,0.958,0.9436497084242552,0.96956529373686,0.035,0.02449752789475872,0.04834238161422173
m1_S_d02_r0,1,S,0.02,False,S4,covered_grid,evaluation,1000,True,29.0,29.0,2,5,970,23,0,21.0,21.0,0.029,0.01950593732438462,0.041384719116401895,0.002,0.00024230111687723185,0.007205838911457516,0.005,0.00162541951756276,0.01162947055981214,0.97,0.957448597529971,0.9796695143168904,0.023,0.014634582325176759,0.03431233761285442
m1_S_d02_r0,1,S,0.02,True,S1,covered_grid,evaluation,1000,True,24.0,24.0,5,11,971,13,4,21.0,21.0,0.024,0.01543638323350848,0.035500638531359305,0.005,0.00162541951756276,0.01162947055981214,0.011,0.005503594192313587,0.01959662822201655,0.971,0.9586152808835982,0.9804940626756153,0.013,0.006939617502851475,0.022127803636778482
m1_S_d02_r0,1,S,0.02,True,S3,covered_grid,evaluation,1000,True,42.0,43.0,6,12,952,30,2,21.0,21.0,0.042,0.030434706263140023,0.05635029157574473,0.006,0.0022049824851513773,0.013013423270974454,0.012,0.006215525559595244,0.020867679591036435,0.952,0.9368598845984908,0.9643997346571167,0.03,0.020330485683109627,0.042551402470029004
m1_S_d02_r0,1,S,0.02,True,S4,covered_grid,evaluation,1000,True,28.0,29.0,20,4,952,24,3,21.0,21.0,0.028,0.018684686195537568,0.04021488737384334,0.02,0.012258267972406329,0.030720032682609023,0.004,0.0010909079877259714,0.010209664683929856,0.952,0.9368598845984908,0.9643997346571167,0.024,0.01543638323350848,0.035500638531359305
m1_S_d02_r1,1,S,0.02,False,S1,covered_grid,evaluation,1000,True,17.0,19.0,10,0,974,16,3,21.0,21.0,0.017,0.009933512592716534,0.027079496864851435,0.01,0.004805510691049308,0.018313243055112515,0.0,0.0,0.003682083896865671,0.974,0.9621348775210785,0.9829472136543705,0.016,0.009172319269222079,0.02585324908137344
m1_S_d02_r1,1,S,0.02,False,S3,covered_grid,evaluation,1000,True,33.0,35.0,8,2,960,30,3,21.0,21.0,0.033,0.02282238334945957,0.0460339818170232,0.008,0.003459976165329311,0.015702049176074654,0.002,0.00024230111687723185,0.007205838911457516,0.96,0.9459273031806316,0.9712723747141092,0.03,0.020330485683109627,0.042551402470029004
m1_S_d02_r1,1,S,0.02,False,S4,covered_grid,evaluation,1000,True,31.0,31.0,14,3,955,28,0,21.0,21.0,0.031,0.021158171970208632,0.04371508500623898,0.014,0.007674501565020781,0.023378156010314545,0.003,0.0006190999316495713,0.008742023238478308,0.955,0.9402471673065922,0.9669903745688513,0.028,0.018684686195537568,0.04021488737384334
m1_S_d02_r1,1,S,0.02,True,S1,covered_grid,evaluation,1000,True,19.0,19.0,7,8,975,10,6,21.0,21.0,0.019,0.011477036993100945,0.029512401625097755,0.007,0.002818858759620524,0.014369194978918611,0.008,0.003459976165329311,0.015702049176074654,0.975,0.9633151769480769,0.9837574643031177,0.01,0.004805510691049308,0.018313243055112515
m1_S_d02_r1,1,S,0.02,True,S3,covered_grid,evaluation,1000,True,35.0,35.0,5,13,962,20,2,21.0,21.0,0.035,0.02449752789475872,0.04834238161422173,0.005,0.00162541951756276,0.01162947055981214,0.013,0.006939617502851475,0.022127803636778482,0.962,0.9482128963780359,0.9729711840170161,0.02,0.012258267972406329,0.030720032682609023
m1_S_d02_r1,1,S,0.02,True,S4,covered_grid,evaluation,1000,True,30.0,31.0,7,4,963,26,1,21.0,21.0,0.03,0.020330485683109627,0.042551402470029004,0.007,0.002818858759620524,0.014369194978918611,0.004,0.0010909079877259714,0.010209664683929856,0.963,0.949358876940075,0.9738172911562627,0.026,0.017052786345629425,0.037865122478921515
m1_S_d02_r2,1,S,0.02,False,S1,covered_grid,evaluation,1000,True,30.0,31.0,6,2,978,14,1,21.0,21.0,0.03,0.020330485683109627,0.042551402470029004,0.006,0.0022049824851513773,0.013013423270974454,0.002,0.00024230111687723185,0.007205838911457516,0.978,0.9668803354850122,0.9861625858279262,0.014,0.007674501565020781,0.023378156010314545
m1_S_d02_r2,1,S,0.02,False,S3,covered_grid,evaluation,1000,True,33.0,34.0,16,7,955,22,4,21.0,21.0,0.033,0.02282238334945957,0.0460339818170232,0.016,0.009172319269222079,0.02585324908137344,0.007,0.002818858759620524,0.014369194978918611,0.955,0.9402471673065922,0.9669903745688513,0.022,0.013837414172073851,0.03311966451498781
m1_S_d02_r2,1,S,0.02,False,S4,covered_grid,evaluation,1000,True,32.0,34.0,66,3,904,27,3,21.0,21.0,0.032,0.02198884960564242,0.04487590283500927,0.066,0.05140856601891847,0.08320605046140274,0.003,0.0006190999316495713,0.008742023238478308,0.904,0.8840333566371232,0.9215479637525775,0.027,0.01786690592524969,0.03904174680597018
m1_S_d02_r2,1,S,0.02,True,S1,covered_grid,evaluation,1000,True,31.0,31.0,5,12,973,10,1,21.0,21.0,0.031,0.021158171970208632,0.04371508500623898,0.005,0.00162541951756276,0.01162947055981214,0.012,0.006215525559595244,0.020867679591036435,0.973,0.9609582531940298,0.9821330940747504,0.01,0.004805510691049308,0.018313243055112515
m1_S_d02_r2,1,S,0.02,True,S3,covered_grid,evaluation,1000,True,31.0,34.0,24,10,946,20,5,21.0,21.0,0.031,0.021158171970208632,0.04371508500623898,0.024,0.01543638323350848,0.035500638531359305,0.01,0.004805510691049308,0.018313243055112515,0.946,0.9301259944229326,0.9591766488743693,0.02,0.012258267972406329,0.030720032682609023
m1_S_d02_r2,1,S,0.02,True,S4,covered_grid,evaluation,1000,True,31.0,34.0,110,4,859,27,6,21.0,21.0,0.031,0.021158171970208632,0.04371508500623898,0.11,0.09127777445946614,0.13105246363748774,0.004,0.0010909079877259714,0.010209664683929856,0.859,0.8358734410483915,0.8799884872031305,0.027,0.01786690592524969,0.03904174680597018
m1_S_d05_r0,1,S,0.05,False,S1,covered_grid,evaluation,1000,True,25.0,27.0,5,3,970,22,4,18.5,16.0,0.025,0.01624253569688223,0.036684823051923054,0.005,0.00162541951756276,0.01162947055981214,0.003,0.0006190999316495713,0.008742023238478308,0.97,0.957448597529971,0.9796695143168904,0.022,0.013837414172073851,0.03311966451498781
m1_S_d05_r0,1,S,0.05,False,S3,covered_grid,evaluation,1000,True,45.0,46.0,1,11,956,32,5,21.0,16.0,0.045,0.033009625431148756,0.059752832693407795,0.001,2.531748749129404e-05,0.005558924279826698,0.011,0.005503594192313587,0.01959662822201655,0.956,0.9413795807936691,0.9678505029891286,0.032,0.02198884960564242,0.04487590283500927
m1_S_d05_r0,1,S,0.05,False,S4,covered_grid,evaluation,1000,True,34.0,34.0,9,2,957,32,1,21.0,21.0,0.034,0.02365864810759675,0.047189438615707534,0.009,0.004123395660342473,0.017015783069894617,0.002,0.00024230111687723185,0.007205838911457516,0.957,0.9425137420380276,0.9687088295439074,0.032,0.02198884960564242,0.04487590283500927
m1_S_d05_r0,1,S,0.05,False,S1,half_noise,stress,1000,True,0.0,0.0,0,0,1000,0,0,,,0.0,0.0,0.003682083896865671,0.0,0.0,0.003682083896865671,0.0,0.0,0.003682083896865671,1.0,0.9963179161031344,1.0,0.0,0.0,0.003682083896865671
m1_S_d05_r0,1,S,0.05,False,S3,half_noise,stress,1000,True,0.0,0.0,0,0,1000,0,0,,,0.0,0.0,0.003682083896865671,0.0,0.0,0.003682083896865671,0.0,0.0,0.003682083896865671,1.0,0.9963179161031344,1.0,0.0,0.0,0.003682083896865671
m1_S_d05_r0,1,S,0.05,False,S4,half_noise,stress,1000,True,0.0,0.0,0,0,1000,0,0,,,0.0,0.0,0.003682083896865671,0.0,0.0,0.003682083896865671,0.0,0.0,0.003682083896865671,1.0,0.9963179161031344,1.0,0.0,0.0,0.003682083896865671
m1_S_d05_r0,1,S,0.05,False,S1,double_noise,stress,1000,True,425.0,438.0,25,15,552,408,20,18.5,16.0,0.425,0.3941203218339532,0.4563225008918246,0.025,0.01624253569688223,0.036684823051923054,0.015,0.008419049750034378,0.02461970009704124,0.552,0.5205633067622516,0.5831297072680903,0.408,0.37734858444460107,0.4391946775594001
m1_S_d05_r0,1,S,0.05,False,S3,double_noise,stress,1000,True,852.0,865.0,21,38,129,812,31,16.0,16.0,0.852,0.8284575617048234,0.8734472671715777,0.021,0.013045192290387683,0.031922335180415505,0.038,0.027028815982983925,0.05178710362196415,0.129,0.10884057120623478,0.1513714153149562,0.812,0.786378459836871,0.8357692765986812
m1_S_d05_r0,1,S,0.05,False,S4,double_noise,stress,1000,True,979.0,993.0,16,9,5,970,23,16.0,16.0,0.979,0.9680776648195845,0.9869548077096123,0.016,0.009172319269222079,0.02585324908137344,0.009,0.004123395660342473,0.017015783069894617,0.005,0.00162541951756276,0.01162947055981214,0.97,0.957448597529971,0.9796695143168904
m1_S_d05_r0,1,S,0.05,False,S1,strong_correlation,stress,1000,True,410.0,416.0,25,15,566,394,13,21.0,21.0,0.41,0.3793197894284486,0.4412116541747503,0.025,0.01624253569688223,0.036684823051923054,0.015,0.008419049750034378,0.02461970009704124,0.566,0.5346248299199676,0.5969855070215274,0.394,0.36356480972723054,0.42506119827106315
m1_S_d05_r0,1,S,0.05,False,S3,strong_correlation,stress,1000,True,832.0,841.0,19,31,150,800,26,16.0,21.0,0.832,0.8073589445854946,0.8546677507252727,0.019,0.011477036993100945,0.029512401625097755,0.031,0.021158171970208632,0.04371508500623898,0.15,0.12842481111617282,0.17365812856703597,0.8,0.7738406271786294,0.8243794251691577
m1_S_d05_r0,1,S,0.05,False,S4,strong_correlation,stress,1000,True,581.0,612.0,68,16,353,563,43,16.0,21.0,0.581,0.5497183615997399,0.6118033707732207,0.068,0.05318809976040197,0.08541305019143097,0.016,0.009172319269222079,0.02585324908137344,0.353,0.32334955757958167,0.3835189950574548,0.563,0.5316095614887726,0.5940184934750994
m1_S_d05_r0,1,S,0.05,False,S1,drifting_bias,stress,1000,True,203.0,204.0,3,9,798,190,5,21.0,16.0,0.203,0.178473576324016,0.22928832325814114,0.003,0.0006190999316495713,0.008742023238478308,0.009,0.004123395660342473,0.017015783069894617,0.798,0.7717544218601164,0.8224776638277916,0.19,0.1661265075387875,0.2157136888516337
m1_S_d05_r0,1,S,0.05,False,S3,drifting_bias,stress,1000,True,894.0,902.0,11,27,95,867,28,16.0,16.0,0.894,0.8732469912184375,0.9123976349307878,0.011,0.005503594192313587,0.01959662822201655,0.027,0.01786690592524969,0.03904174680597018,0.095,0.07754020708165502,0.11488484440445199,0.867,0.8443706729528716,0.8874420356131526
m1_S_d05_r0,1,S,0.05,False,S4,drifting_bias,stress,1000,True,876.0,906.0,51,22,73,854,46,16.0,16.0,0.876,0.8539601750294528,0.8957968808047537,0.051,0.03820523677468615,0.06651346159493483,0.022,0.013837414172073851,0.03311966451498781,0.073,0.057653625227932596,0.09091417539450124,0.854,0.830574624546146,0.8753179617106233
m1_S_d05_r0,1,S,0.05,False,S1,gain_error,stress,1000,True,27.0,30.0,12,2,962,24,4,21.0,21.0,0.027,0.01786690592524969,0.03904174680597018,0.012,0.006215525559595244,0.020867679591036435,0.002,0.00024230111687723185,0.007205838911457516,0.962,0.9482128963780359,0.9729711840170161,0.024,0.01543638323350848,0.035500638531359305
m1_S_d05_r0,1,S,0.05,False,S3,gain_error,stress,1000,True,816.0,819.0,8,22,177,793,13,21.0,18.5,0.816,0.7905658665854713,0.839557716815212,0.008,0.003459976165329311,0.015702049176074654,0.022,0.013837414172073851,0.03311966451498781,0.177,0.15382282670139608,0.20209592130778106,0.793,0.7665430496307405,0.8177190971426536
m1_S_d05_r0,1,S,0.05,False,S4,gain_error,stress,1000,True,781.0,786.0,14,13,205,768,12,21.0,21.0,0.781,0.7540590951943786,0.8062750780167759,0.014,0.007674501565020781,0.023378156010314545,0.013,0.006939617502851475,0.022127803636778482,0.205,0.18037676898868163,0.2313731049339199,0.768,0.74057016954633,0.7938418621713377
m1_S_d05_r0,1,S,0.05,True,S1,covered_grid,evaluation,1000,True,26.0,27.0,38,11,936,15,10,21.0,21.0,0.026,0.017052786345629425,0.037865122478921515,0.038,0.027028815982983925,0.05178710362196415,0.011,0.005503594192313587,0.01959662822201655,0.936,0.919004925632949,0.9503669107081509,0.015,0.008419049750034378,0.02461970009704124
m1_S_d05_r0,1,S,0.05,True,S3,covered_grid,evaluation,1000,True,41.0,46.0,78,9,881,32,20,21.0,21.0,0.041,0.029580168534036114,0.055212459315299285,0.078,0.06214121313271405,0.09639363340258299,0.009,0.004123395660342473,0.017015783069894617,0.881,0.8593024819773416,0.9004235081749599,0.032,0.02198884960564242,0.04487590283500927
m1_S_d05_r0,1,S,0.05,True,S4,covered_grid,evaluation,1000,True,13.0,34.0,649,0,338,13,167,21.0,21.0,0.013,0.006939617502851475,0.022127803636778482,0.649,0.6185133989073751,0.6786062068810232,0.0,0.0,0.003682083896865671,0.338,0.3086952986820943,0.36826209340139443,0.013,0.006939617502851475,0.022127803636778482
m1_S_d05_r0,1,S,0.05,True,S1,half_noise,stress,1000,True,0.0,0.0,0,0,1000,0,0,,,0.0,0.0,0.003682083896865671,0.0,0.0,0.003682083896865671,0.0,0.0,0.003682083896865671,1.0,0.9963179161031344,1.0,0.0,0.0,0.003682083896865671
m1_S_d05_r0,1,S,0.05,True,S3,half_noise,stress,1000,True,0.0,0.0,0,0,1000,0,0,,,0.0,0.0,0.003682083896865671,0.0,0.0,0.003682083896865671,0.0,0.0,0.003682083896865671,1.0,0.9963179161031344,1.0,0.0,0.0,0.003682083896865671
m1_S_d05_r0,1,S,0.05,True,S4,half_noise,stress,1000,True,0.0,0.0,56,0,944,0,0,21.0,21.0,0.0,0.0,0.003682083896865671,0.056,0.04257554968661717,0.07210774628325273,0.0,0.0,0.003682083896865671,0.944,0.9278922537167473,0.9574244503133829,0.0,0.0,0.003682083896865671
m1_S_d05_r0,1,S,0.05,True,S1,double_noise,stress,1000,True,429.0,438.0,68,150,509,273,113,16.0,21.0,0.429,0.39807201178637786,0.4603471833389458,0.068,0.05318809976040197,0.08541305019143097,0.15,0.12842481111617282,0.17365812856703597,0.509,0.477527617938416,0.540419255650088,0.273,0.24558994058716585,0.3017533853353499
m1_S_d05_r0,1,S,0.05,True,S3,double_noise,stress,1000,True,807.0,865.0,104,89,90,717,127,16.0,16.0,0.807,0.7811499964179454,0.8310278967302052,0.104,0.08576782262563756,0.12460015656989851,0.089,0.07208246453975992,0.1083810000600025,0.09,0.07299046645662285,0.10946657313833913,0.717,0.6879700381683815,0.7447461374617574
m1_S_d05_r0,1,S,0.05,True,S4,double_noise,stress,1000,True,929.0,993.0,70,10,1,919,76,16.0,16.0,0.929,0.9112835591132127,0.9441353517501024,0.07,0.05497152491916994,0.08761623348928463,0.01,0.004805510691049308,0.018313243055112515,0.001,2.531748749129404e-05,0.005558924279826698,0.919,0.9003283010315127,0.935156460291505
m1_S_d05_r0,1,S,0.05,True,S1,strong_correlation,stress,1000,True,410.0,416.0,64,156,530,250,111,16.0,21.0,0.41,0.3793197894284486,0.4412116541747503,0.064,0.049633089291849,0.08099507436705101,0.156,0.13404912388910878,0.1799971849889863,0.53,0.4985163179239786,0.5613065880589609,0.25,0.2234304062646804,0.27805000622375553
m1_S_d05_r0,1,S,0.05,True,S3,strong_correlation,stress,1000,True,787.0,841.0,107,83,109,701,121,16.0,16.0,0.787,0.7602970320738748,0.8120011481939206,0.107,0.08852043664251635,0.12782864411706796,0.083,0.06664893180887889,0.10185329675537569,0.109,0.09035814767691946,0.12997836534293514,0.701,0.6715624109864176,0.7292488588466131
m1_S_d05_r0,1,S,0.05,True,S4,strong_correlation,stress,1000,True,431.0,612.0,465,25,104,406,268,16.0,16.0,0.431,0.40004862242458333,0.4623587595596085,0.465,0.43372830683697794,0.4964783056269997,0.025,0.01624253569688223,0.036684823051923054,0.104,0.08576782262563756,0.12460015656989851,0.406,0.37537790053797354,0.4371771804503599
m1_S_d05_r0,1,S,0.05,True,S1,drifting_bias,stress,1000,True,203.0,204.0,12,158,786,44,57,21.0,21.0,0.203,0.178473576324016,0.22928832325814114,0.012,0.006215525559595244,0.020867679591036435,0.158,0.13592651618496482,0.1821076024878585,0.786,0.7592568214400275,0.811047360389367,0.044,0.032149497010871435,0.05862041920633091
m1_S_d05_r0,1,S,0.05,True,S3,drifting_bias,stress,1000,True,850.0,902.0,69,90,83,758,118,16.0,16.0,0.85,0.826341871432964,0.8715751888838272,0.069,0.0540793357932563,0.08651510934571155,0.09,0.07299046645662285,0.10946657313833913,0.083,0.06664893180887889,0.10185329675537569,0.758,0.7302177554526308,0.7842540621318352
m1_S_d05_r0,1,S,0.05,True,S4,drifting_bias,stress,1000,True,671.0,906.0,313,21,16,650,263,16.0,16.0,0.671,0.6409077348854191,0.7000815364409622,0.313,0.2843452029487085,0.34276041575003163,0.021,0.013045192290387683,0.031922335180415505,0.016,0.009172319269222079,0.02585324908137344,0.65,0.6195298087440242,0.6795838758486343
m1_S_d05_r0,1,S,0.05,True,S1,gain_error,stress,1000,True,95.0,96.0,30,75,875,20,27,21.0,21.0,0.095,0.07754020708165502,0.11488484440445199,0.03,0.020330485683109627,0.042551402470029004,0.075,0.05944612821126316,0.09310844696149914,0.875,0.8528930172212289,0.8948702384454075,0.02,0.012258267972406329,0.030720032682609023
m1_S_d05_r0,1,S,0.05,True,S3,gain_error,stress,1000,True,820.0,834.0,50,26,130,794,40,16.0,16.0,0.82,0.7947575059722134,0.843341898328986,0.05,0.037335397604661785,0.06539048791549365,0.026,0.017052786345629425,0.037865122478921515,0.13,0.1097693124537045,0.1524364946004402,0.794,0.7675848559485069,0.8186712810896977
m1_S_d05_r0,1,S,0.05,True,S4,gain_error,stress,1000,True,755.0,800.0,199,10,46,745,122,16.0,16.0,0.755,0.7271158955377267,0.7813738416061395,0.199,0.1746700563321813,0.22511590996300734,0.01,0.004805510691049308,0.018313243055112515,0.046,0.03387149854767792,0.060883552713742635,0.745,0.7167888393029331,0.771760579998092
m1_S_d05_r1,1,S,0.05,False,S1,covered_grid,evaluation,1000,True,18.0,18.0,6,1,976,17,0,21.0,21.0,0.018,0.010701947929414703,0.028299041249019146,0.006,0.0022049824851513773,0.013013423270974454,0.001,2.531748749129404e-05,0.005558924279826698,0.976,0.9644993614686407,0.9845636167664915,0.017,0.009933512592716534,0.027079496864851435
m1_S_d05_r1,1,S,0.05,False,S3,covered_grid,evaluation,1000,True,26.0,28.0,14,3,960,23,2,21.0,21.0,0.026,0.017052786345629425,0.037865122478921515,0.014,0.007674501565020781,0.023378156010314545,0.003,0.0006190999316495713,0.008742023238478308,0.96,0.9459273031806316,0.9712723747141092,0.023,0.014634582325176759,0.03431233761285442
m1_S_d05_r1,1,S,0.05,False,S4,covered_grid,evaluation,1000,True,26.0,27.0,59,0,915,26,3,21.0,21.0,0.026,0.017052786345629425,0.037865122478921515,0.059,0.045213354402796606,0.07544907308424077,0.0,0.0,0.003682083896865671,0.915,0.8959680142216228,0.9315427212290098,0.026,0.017052786345629425,0.037865122478921515
m1_S_d05_r1,1,S,0.05,True,S1,covered_grid,evaluation,1000,True,18.0,18.0,6,7,977,10,1,21.0,21.0,0.018,0.010701947929414703,0.028299041249019146,0.006,0.0022049824851513773,0.013013423270974454,0.007,0.002818858759620524,0.014369194978918611,0.977,0.9656876623871455,0.9853654176748232,0.01,0.004805510691049308,0.018313243055112515
m1_S_d05_r1,1,S,0.05,True,S3,covered_grid,evaluation,1000,True,23.0,28.0,66,2,914,18,13,21.0,21.0,0.023,0.014634582325176759,0.03431233761285442,0.066,0.05140856601891847,0.08320605046140274,0.002,0.00024230111687723185,0.007205838911457516,0.914,0.8948797315656734,0.9306374694275863,0.018,0.010701947929414703,0.028299041249019146
m1_S_d05_r1,1,S,0.05,True,S4,covered_grid,evaluation,1000,True,12.0,27.0,426,2,562,10,97,21.0,21.0,0.012,0.006215525559595244,0.020867679591036435,0.426,0.39510805262228954,0.4573288630343598,0.002,0.00024230111687723185,0.007205838911457516,0.562,0.5306047253440984,0.5930292354341888,0.01,0.004805510691049308,0.018313243055112515
m1_S_d05_r2,1,S,0.05,False,S1,covered_grid,evaluation,1000,True,40.0,41.0,8,4,968,20,3,21.0,21.0,0.04,0.028727625285890793,0.05407269681936848,0.008,0.003459976165329311,0.015702049176074654,0.004,0.0010909079877259714,0.010209664683929856,0.968,0.9551240971649908,0.9780111503943576,0.02,0.012258267972406329,0.030720032682609023
m1_S_d05_r2,1,S,0.05,False,S3,covered_grid,evaluation,1000,True,46.0,47.0,20,8,942,30,3,21.0,21.0,0.046,0.03387149854767792,0.060883552713742635,0.02,0.012258267972406329,0.030720032682609023,0.008,0.003459976165329311,0.015702049176074654,0.942,0.9256635046176483,0.9556671397471793,0.03,0.020330485683109627,0.042551402470029004
m1_S_d05_r2,1,S,0.05,False,S4,covered_grid,evaluation,1000,True,32.0,39.0,258,4,710,28,11,21.0,21.0,0.032,0.02198884960564242,0.04487590283500927,0.258,0.2311270769749137,0.28630561316846087,0.004,0.0010909079877259714,0.010209664683929856,0.71,0.6807865098815258,0.7379712849550528,0.028,0.018684686195537568,0.04021488737384334
m1_S_d05_r2,1,S,0.05,True,S1,covered_grid,evaluation,1000,True,41.0,41.0,0,24,966,10,4,21.0,,0.041,0.029580168534036114,0.055212459315299285,0.0,0.0,0.003682083896865671,0.024,0.01543638323350848,0.035500638531359305,0.966,0.9528105613842924,0.9763413518924032,0.01,0.004805510691049308,0.018313243055112515
m1_S_d05_r2,1,S,0.05,True,S3,covered_grid,evaluation,1000,True,42.0,47.0,48,13,912,27,12,21.0,21.0,0.042,0.030434706263140023,0.05635029157574473,0.048,0.03560026534288328,0.06314011540150924,0.013,0.006939617502851475,0.022127803636778482,0.912,0.8927052349649914,0.9288248657147136,0.027,0.01786690592524969,0.03904174680597018
m1_S_d05_r2,1,S,0.05,True,S4,covered_grid,evaluation,1000,True,30.0,39.0,478,2,492,28,23,21.0,21.0,0.03,0.020330485683109627,0.042551402470029004,0.478,0.4466440437624667,0.5094858229536978,0.002,0.00024230111687723185,0.007205838911457516,0.492,0.46057674170099866,0.5234704817428755,0.028,0.018684686195537568,0.04021488737384334
m1_S_d10_r0,1,S,0.1,False,S1,covered_grid,evaluation,1000,True,24.0,24.0,1,3,977,19,3,16.0,21.0,0.024,0.01543638323350848,0.035500638531359305,0.001,2.531748749129404e-05,0.005558924279826698,0.003,0.0006190999316495713,0.008742023238478308,0.977,0.9656876623871455,0.9853654176748232,0.019,0.011477036993100945,0.029512401625097755
m1_S_d10_r0,1,S,0.1,False,S3,covered_grid,evaluation,1000,True,28.0,28.0,1,6,973,20,0,21.0,21.0,0.028,0.018684686195537568,0.04021488737384334,0.001,2.531748749129404e-05,0.005558924279826698,0.006,0.0022049824851513773,0.013013423270974454,0.973,0.9609582531940298,0.9821330940747504,0.02,0.012258267972406329,0.030720032682609023
m1_S_d10_r0,1,S,0.1,False,S4,covered_grid,evaluation,1000,True,27.0,28.0,6,3,967,24,1,21.0,21.0,0.027,0.01786690592524969,0.03904174680597018,0.006,0.0022049824851513773,0.013013423270974454,0.003,0.0006190999316495713,0.008742023238478308,0.967,0.9539660181829768,0.9771776166505405,0.024,0.01543638323350848,0.035500638531359305
m1_S_d10_r0,1,S,0.1,True,S1,covered_grid,evaluation,1000,True,24.0,24.0,376,12,600,12,87,21.0,21.0,0.024,0.01543638323350848,0.035500638531359305,0.376,0.3458810703459141,0.4068513760241379,0.012,0.006215525559595244,0.020867679591036435,0.6,0.5688784459558931,0.6305310124510876,0.012,0.006215525559595244,0.020867679591036435
m1_S_d10_r0,1,S,0.1,True,S3,covered_grid,evaluation,1000,True,13.0,28.0,744,2,243,11,348,21.0,21.0,0.013,0.006939617502851475,0.022127803636778482,0.744,0.7157571698989937,0.770798213615587,0.002,0.00024230111687723185,0.007205838911457516,0.243,0.21670581547999046,0.2708163929511715,0.011,0.005503594192313587,0.01959662822201655
m1_S_d10_r0,1,S,0.1,True,S4,covered_grid,evaluation,1000,True,3.0,28.0,997,0,0,3,996,16.0,16.0,0.003,0.0006190999316495713,0.008742023238478308,0.997,0.9912579767615217,0.9993809000683505,0.0,0.0,0.003682083896865671,0.0,0.0,0.003682083896865671,0.003,0.0006190999316495713,0.008742023238478308
m1_S_d10_r1,1,S,0.1,False,S1,covered_grid,evaluation,1000,True,18.0,20.0,8,0,974,18,3,21.0,21.0,0.018,0.010701947929414703,0.028299041249019146,0.008,0.003459976165329311,0.015702049176074654,0.0,0.0,0.003682083896865671,0.974,0.9621348775210785,0.9829472136543705,0.018,0.010701947929414703,0.028299041249019146
m1_S_d10_r1,1,S,0.1,False,S3,covered_grid,evaluation,1000,True,39.0,41.0,17,7,945,31,6,21.0,21.0,0.039,0.027877148795336416,0.052930935785445075,0.017,0.009933512592716534,0.027079496864851435,0.007,0.002818858759620524,0.014369194978918611,0.945,0.9290084844579425,0.958301204920464,0.031,0.021158171970208632,0.04371508500623898
m1_S_d10_r1,1,S,0.1,False,S4,covered_grid,evaluation,1000,True,32.0,34.0,61,2,907,30,2,21.0,21.0,0.032,0.02198884960564242,0.04487590283500927,0.061,0.04697787554108021,0.07767077404912352,0.002,0.00024230111687723185,0.007205838911457516,0.907,0.8872805822988441,0.9242815973931352,0.03,0.020330485683109627,0.042551402470029004
m1_S_d10_r1,1,S,0.1,True,S1,covered_grid,evaluation,1000,True,18.0,20.0,80,13,902,5,31,21.0,21.0,0.018,0.010701947929414703,0.028299041249019146,0.08,0.06394198284667332,0.09857977904790216,0.013,0.006939617502851475,0.022127803636778482,0.902,0.8818715455687639,0.9197224945489949,0.005,0.00162541951756276,0.01162947055981214
m1_S_d10_r1,1,S,0.1,True,S3,covered_grid,evaluation,1000,True,23.0,41.0,380,4,597,19,172,21.0,21.0,0.023,0.014634582325176759,0.03431233761285442,0.38,0.3498070219932073,0.41090176593829936,0.004,0.0010909079877259714,0.010209664683929856,0.597,0.565850043764274,0.6275771456439844,0.019,0.011477036993100945,0.029512401625097755
m1_S_d10_r1,1,S,0.1,True,S4,covered_grid,evaluation,1000,True,1.0,34.0,999,0,0,1,997,16.0,16.0,0.001,2.531748749129404e-05,0.005558924279826698,0.999,0.9944410757201733,0.9999746825125088,0.0,0.0,0.003682083896865671,0.0,0.0,0.003682083896865671,0.001,2.531748749129404e-05,0.005558924279826698
m1_S_d10_r2,1,S,0.1,False,S1,covered_grid,evaluation,1000,True,35.0,36.0,60,3,915,22,1,21.0,21.0,0.035,0.02449752789475872,0.04834238161422173,0.06,0.04609503542248433,0.07656049040393477,0.003,0.0006190999316495713,0.008742023238478308,0.915,0.8959680142216228,0.9315427212290098,0.022,0.013837414172073851,0.03311966451498781
m1_S_d10_r2,1,S,0.1,False,S3,covered_grid,evaluation,1000,True,47.0,48.0,86,5,870,39,3,21.0,21.0,0.047,0.03473506226679595,0.06201263069330516,0.086,0.06936253057241366,0.10512026843432662,0.005,0.00162541951756276,0.01162947055981214,0.87,0.8475635053995598,0.8902306875462955,0.039,0.027877148795336416,0.052930935785445075
m1_S_d10_r2,1,S,0.1,False,S4,covered_grid,evaluation,1000,True,33.0,37.0,216,3,751,30,11,21.0,21.0,0.033,0.02282238334945957,0.0460339818170232,0.216,0.19086088726752587,0.24282293110399905,0.003,0.0006190999316495713,0.008742023238478308,0.751,0.7229827913139668,0.7775308276419632,0.03,0.020330485683109627,0.042551402470029004
m1_S_d10_r2,1,S,0.1,True,S1,covered_grid,evaluation,1000,True,36.0,36.0,24,27,942,7,8,21.0,21.0,0.036,0.02533891492983775,0.04949291171801233,0.024,0.01543638323350848,0.035500638531359305,0.027,0.01786690592524969,0.03904174680597018,0.942,0.9256635046176483,0.9556671397471793,0.007,0.002818858759620524,0.014369194978918611
m1_S_d10_r2,1,S,0.1,True,S3,covered_grid,evaluation,1000,True,30.0,48.0,212,8,758,22,70,21.0,21.0,0.03,0.020330485683109627,0.042551402470029004,0.212,0.18704528955041327,0.23866253286918546,0.008,0.003459976165329311,0.015702049176074654,0.758,0.7302177554526308,0.7842540621318352,0.022,0.013837414172073851,0.03311966451498781
m1_S_d10_r2,1,S,0.1,True,S4,covered_grid,evaluation,1000,True,8.0,37.0,808,1,184,7,583,16.0,16.0,0.008,0.003459976165329311,0.015702049176074654,0.808,0.7821951822437158,0.8319766825284644,0.001,2.531748749129404e-05,0.005558924279826698,0.184,0.16044228318478804,0.20943413341452866,0.007,0.002818858759620524,0.014369194978918611
m1_H,1,H,0.0,False,S1,covered_grid,evaluation,1000,True,49.0,49.0,5,5,960,30,2,21.0,21.0,0.049,0.03646705917204782,0.06426605314016964,0.005,0.00162541951756276,0.01162947055981214,0.005,0.00162541951756276,0.01162947055981214,0.96,0.9459273031806316,0.9712723747141092,0.03,0.020330485683109627,0.042551402470029004
m1_H,1,H,0.0,False,S3,covered_grid,evaluation,1000,True,27.0,27.0,3,2,974,21,0,21.0,21.0,0.027,0.01786690592524969,0.03904174680597018,0.003,0.0006190999316495713,0.008742023238478308,0.002,0.00024230111687723185,0.007205838911457516,0.974,0.9621348775210785,0.9829472136543705,0.021,0.013045192290387683,0.031922335180415505
m1_H,1,H,0.0,False,S4,covered_grid,evaluation,1000,True,45.0,45.0,0,3,959,38,1,21.0,,0.045,0.033009625431148756,0.059752832693407795,0.0,0.0,0.003682083896865671,0.003,0.0006190999316495713,0.008742023238478308,0.959,0.9447875406847007,0.9704198314659639,0.038,0.027028815982983925,0.05178710362196415
m1_H,1,H,0.0,False,S1,half_noise,stress,1000,True,0.0,0.0,0,0,1000,0,0,,,0.0,0.0,0.003682083896865671,0.0,0.0,0.003682083896865671,0.0,0.0,0.003682083896865671,1.0,0.9963179161031344,1.0,0.0,0.0,0.003682083896865671
m1_H,1,H,0.0,False,S3,half_noise,stress,1000,True,0.0,0.0,0,0,1000,0,0,,,0.0,0.0,0.003682083896865671,0.0,0.0,0.003682083896865671,0.0,0.0,0.003682083896865671,1.0,0.9963179161031344,1.0,0.0,0.0,0.003682083896865671
m1_H,1,H,0.0,False,S4,half_noise,stress,1000,True,0.0,0.0,0,0,1000,0,0,,,0.0,0.0,0.003682083896865671,0.0,0.0,0.003682083896865671,0.0,0.0,0.003682083896865671,1.0,0.9963179161031344,1.0,0.0,0.0,0.003682083896865671
m1_H,1,H,0.0,False,S1,double_noise,stress,1000,True,559.0,560.0,7,39,524,430,20,21.0,21.0,0.559,0.5275909755700005,0.5900607020952654,0.007,0.002818858759620524,0.014369194978918611,0.039,0.027877148795336416,0.052930935785445075,0.524,0.4925139676102947,0.5553443590710254,0.43,0.3990602533936312,0.46135303510760983
m1_H,1,H,0.0,False,S3,double_noise,stress,1000,True,850.0,859.0,19,28,150,803,33,16.0,21.0,0.85,0.826341871432964,0.8715751888838272,0.019,0.011477036993100945,0.029512401625097755,0.028,0.018684686195537568,0.04021488737384334,0.15,0.12842481111617282,0.17365812856703597,0.803,0.7769717429246101,0.8272302494643351
m1_H,1,H,0.0,False,S4,double_noise,stress,1000,True,995.0,995.0,0,7,7,986,7,16.0,,0.995,0.9883705294401879,0.9983745804824372,0.0,0.0,0.003682083896865671,0.007,0.002818858759620524,0.014369194978918611,0.007,0.002818858759620524,0.014369194978918611,0.986,0.9766218439896854,0.9923254984349792
m1_H,1,H,0.0,False,S1,strong_correlation,stress,1000,True,539.0,549.0,15,38,548,399,29,16.0,16.0,0.539,0.5075282369182008,0.5702415349408811,0.015,0.008419049750034378,0.02461970009704124,0.038,0.027028815982983925,0.05178710362196415,0.548,0.5165502619409907,0.5791663711234442,0.399,0.36848462811503946,0.4301118241313488
m1_H,1,H,0.0,False,S3,strong_correlation,stress,1000,True,864.0,875.0,20,40,150,790,38,16.0,16.0,0.864,0.8411813690859783,0.8846498223761183,0.02,0.012258267972406329,0.030720032682609023,0.04,0.028727625285890793,0.05407269681936848,0.15,0.12842481111617282,0.17365812856703597,0.79,0.7634190151421869,0.8148611536314939
m1_H,1,H,0.0,False,S4,strong_correlation,stress,1000,True,665.0,666.0,3,22,390,585,14,16.0,21.0,0.665,0.6347931918497084,0.6942316401097941,0.003,0.0006190999316495713,0.008742023238478308,0.022,0.013837414172073851,0.03311966451498781,0.39,0.35963133997261726,0.4210183157288174,0.585,0.5537481738680577,0.6157499260746571
m1_H,1,H,0.0,False,S1,drifting_bias,stress,1000,True,461.0,466.0,16,4,772,208,5,21.0,21.0,0.461,0.4297584650591189,0.4924717630817992,0.016,0.009172319269222079,0.02585324908137344,0.004,0.0010909079877259714,0.010209664683929856,0.772,0.7447168224784331,0.7976712701289689,0.208,0.18323331957388347,0.23449852512818697
m1_H,1,H,0.0,False,S3,drifting_bias,stress,1000,True,920.0,935.0,19,19,86,876,25,16.0,16.0,0.92,0.9014202209520978,0.9360580171533267,0.019,0.011477036993100945,0.029512401625097755,0.019,0.011477036993100945,0.029512401625097755,0.086,0.06936253057241366,0.10512026843432662,0.876,0.8539601750294528,0.8957968808047537
m1_H,1,H,0.0,False,S4,drifting_bias,stress,1000,True,935.0,937.0,3,30,84,883,22,16.0,16.0,0.935,0.917898930078629,0.949479690310382,0.003,0.0006190999316495713,0.008742023238478308,0.03,0.020330485683109627,0.042551402470029004,0.084,0.0675527419705832,0.10294299899173501,0.883,0.8614425336094167,0.9022709975049333
m1_H,1,H,0.0,False,S1,gain_error,stress,1000,True,504.0,506.0,6,13,737,244,9,21.0,21.0,0.504,0.4725383563385118,0.5354380319861439,0.006,0.0022049824851513773,0.013013423270974454,0.013,0.006939617502851475,0.022127803636778482,0.737,0.708540638560736,0.7640564753197067,0.244,0.21766588926154606,0.271850345986017
m1_H,1,H,0.0,False,S3,gain_error,stress,1000,True,897.0,902.0,8,10,136,846,11,16.0,16.0,0.897,0.8764770735985743,0.9151486346500824,0.008,0.003459976165329311,0.015702049176074654,0.01,0.004805510691049308,0.018313243055112515,0.136,0.11535017762388164,0.15881863091402174,0.846,0.8221145194721243,0.8678269716273468
m1_H,1,H,0.0,False,S4,gain_error,stress,1000,True,878.0,878.0,0,8,162,830,5,16.0,,0.878,0.8560957805725833,0.8976488625599233,0.0,0.0,0.003682083896865671,0.008,0.003459976165329311,0.015702049176074654,0.162,0.13968511158457791,0.1863246549247689,0.83,0.8052558549287963,0.8527829776475314
m1_H,1,H,0.0,True,S1,covered_grid,evaluation,1000,True,49.0,49.0,7,4,959,30,3,21.0,21.0,0.049,0.03646705917204782,0.06426605314016964,0.007,0.002818858759620524,0.014369194978918611,0.004,0.0010909079877259714,0.010209664683929856,0.959,0.9447875406847007,0.9704198314659639,0.03,0.020330485683109627,0.042551402470029004
m1_H,1,H,0.0,True,S3,covered_grid,evaluation,1000,True,27.0,27.0,2,2,975,21,0,21.0,21.0,0.027,0.01786690592524969,0.03904174680597018,0.002,0.00024230111687723185,0.007205838911457516,0.002,0.00024230111687723185,0.007205838911457516,0.975,0.9633151769480769,0.9837574643031177,0.021,0.013045192290387683,0.031922335180415505
m1_H,1,H,0.0,True,S4,covered_grid,evaluation,1000,True,45.0,45.0,0,4,959,37,1,21.0,,0.045,0.033009625431148756,0.059752832693407795,0.0,0.0,0.003682083896865671,0.004,0.0010909079877259714,0.010209664683929856,0.959,0.9447875406847007,0.9704198314659639,0.037,0.026182708843737332,0.05064112305992494
m1_H,1,H,0.0,True,S1,half_noise,stress,1000,True,0.0,0.0,0,0,1000,0,0,,,0.0,0.0,0.003682083896865671,0.0,0.0,0.003682083896865671,0.0,0.0,0.003682083896865671,1.0,0.9963179161031344,1.0,0.0,0.0,0.003682083896865671
m1_H,1,H,0.0,True,S3,half_noise,stress,1000,True,0.0,0.0,0,0,1000,0,0,,,0.0,0.0,0.003682083896865671,0.0,0.0,0.003682083896865671,0.0,0.0,0.003682083896865671,1.0,0.9963179161031344,1.0,0.0,0.0,0.003682083896865671
m1_H,1,H,0.0,True,S4,half_noise,stress,1000,True,0.0,0.0,0,0,1000,0,0,,,0.0,0.0,0.003682083896865671,0.0,0.0,0.003682083896865671,0.0,0.0,0.003682083896865671,1.0,0.9963179161031344,1.0,0.0,0.0,0.003682083896865671
m1_H,1,H,0.0,True,S1,double_noise,stress,1000,True,558.0,560.0,9,41,522,428,21,21.0,21.0,0.558,0.5265866448912515,0.5890709382229895,0.009,0.004123395660342473,0.017015783069894617,0.041,0.029580168534036114,0.055212459315299285,0.522,0.4905141770463021,0.5533559562375333,0.428,0.39708389771350927,0.45934120414461477
m1_H,1,H,0.0,True,S3,double_noise,stress,1000,True,853.0,859.0,13,39,152,796,39,16.0,21.0,0.853,0.8295159201209109,0.8743827888664885,0.013,0.006939617502851475,0.022127803636778482,0.039,0.027877148795336416,0.052930935785445075,0.152,0.13029825032498196,0.17577246873311264,0.796,0.7696691682398447,0.8205749456359209
m1_H,1,H,0.0,True,S4,double_noise,stress,1000,True,995.0,995.0,0,9,7,984,9,16.0,,0.995,0.9883705294401879,0.9983745804824372,0.0,0.0,0.003682083896865671,0.009,0.004123395660342473,0.017015783069894617,0.007,0.002818858759620524,0.014369194978918611,0.984,0.9741467509186266,0.9908276807307779
m1_H,1,H,0.0,True,S1,strong_correlation,stress,1000,True,539.0,549.0,17,41,549,393,35,16.0,16.0,0.539,0.5075282369182008,0.5702415349408811,0.017,0.009933512592716534,0.027079496864851435,0.041,0.029580168534036114,0.055212459315299285,0.549,0.5175533349524326,0.5801573934646367,0.393,0.362581243010654,0.42405067664891793
m1_H,1,H,0.0,True,S3,strong_correlation,stress,1000,True,865.0,875.0,13,49,156,782,42,16.0,16.0,0.865,0.8422440844487806,0.8855809495734869,0.013,0.006939617502851475,0.022127803636778482,0.049,0.03646705917204782,0.06426605314016964,0.156,0.13404912388910878,0.1799971849889863,0.782,0.7550982005417548,0.8072299765403573
m1_H,1,H,0.0,True,S4,strong_correlation,stress,1000,True,666.0,666.0,0,28,394,578,15,16.0,,0.666,0.6358119134360835,0.6952069925690265,0.0,0.0,0.003682083896865671,0.028,0.018684686195537568,0.04021488737384334,0.394,0.36356480972723054,0.42506119827106315,0.578,0.5466973532815693,0.6088421020852304
m1_H,1,H,0.0,True,S1,drifting_bias,stress,1000,True,460.0,466.0,19,4,770,207,8,21.0,21.0,0.46,0.4287663165026693,0.49146981569778714,0.019,0.011477036993100945,0.029512401625097755,0.004,0.0010909079877259714,0.010209664683929856,0.77,0.74264308249677,0.7957569815143822,0.207,0.1822809028573464,0.2334569503692595
m1_H,1,H,0.0,True,S3,drifting_bias,stress,1000,True,925.0,935.0,13,27,86,874,27,16.0,16.0,0.925,0.9068915530385009,0.9405538717887368,0.013,0.006939617502851475,0.022127803636778482,0.027,0.01786690592524969,0.03904174680597018,0.086,0.06936253057241366,0.10512026843432662,0.874,0.8518262835289733,0.8939431677375203
m1_H,1,H,0.0,True,S4,drifting_bias,stress,1000,True,937.0,937.0,0,31,85,884,21,16.0,,0.937,0.9201119581266455,0.9512530724434194,0.0,0.0,0.003682083896865671,0.031,0.021158171970208632,0.04371508500623898,0.085,0.06845727877099017,0.10403198577837726,0.884,0.8625132494504362,0.9031940447302415
m1_H,1,H,0.0,True,S1,gain_error,stress,1000,True,555.0,560.0,12,12,709,267,14,16.0,16.0,0.555,0.5235744093479413,0.5861008895957156,0.012,0.006215525559595244,0.020867679591036435,0.012,0.006215525559595244,0.020867679591036435,0.709,0.6797609561045029,0.7370027823142384,0.267,0.23979995120688538,0.29557910341140164
m1_H,1,H,0.0,True,S3,gain_error,stress,1000,True,910.0,911.0,2,8,132,858,6,16.0,18.5,0.91,0.8905334268616608,0.9270095335433771,0.002,0.00024230111687723185,0.007205838911457516,0.008,0.003459976165329311,0.015702049176074654,0.132,0.11162801297279534,0.1545654466084539,0.858,0.8348129616464028,0.8790551042902568
m1_H,1,H,0.0,True,S4,gain_error,stress,1000,True,889.0,889.0,0,11,158,831,8,16.0,,0.889,0.8678739382413079,0.907802092795809,0.0,0.0,0.003682083896865671,0.011,0.005503594192313587,0.01959662822201655,0.158,0.13592651618496482,0.1821076024878585,0.831,0.8063072536435564,0.8537255113063816
m1_C_offgrid_d035,1,C,0.035,False,S1,heldout_parameters,evaluation,1000,True,25.0,25.0,1,5,974,20,1,21.0,21.0,0.025,0.01624253569688223,0.036684823051923054,0.001,2.531748749129404e-05,0.005558924279826698,0.005,0.00162541951756276,0.01162947055981214,0.974,0.9621348775210785,0.9829472136543705,0.02,0.012258267972406329,0.030720032682609023
m1_C_offgrid_d035,1,C,0.035,False,S3,heldout_parameters,evaluation,1000,True,55.0,55.0,4,16,941,39,4,21.0,21.0,0.055,0.04169879507953599,0.07099151554205749,0.004,0.0010909079877259714,0.010209664683929856,0.016,0.009172319269222079,0.02585324908137344,0.941,0.9245509269157592,0.9547866455972034,0.039,0.027877148795336416,0.052930935785445075
m1_C_offgrid_d035,1,C,0.035,False,S4,heldout_parameters,evaluation,1000,True,21.0,31.0,328,1,651,20,47,21.0,21.0,0.021,0.013045192290387683,0.031922335180415505,0.328,0.2989440008425646,0.35807265577063513,0.001,2.531748749129404e-05,0.005558924279826698,0.651,0.6205463608539477,0.6805614022670321,0.02,0.012258267972406329,0.030720032682609023
m1_C_offgrid_d035,1,C,0.035,True,S1,heldout_parameters,evaluation,1000,True,20.0,24.0,49,3,933,15,21,21.0,21.0,0.02,0.012258267972406329,0.030720032682609023,0.049,0.03646705917204782,0.06426605314016964,0.003,0.0006190999316495713,0.008742023238478308,0.933,0.9156899628975586,0.9477021635999548,0.015,0.008419049750034378,0.02461970009704124
m1_C_offgrid_d035,1,C,0.035,True,S3,heldout_parameters,evaluation,1000,True,47.0,52.0,26,18,928,28,8,21.0,21.0,0.047,0.03473506226679595,0.06201263069330516,0.026,0.017052786345629425,0.037865122478921515,0.018,0.010701947929414703,0.028299041249019146,0.928,0.9101842508246492,0.9432413124454383,0.028,0.018684686195537568,0.04021488737384334
m1_C_offgrid_d035,1,C,0.035,True,S4,heldout_parameters,evaluation,1000,True,18.0,29.0,489,2,493,16,83,21.0,21.0,0.018,0.010701947929414703,0.028299041249019146,0.489,0.45758912080843644,0.5204758115790997,0.002,0.00024230111687723185,0.007205838911457516,0.493,0.46157286275404347,0.5244684577338623,0.016,0.009172319269222079,0.02585324908137344
m1_C_offgrid_d075,1,C,0.075,False,S1,heldout_parameters,evaluation,1000,True,29.0,29.0,0,6,971,23,2,21.0,,0.029,0.01950593732438462,0.041384719116401895,0.0,0.0,0.003682083896865671,0.006,0.0022049824851513773,0.013013423270974454,0.971,0.9586152808835982,0.9804940626756153,0.023,0.014634582325176759,0.03431233761285442
m1_C_offgrid_d075,1,C,0.075,False,S3,heldout_parameters,evaluation,1000,True,41.0,41.0,11,8,948,33,4,21.0,21.0,0.041,0.029580168534036114,0.055212459315299285,0.011,0.005503594192313587,0.01959662822201655,0.008,0.003459976165329311,0.015702049176074654,0.948,0.9323649859494927,0.9609234650560194,0.033,0.02282238334945957,0.0460339818170232
m1_C_offgrid_d075,1,C,0.075,False,S4,heldout_parameters,evaluation,1000,True,0.0,31.0,997,0,3,0,920,16.0,16.0,0.0,0.0,0.003682083896865671,0.997,0.9912579767615217,0.9993809000683505,0.0,0.0,0.003682083896865671,0.003,0.0006190999316495713,0.008742023238478308,0.0,0.0,0.003682083896865671
m1_C_offgrid_d075,1,C,0.075,True,S1,heldout_parameters,evaluation,1000,True,29.0,30.0,144,11,833,12,14,21.0,21.0,0.029,0.01950593732438462,0.041384719116401895,0.144,0.12281275110751592,0.16730691681579116,0.011,0.005503594192313587,0.01959662822201655,0.833,0.8084109298236908,0.8556096938052533,0.012,0.006215525559595244,0.020867679591036435
m1_C_offgrid_d075,1,C,0.075,True,S3,heldout_parameters,evaluation,1000,True,34.0,39.0,178,12,788,22,17,21.0,21.0,0.034,0.02365864810759675,0.047189438615707534,0.178,0.15476764229594314,0.20314505318223772,0.012,0.006215525559595244,0.020867679591036435,0.788,0.7613374671308145,0.8129547104495867,0.022,0.013837414172073851,0.03311966451498781
m1_C_offgrid_d075,1,C,0.075,True,S4,heldout_parameters,evaluation,1000,True,0.0,31.0,999,0,1,0,974,16.0,16.0,0.0,0.0,0.003682083896865671,0.999,0.9944410757201733,0.9999746825125088,0.0,0.0,0.003682083896865671,0.001,2.531748749129404e-05,0.005558924279826698,0.0,0.0,0.003682083896865671
m1_M_offgrid_d035,1,M,0.035,False,S1,heldout_parameters,evaluation,1000,True,143.0,185.0,355,73,502,70,158,21.0,21.0,0.143,0.12187864287589154,0.1662471565967218,0.355,0.3253058888980285,0.38555082323570605,0.073,0.057653625227932596,0.09091417539450124,0.502,0.47054351735400185,0.5334446768141504,0.07,0.05497152491916994,0.08761623348928463
m1_M_offgrid_d035,1,M,0.035,False,S3,heldout_parameters,evaluation,1000,True,36.0,114.0,964,5,0,31,727,16.0,16.0,0.036,0.02533891492983775,0.04949291171801233,0.964,0.9505070882819877,0.9746610850701622,0.005,0.00162541951756276,0.01162947055981214,0.0,0.0,0.003682083896865671,0.031,0.021158171970208632,0.04371508500623898
m1_M_offgrid_d035,1,M,0.035,False,S4,heldout_parameters,evaluation,1000,True,24.0,89.0,976,0,0,24,595,16.0,16.0,0.024,0.01543638323350848,0.035500638531359305,0.976,0.9644993614686407,0.9845636167664915,0.0,0.0,0.003682083896865671,0.0,0.0,0.003682083896865671,0.024,0.01543638323350848,0.035500638531359305
m1_M_offgrid_d035,1,M,0.035,True,S1,heldout_parameters,evaluation,1000,True,155.0,341.0,845,0,0,155,845,16.0,16.0,0.155,0.13311091275596745,0.17894149488665506,0.845,0.8210585051133449,0.8668890872440326,0.0,0.0,0.003682083896865671,0.0,0.0,0.003682083896865671,0.155,0.13311091275596745,0.17894149488665506
m1_M_offgrid_d035,1,M,0.035,True,S3,heldout_parameters,evaluation,1000,True,30.0,160.0,970,0,0,30,970,16.0,16.0,0.03,0.020330485683109627,0.042551402470029004,0.97,0.957448597529971,0.9796695143168904,0.0,0.0,0.003682083896865671,0.0,0.0,0.003682083896865671,0.03,0.020330485683109627,0.042551402470029004
m1_M_offgrid_d035,1,M,0.035,True,S4,heldout_parameters,evaluation,1000,True,14.0,112.0,986,0,0,14,986,16.0,16.0,0.014,0.007674501565020781,0.023378156010314545,0.986,0.9766218439896854,0.9923254984349792,0.0,0.0,0.003682083896865671,0.0,0.0,0.003682083896865671,0.014,0.007674501565020781,0.023378156010314545
m1_M_offgrid_d075,1,M,0.075,False,S1,heldout_parameters,evaluation,1000,True,54.0,63.0,70,33,876,21,53,16.0,18.5,0.054,0.0408233511256307,0.06987400557706731,0.07,0.05497152491916994,0.08761623348928463,0.033,0.02282238334945957,0.0460339818170232,0.876,0.8539601750294528,0.8957968808047537,0.021,0.013045192290387683,0.031922335180415505
m1_M_offgrid_d075,1,M,0.075,False,S3,heldout_parameters,evaluation,1000,True,14.0,53.0,984,0,2,14,761,16.0,16.0,0.014,0.007674501565020781,0.023378156010314545,0.984,0.9741467509186266,0.9908276807307779,0.0,0.0,0.003682083896865671,0.002,0.00024230111687723185,0.007205838911457516,0.014,0.007674501565020781,0.023378156010314545
m1_M_offgrid_d075,1,M,0.075,False,S4,heldout_parameters,evaluation,1000,True,4.0,37.0,996,0,0,4,949,16.0,16.0,0.004,0.0010909079877259714,0.010209664683929856,0.996,0.9897903353160702,0.9989090920122741,0.0,0.0,0.003682083896865671,0.0,0.0,0.003682083896865671,0.004,0.0010909079877259714,0.010209664683929856
m1_M_offgrid_d075,1,M,0.075,True,S1,heldout_parameters,evaluation,1000,True,25.0,69.0,975,0,0,25,975,16.0,16.0,0.025,0.01624253569688223,0.036684823051923054,0.975,0.9633151769480769,0.9837574643031177,0.0,0.0,0.003682083896865671,0.0,0.0,0.003682083896865671,0.025,0.01624253569688223,0.036684823051923054
m1_M_offgrid_d075,1,M,0.075,True,S3,heldout_parameters,evaluation,1000,True,8.0,53.0,992,0,0,8,992,16.0,16.0,0.008,0.003459976165329311,0.015702049176074654,0.992,0.9842979508239253,0.9965400238346707,0.0,0.0,0.003682083896865671,0.0,0.0,0.003682083896865671,0.008,0.003459976165329311,0.015702049176074654
m1_M_offgrid_d075,1,M,0.075,True,S4,heldout_parameters,evaluation,1000,True,4.0,36.0,996,0,0,4,996,16.0,16.0,0.004,0.0010909079877259714,0.010209664683929856,0.996,0.9897903353160702,0.9989090920122741,0.0,0.0,0.003682083896865671,0.0,0.0,0.003682083896865671,0.004,0.0010909079877259714,0.010209664683929856
m1_F_offgrid_d035,1,F,0.035,False,S1,heldout_parameters,evaluation,1000,True,40.0,41.0,3,14,958,25,5,21.0,21.0,0.04,0.028727625285890793,0.05407269681936848,0.003,0.0006190999316495713,0.008742023238478308,0.014,0.007674501565020781,0.023378156010314545,0.958,0.9436497084242552,0.96956529373686,0.025,0.01624253569688223,0.036684823051923054
m1_F_offgrid_d035,1,F,0.035,False,S3,heldout_parameters,evaluation,1000,True,27.0,42.0,271,4,705,20,55,21.0,21.0,0.027,0.01786690592524969,0.03904174680597018,0.271,0.2436592375656174,0.29969599551450626,0.004,0.0010909079877259714,0.010209664683929856,0.705,0.675660382207399,0.7331271256880654,0.02,0.012258267972406329,0.030720032682609023
m1_F_offgrid_d035,1,F,0.035,False,S4,heldout_parameters,evaluation,1000,True,18.0,29.0,566,1,416,17,82,21.0,21.0,0.018,0.010701947929414703,0.028299041249019146,0.566,0.5346248299199676,0.5969855070215274,0.001,2.531748749129404e-05,0.005558924279826698,0.416,0.385236519184679,0.44725947256989557,0.017,0.009933512592716534,0.027079496864851435
m1_F_offgrid_d035,1,F,0.035,True,S1,heldout_parameters,evaluation,1000,True,33.0,42.0,84,5,896,15,39,21.0,21.0,0.033,0.02282238334945957,0.0460339818170232,0.084,0.0675527419705832,0.10294299899173501,0.005,0.00162541951756276,0.01162947055981214,0.896,0.8753998434301015,0.9142321773743625,0.015,0.008419049750034378,0.02461970009704124
m1_F_offgrid_d035,1,F,0.035,True,S3,heldout_parameters,evaluation,1000,True,21.0,37.0,460,2,521,17,111,21.0,21.0,0.021,0.013045192290387683,0.031922335180415505,0.46,0.4287663165026693,0.49146981569778714,0.002,0.00024230111687723185,0.007205838911457516,0.521,0.4895144677688219,0.5523615687672607,0.017,0.009933512592716534,0.027079496864851435
m1_F_offgrid_d035,1,F,0.035,True,S4,heldout_parameters,evaluation,1000,True,10.0,30.0,800,1,190,9,186,21.0,21.0,0.01,0.004805510691049308,0.018313243055112515,0.8,0.7738406271786294,0.8243794251691577,0.001,2.531748749129404e-05,0.005558924279826698,0.19,0.1661265075387875,0.2157136888516337,0.009,0.004123395660342473,0.017015783069894617
m1_F_offgrid_d075,1,F,0.075,False,S1,heldout_parameters,evaluation,1000,True,40.0,43.0,4,14,957,25,6,21.0,16.0,0.04,0.028727625285890793,0.05407269681936848,0.004,0.0010909079877259714,0.010209664683929856,0.014,0.007674501565020781,0.023378156010314545,0.957,0.9425137420380276,0.9687088295439074,0.025,0.01624253569688223,0.036684823051923054
m1_F_offgrid_d075,1,F,0.075,False,S3,heldout_parameters,evaluation,1000,True,24.0,37.0,546,4,431,19,155,21.0,21.0,0.024,0.01543638323350848,0.035500638531359305,0.546,0.5145444918666211,0.577183950279601,0.004,0.0010909079877259714,0.010209664683929856,0.431,0.40004862242458333,0.4623587595596085,0.019,0.011477036993100945,0.029512401625097755
m1_F_offgrid_d075,1,F,0.075,False,S4,heldout_parameters,evaluation,1000,True,5.0,36.0,990,0,5,5,813,16.0,16.0,0.005,0.00162541951756276,0.01162947055981214,0.99,0.9816867569448875,0.9951944893089507,0.0,0.0,0.003682083896865671,0.005,0.00162541951756276,0.01162947055981214,0.005,0.00162541951756276,0.01162947055981214
m1_F_offgrid_d075,1,F,0.075,True,S1,heldout_parameters,evaluation,1000,True,35.0,42.0,411,16,558,15,215,16.0,16.0,0.035,0.02449752789475872,0.04834238161422173,0.411,0.38030558695412026,0.44221994766286565,0.016,0.009172319269222079,0.02585324908137344,0.558,0.5265866448912515,0.5890709382229895,0.015,0.008419049750034378,0.02461970009704124
m1_F_offgrid_d075,1,F,0.075,True,S3,heldout_parameters,evaluation,1000,True,18.0,35.0,843,4,140,13,435,16.0,16.0,0.018,0.010701947929414703,0.028299041249019146,0.843,0.8189474466392858,0.8650123407930691,0.004,0.0010909079877259714,0.010209664683929856,0.14,0.1190784973813558,0.16306571520095467,0.013,0.006939617502851475,0.022127803636778482
m1_F_offgrid_d075,1,F,0.075,True,S4,heldout_parameters,evaluation,1000,True,2.0,37.0,998,0,0,2,962,16.0,16.0,0.002,0.00024230111687723185,0.007205838911457516,0.998,0.9927941610885425,0.9997576988831227,0.0,0.0,0.003682083896865671,0.0,0.0,0.003682083896865671,0.002,0.00024230111687723185,0.007205838911457516
m1_S_offgrid_d035,1,S,0.035,False,S1,heldout_parameters,evaluation,1000,True,22.0,24.0,7,4,974,15,5,21.0,21.0,0.022,0.013837414172073851,0.03311966451498781,0.007,0.002818858759620524,0.014369194978918611,0.004,0.0010909079877259714,0.010209664683929856,0.974,0.9621348775210785,0.9829472136543705,0.015,0.008419049750034378,0.02461970009704124
m1_S_offgrid_d035,1,S,0.035,False,S3,heldout_parameters,evaluation,1000,True,32.0,33.0,12,5,959,24,2,21.0,21.0,0.032,0.02198884960564242,0.04487590283500927,0.012,0.006215525559595244,0.020867679591036435,0.005,0.00162541951756276,0.01162947055981214,0.959,0.9447875406847007,0.9704198314659639,0.024,0.01543638323350848,0.035500638531359305
m1_S_offgrid_d035,1,S,0.035,False,S4,heldout_parameters,evaluation,1000,True,23.0,31.0,159,1,818,22,14,21.0,21.0,0.023,0.014634582325176759,0.03431233761285442,0.159,0.13686569233853216,0.18316233481747668,0.001,2.531748749129404e-05,0.005558924279826698,0.818,0.7926611505098349,0.841450346688562,0.022,0.013837414172073851,0.03311966451498781
m1_S_offgrid_d035,1,S,0.035,True,S1,heldout_parameters,evaluation,1000,True,24.0,24.0,1,14,980,5,4,21.0,21.0,0.024,0.01543638323350848,0.035500638531359305,0.001,2.531748749129404e-05,0.005558924279826698,0.014,0.007674501565020781,0.023378156010314545,0.98,0.969279967317391,0.9877417320275936,0.005,0.00162541951756276,0.01162947055981214
m1_S_offgrid_d035,1,S,0.035,True,S3,heldout_parameters,evaluation,1000,True,32.0,33.0,21,7,952,20,6,21.0,21.0,0.032,0.02198884960564242,0.04487590283500927,0.021,0.013045192290387683,0.031922335180415505,0.007,0.002818858759620524,0.014369194978918611,0.952,0.9368598845984908,0.9643997346571167,0.02,0.012258267972406329,0.030720032682609023
m1_S_offgrid_d035,1,S,0.035,True,S4,heldout_parameters,evaluation,1000,True,28.0,31.0,59,2,913,26,6,21.0,21.0,0.028,0.018684686195537568,0.04021488737384334,0.059,0.045213354402796606,0.07544907308424077,0.002,0.00024230111687723185,0.007205838911457516,0.913,0.8937921420429789,0.9297315139286214,0.026,0.017052786345629425,0.037865122478921515
m1_S_offgrid_d075,1,S,0.075,False,S1,heldout_parameters,evaluation,1000,True,19.0,21.0,6,4,977,13,2,21.0,21.0,0.019,0.011477036993100945,0.029512401625097755,0.006,0.0022049824851513773,0.013013423270974454,0.004,0.0010909079877259714,0.010209664683929856,0.977,0.9656876623871455,0.9853654176748232,0.013,0.006939617502851475,0.022127803636778482
m1_S_offgrid_d075,1,S,0.075,False,S3,heldout_parameters,evaluation,1000,True,39.0,41.0,27,4,937,32,3,21.0,21.0,0.039,0.027877148795336416,0.052930935785445075,0.027,0.01786690592524969,0.03904174680597018,0.004,0.0010909079877259714,0.010209664683929856,0.937,0.9201119581266455,0.9512530724434194,0.032,0.02198884960564242,0.04487590283500927
m1_S_offgrid_d075,1,S,0.075,False,S4,heldout_parameters,evaluation,1000,True,27.0,42.0,660,1,313,26,32,21.0,21.0,0.027,0.01786690592524969,0.03904174680597018,0.66,0.6297017794976724,0.6893526774990284,0.001,2.531748749129404e-05,0.005558924279826698,0.313,0.2843452029487085,0.34276041575003163,0.026,0.017052786345629425,0.037865122478921515
m1_S_offgrid_d075,1,S,0.075,True,S1,heldout_parameters,evaluation,1000,True,21.0,21.0,8,15,971,6,2,21.0,21.0,0.021,0.013045192290387683,0.031922335180415505,0.008,0.003459976165329311,0.015702049176074654,0.015,0.008419049750034378,0.02461970009704124,0.971,0.9586152808835982,0.9804940626756153,0.006,0.0022049824851513773,0.013013423270974454
m1_S_offgrid_d075,1,S,0.075,True,S3,heldout_parameters,evaluation,1000,True,37.0,41.0,99,9,864,28,23,21.0,21.0,0.037,0.026182708843737332,0.05064112305992494,0.099,0.08119112894696874,0.11920848268620649,0.009,0.004123395660342473,0.017015783069894617,0.864,0.8411813690859783,0.8846498223761183,0.028,0.018684686195537568,0.04021488737384334
m1_S_offgrid_d075,1,S,0.075,True,S4,heldout_parameters,evaluation,1000,True,13.0,42.0,807,0,180,13,493,16.0,16.0,0.013,0.006939617502851475,0.022127803636778482,0.807,0.7811499964179454,0.8310278967302052,0.0,0.0,0.003682083896865671,0.18,0.15665810167101396,0.2052424940277866,0.013,0.006939617502851475,0.022127803636778482
m1_C_kinetic,1,C,0.05,False,S1,kinetic_mismatch,evaluation,1000,True,1000.0,1000.0,0,0,0,1000,0,,,1.0,0.9963179161031344,1.0,0.0,0.0,0.003682083896865671,0.0,0.0,0.003682083896865671,0.0,0.0,0.003682083896865671,1.0,0.9963179161031344,1.0
m1_C_kinetic,1,C,0.05,False,S3,kinetic_mismatch,evaluation,1000,True,1000.0,1000.0,0,0,0,1000,0,,,1.0,0.9963179161031344,1.0,0.0,0.0,0.003682083896865671,0.0,0.0,0.003682083896865671,0.0,0.0,0.003682083896865671,1.0,0.9963179161031344,1.0
m1_C_kinetic,1,C,0.05,False,S4,kinetic_mismatch,evaluation,1000,True,1000.0,1000.0,0,0,0,1000,0,,,1.0,0.9963179161031344,1.0,0.0,0.0,0.003682083896865671,0.0,0.0,0.003682083896865671,0.0,0.0,0.003682083896865671,1.0,0.9963179161031344,1.0
m1_C_kinetic,1,C,0.05,True,S1,kinetic_mismatch,evaluation,1000,True,1000.0,1000.0,0,0,0,1000,0,,,1.0,0.9963179161031344,1.0,0.0,0.0,0.003682083896865671,0.0,0.0,0.003682083896865671,0.0,0.0,0.003682083896865671,1.0,0.9963179161031344,1.0
m1_C_kinetic,1,C,0.05,True,S3,kinetic_mismatch,evaluation,1000,True,1000.0,1000.0,0,0,0,1000,0,,,1.0,0.9963179161031344,1.0,0.0,0.0,0.003682083896865671,0.0,0.0,0.003682083896865671,0.0,0.0,0.003682083896865671,1.0,0.9963179161031344,1.0
m1_C_kinetic,1,C,0.05,True,S4,kinetic_mismatch,evaluation,1000,True,1000.0,1000.0,0,0,0,1000,0,,,1.0,0.9963179161031344,1.0,0.0,0.0,0.003682083896865671,0.0,0.0,0.003682083896865671,0.0,0.0,0.003682083896865671,1.0,0.9963179161031344,1.0
m1_C_fast,1,C,0.05,False,S1,faster_deterioration,evaluation,1000,True,43.0,44.0,62,2,912,24,2,21.0,21.0,0.043,0.0312911704560926,0.057486257961972334,0.062,0.0478618481133612,0.0787799496610325,0.002,0.00024230111687723185,0.007205838911457516,0.912,0.8927052349649914,0.9288248657147136,0.024,0.01543638323350848,0.035500638531359305
m1_C_fast,1,C,0.05,False,S3,faster_deterioration,evaluation,1000,True,44.0,44.0,34,22,923,21,7,21.0,21.0,0.044,0.032149497010871435,0.05862041920633091,0.034,0.02365864810759675,0.047189438615707534,0.022,0.013837414172073851,0.03311966451498781,0.923,0.9047006190217404,0.938757972216451,0.021,0.013045192290387683,0.031922335180415505
m1_C_fast,1,C,0.05,False,S4,faster_deterioration,evaluation,1000,True,11.0,27.0,811,1,178,10,270,21.0,21.0,0.011,0.005503594192313587,0.01959662822201655,0.811,0.7853322572510838,0.8348215135328766,0.001,2.531748749129404e-05,0.005558924279826698,0.178,0.15476764229594314,0.20314505318223772,0.01,0.004805510691049308,0.018313243055112515
m1_C_fast,1,C,0.05,True,S1,faster_deterioration,evaluation,1000,True,51.0,51.0,3,29,961,7,14,21.0,21.0,0.051,0.03820523677468615,0.06651346159493483,0.003,0.0006190999316495713,0.008742023238478308,0.029,0.01950593732438462,0.041384719116401895,0.961,0.947069064214555,0.9721228512046636,0.007,0.002818858759620524,0.014369194978918611
m1_C_fast,1,C,0.05,True,S3,faster_deterioration,evaluation,1000,True,42.0,43.0,39,16,922,23,6,21.0,21.0,0.042,0.030434706263140023,0.05635029157574473,0.039,0.027877148795336416,0.052930935785445075,0.016,0.009172319269222079,0.02585324908137344,0.922,0.903606366597417,0.937858786867286,0.023,0.014634582325176759,0.03431233761285442
m1_C_fast,1,C,0.05,True,S4,faster_deterioration,evaluation,1000,True,7.0,26.0,930,0,63,7,426,21.0,21.0,0.007,0.002818858759620524,0.014369194978918611,0.93,0.9123837665107154,0.9450284750808301,0.0,0.0,0.003682083896865671,0.063,0.04874692755658055,0.0798880418733545,0.007,0.002818858759620524,0.014369194978918611
m1_M_kinetic,1,M,0.05,False,S1,kinetic_mismatch,evaluation,1000,True,1000.0,1000.0,0,0,0,1000,0,,,1.0,0.9963179161031344,1.0,0.0,0.0,0.003682083896865671,0.0,0.0,0.003682083896865671,0.0,0.0,0.003682083896865671,1.0,0.9963179161031344,1.0
m1_M_kinetic,1,M,0.05,False,S3,kinetic_mismatch,evaluation,1000,True,1000.0,1000.0,0,0,0,1000,0,,,1.0,0.9963179161031344,1.0,0.0,0.0,0.003682083896865671,0.0,0.0,0.003682083896865671,0.0,0.0,0.003682083896865671,1.0,0.9963179161031344,1.0
m1_M_kinetic,1,M,0.05,False,S4,kinetic_mismatch,evaluation,1000,True,1000.0,1000.0,0,0,0,1000,0,,,1.0,0.9963179161031344,1.0,0.0,0.0,0.003682083896865671,0.0,0.0,0.003682083896865671,0.0,0.0,0.003682083896865671,1.0,0.9963179161031344,1.0
m1_M_kinetic,1,M,0.05,True,S1,kinetic_mismatch,evaluation,1000,True,1000.0,1000.0,0,0,0,1000,0,,,1.0,0.9963179161031344,1.0,0.0,0.0,0.003682083896865671,0.0,0.0,0.003682083896865671,0.0,0.0,0.003682083896865671,1.0,0.9963179161031344,1.0
m1_M_kinetic,1,M,0.05,True,S3,kinetic_mismatch,evaluation,1000,True,1000.0,1000.0,0,0,0,1000,0,,,1.0,0.9963179161031344,1.0,0.0,0.0,0.003682083896865671,0.0,0.0,0.003682083896865671,0.0,0.0,0.003682083896865671,1.0,0.9963179161031344,1.0
m1_M_kinetic,1,M,0.05,True,S4,kinetic_mismatch,evaluation,1000,True,1000.0,1000.0,0,0,0,1000,0,,,1.0,0.9963179161031344,1.0,0.0,0.0,0.003682083896865671,0.0,0.0,0.003682083896865671,0.0,0.0,0.003682083896865671,1.0,0.9963179161031344,1.0
m1_M_fast,1,M,0.05,False,S1,faster_deterioration,evaluation,1000,True,5.0,34.0,995,0,0,5,995,16.0,16.0,0.005,0.00162541951756276,0.01162947055981214,0.995,0.9883705294401879,0.9983745804824372,0.0,0.0,0.003682083896865671,0.0,0.0,0.003682083896865671,0.005,0.00162541951756276,0.01162947055981214
m1_M_fast,1,M,0.05,False,S3,faster_deterioration,evaluation,1000,True,5.0,35.0,995,0,0,5,995,16.0,16.0,0.005,0.00162541951756276,0.01162947055981214,0.995,0.9883705294401879,0.9983745804824372,0.0,0.0,0.003682083896865671,0.0,0.0,0.003682083896865671,0.005,0.00162541951756276,0.01162947055981214
m1_M_fast,1,M,0.05,False,S4,faster_deterioration,evaluation,1000,True,1.0,37.0,999,0,0,1,999,16.0,16.0,0.001,2.531748749129404e-05,0.005558924279826698,0.999,0.9944410757201733,0.9999746825125088,0.0,0.0,0.003682083896865671,0.0,0.0,0.003682083896865671,0.001,2.531748749129404e-05,0.005558924279826698
m1_M_fast,1,M,0.05,True,S1,faster_deterioration,evaluation,1000,True,5.0,43.0,995,0,0,5,995,16.0,16.0,0.005,0.00162541951756276,0.01162947055981214,0.995,0.9883705294401879,0.9983745804824372,0.0,0.0,0.003682083896865671,0.0,0.0,0.003682083896865671,0.005,0.00162541951756276,0.01162947055981214
m1_M_fast,1,M,0.05,True,S3,faster_deterioration,evaluation,1000,True,5.0,34.0,995,0,0,5,995,16.0,16.0,0.005,0.00162541951756276,0.01162947055981214,0.995,0.9883705294401879,0.9983745804824372,0.0,0.0,0.003682083896865671,0.0,0.0,0.003682083896865671,0.005,0.00162541951756276,0.01162947055981214
m1_M_fast,1,M,0.05,True,S4,faster_deterioration,evaluation,1000,True,1.0,34.0,999,0,0,1,999,16.0,16.0,0.001,2.531748749129404e-05,0.005558924279826698,0.999,0.9944410757201733,0.9999746825125088,0.0,0.0,0.003682083896865671,0.0,0.0,0.003682083896865671,0.001,2.531748749129404e-05,0.005558924279826698
m1_CM,1,CM,0.05,False,S1,out_of_family,evaluation,1000,False,,,0,635,0,365,626,16.0,,,,,0.0,0.0,0.003682083896865671,0.635,0.6042984488539128,0.6649040261922291,0.0,0.0,0.003682083896865671,0.365,0.3350959738077709,0.3957015511460872
m1_CM,1,CM,0.05,False,S3,out_of_family,evaluation,1000,False,,,0,685,0,315,671,16.0,,,,,0.0,0.0,0.003682083896865671,0.685,0.6551959689167959,0.713710278867603,0.0,0.0,0.003682083896865671,0.315,0.28628972113239703,0.3448040310832041
m1_CM,1,CM,0.05,False,S4,out_of_family,evaluation,1000,False,,,0,652,0,348,616,16.0,,,,,0.0,0.0,0.003682083896865671,0.652,0.6215630555184662,0.681538785852142,0.0,0.0,0.003682083896865671,0.348,0.3184612141478579,0.37843694448153375
m1_CM,1,CM,0.05,True,S1,out_of_family,evaluation,1000,False,,,0,725,4,271,708,16.0,,,,,0.0,0.0,0.003682083896865671,0.725,0.6961899225470708,0.7524786563444994,0.004,0.0010909079877259714,0.010209664683929856,0.271,0.2436592375656174,0.29969599551450626
m1_CM,1,CM,0.05,True,S3,out_of_family,evaluation,1000,False,,,0,928,0,72,926,16.0,,,,,0.0,0.0,0.003682083896865671,0.928,0.9101842508246492,0.9432413124454383,0.0,0.0,0.003682083896865671,0.072,0.05675868755456171,0.08981574917535082
m1_CM,1,CM,0.05,True,S4,out_of_family,evaluation,1000,False,,,0,905,0,95,900,16.0,,,,,0.0,0.0,0.003682083896865671,0.905,0.885115155595548,0.922459792918345,0.0,0.0,0.003682083896865671,0.095,0.07754020708165502,0.11488484440445199
m2_C_d02_r0,2,C,0.02,False,S1,covered_grid,evaluation,1000,True,32.0,33.0,1,12,969,18,4,21.0,16.0,0.032,0.02198884960564242,0.04487590283500927,0.001,2.531748749129404e-05,0.005558924279826698,0.012,0.006215525559595244,0.020867679591036435,0.969,0.956284914993761,0.9788418280297914,0.018,0.010701947929414703,0.028299041249019146
m2_C_d02_r0,2,C,0.02,False,S3,covered_grid,evaluation,1000,True,39.0,39.0,0,10,966,24,1,21.0,,0.039,0.027877148795336416,0.052930935785445075,0.0,0.0,0.003682083896865671,0.01,0.004805510691049308,0.018313243055112515,0.966,0.9528105613842924,0.9763413518924032,0.024,0.01543638323350848,0.035500638531359305
m2_C_d02_r0,2,C,0.02,False,S4,covered_grid,evaluation,1000,True,32.0,32.0,33,3,935,29,2,21.0,21.0,0.032,0.02198884960564242,0.04487590283500927,0.033,0.02282238334945957,0.0460339818170232,0.003,0.0006190999316495713,0.008742023238478308,0.935,0.917898930078629,0.949479690310382,0.029,0.01950593732438462,0.041384719116401895
m2_C_d02_r0,2,C,0.02,True,S1,covered_grid,evaluation,1000,True,46.0,46.0,0,33,956,11,19,16.0,,0.046,0.03387149854767792,0.060883552713742635,0.0,0.0,0.003682083896865671,0.033,0.02282238334945957,0.0460339818170232,0.956,0.9413795807936691,0.9678505029891286,0.011,0.005503594192313587,0.01959662822201655
m2_C_d02_r0,2,C,0.02,True,S3,covered_grid,evaluation,1000,True,33.0,33.0,5,12,963,20,4,21.0,21.0,0.033,0.02282238334945957,0.0460339818170232,0.005,0.00162541951756276,0.01162947055981214,0.012,0.006215525559595244,0.020867679591036435,0.963,0.949358876940075,0.9738172911562627,0.02,0.012258267972406329,0.030720032682609023
m2_C_d02_r0,2,C,0.02,True,S4,covered_grid,evaluation,1000,True,34.0,36.0,42,10,925,23,4,21.0,21.0,0.034,0.02365864810759675,0.047189438615707534,0.042,0.030434706263140023,0.05635029157574473,0.01,0.004805510691049308,0.018313243055112515,0.925,0.9068915530385009,0.9405538717887368,0.023,0.014634582325176759,0.03431233761285442
m2_C_d02_r1,2,C,0.02,False,S1,covered_grid,evaluation,1000,True,22.0,23.0,3,0,975,22,2,16.0,16.0,0.022,0.013837414172073851,0.03311966451498781,0.003,0.0006190999316495713,0.008742023238478308,0.0,0.0,0.003682083896865671,0.975,0.9633151769480769,0.9837574643031177,0.022,0.013837414172073851,0.03311966451498781
m2_C_d02_r1,2,C,0.02,False,S3,covered_grid,evaluation,1000,True,36.0,36.0,4,5,961,30,1,21.0,21.0,0.036,0.02533891492983775,0.04949291171801233,0.004,0.0010909079877259714,0.010209664683929856,0.005,0.00162541951756276,0.01162947055981214,0.961,0.947069064214555,0.9721228512046636,0.03,0.020330485683109627,0.042551402470029004
m2_C_d02_r1,2,C,0.02,False,S4,covered_grid,evaluation,1000,True,25.0,32.0,49,0,926,25,8,21.0,21.0,0.025,0.01624253569688223,0.036684823051923054,0.049,0.03646705917204782,0.06426605314016964,0.0,0.0,0.003682083896865671,0.926,0.9079882639857509,0.9414505557393474,0.025,0.01624253569688223,0.036684823051923054
m2_C_d02_r1,2,C,0.02,True,S1,covered_grid,evaluation,1000,True,28.0,29.0,101,10,871,18,19,21.0,21.0,0.028,0.018684686195537568,0.04021488737384334,0.101,0.08302011391180233,0.12136682351196837,0.01,0.004805510691049308,0.018313243055112515,0.871,0.8486285846850438,0.8911594287937652,0.018,0.010701947929414703,0.028299041249019146
m2_C_d02_r1,2,C,0.02,True,S3,covered_grid,evaluation,1000,True,30.0,35.0,67,6,903,24,12,21.0,21.0,0.03,0.020330485683109627,0.042551402470029004,0.067,0.05229783640004518,0.08431003710244145,0.006,0.0022049824851513773,0.013013423270974454,0.903,0.8829521560197129,0.9206355281706361,0.024,0.01543638323350848,0.035500638531359305
m2_C_d02_r1,2,C,0.02,True,S4,covered_grid,evaluation,1000,True,27.0,33.0,151,0,822,27,9,21.0,21.0,0.027,0.01786690592524969,0.03904174680597018,0.151,0.12936136200265355,0.174715466038191,0.0,0.0,0.003682083896865671,0.822,0.7968549468177623,0.8452323577040568,0.027,0.01786690592524969,0.03904174680597018
m2_C_d02_r2,2,C,0.02,False,S1,covered_grid,evaluation,1000,True,15.0,17.0,47,0,938,15,5,21.0,21.0,0.015,0.008419049750034378,0.02461970009704124,0.047,0.03473506226679595,0.06201263069330516,0.0,0.0,0.003682083896865671,0.938,0.9212200503389675,0.9521381518866388,0.015,0.008419049750034378,0.02461970009704124
m2_C_d02_r2,2,C,0.02,False,S3,covered_grid,evaluation,1000,True,34.0,34.0,30,4,936,30,2,21.0,21.0,0.034,0.02365864810759675,0.047189438615707534,0.03,0.020330485683109627,0.042551402470029004,0.004,0.0010909079877259714,0.010209664683929856,0.936,0.919004925632949,0.9503669107081509,0.03,0.020330485683109627,0.042551402470029004
m2_C_d02_r2,2,C,0.02,False,S4,covered_grid,evaluation,1000,True,24.0,33.0,91,2,885,22,12,21.0,21.0,0.024,0.01543638323350848,0.035500638531359305,0.091,0.0738991299424797,0.11055149410186922,0.002,0.00024230111687723185,0.007205838911457516,0.885,0.8635844321371672,0.9041166200267362,0.022,0.013837414172073851,0.03311966451498781
m2_C_d02_r2,2,C,0.02,True,S1,covered_grid,evaluation,1000,True,23.0,25.0,246,7,731,16,70,21.0,21.0,0.023,0.014634582325176759,0.03431233761285442,0.246,0.21958662206679855,0.2739176691815883,0.007,0.002818858759620524,0.014369194978918611,0.731,0.7023620968228451,0.7582707605480967,0.016,0.009172319269222079,0.02585324908137344
m2_C_d02_r2,2,C,0.02,True,S3,covered_grid,evaluation,1000,True,28.0,34.0,155,8,817,20,25,21.0,21.0,0.028,0.018684686195537568,0.04021488737384334,0.155,0.13311091275596745,0.17894149488665506,0.008,0.003459976165329311,0.015702049176074654,0.817,0.7916133754558675,0.8405041656691045,0.02,0.012258267972406329,0.030720032682609023
m2_C_d02_r2,2,C,0.02,True,S4,covered_grid,evaluation,1000,True,21.0,37.0,234,1,745,20,26,21.0,21.0,0.021,0.013045192290387683,0.031922335180415505,0.234,0.20807408037540975,0.26150192381556675,0.001,2.531748749129404e-05,0.005558924279826698,0.745,0.7167888393029331,0.771760579998092,0.02,0.012258267972406329,0.030720032682609023
m2_C_d05_r0,2,C,0.05,False,S1,covered_grid,evaluation,1000,True,25.0,25.0,0,7,978,15,4,16.0,,0.025,0.01624253569688223,0.036684823051923054,0.0,0.0,0.003682083896865671,0.007,0.002818858759620524,0.014369194978918611,0.978,0.9668803354850122,0.9861625858279262,0.015,0.008419049750034378,0.02461970009704124
m2_C_d05_r0,2,C,0.05,False,S3,covered_grid,evaluation,1000,True,39.0,39.0,1,8,966,25,1,21.0,21.0,0.039,0.027877148795336416,0.052930935785445075,0.001,2.531748749129404e-05,0.005558924279826698,0.008,0.003459976165329311,0.015702049176074654,0.966,0.9528105613842924,0.9763413518924032,0.025,0.01624253569688223,0.036684823051923054
m2_C_d05_r0,2,C,0.05,False,S4,covered_grid,evaluation,1000,True,22.0,41.0,337,1,642,20,101,21.0,21.0,0.022,0.013837414172073851,0.03311966451498781,0.337,0.30771950584021274,0.3672438112476699,0.001,2.531748749129404e-05,0.005558924279826698,0.642,0.6114024906519152,0.6717585560070759,0.02,0.012258267972406329,0.030720032682609023
m2_C_d05_r0,2,C,0.05,True,S1,covered_grid,evaluation,1000,True,31.0,31.0,26,16,944,14,14,21.0,21.0,0.031,0.021158171970208632,0.04371508500623898,0.026,0.017052786345629425,0.037865122478921515,0.016,0.009172319269222079,0.02585324908137344,0.944,0.9278922537167473,0.9574244503133829,0.014,0.007674501565020781,0.023378156010314545
m2_C_d05_r0,2,C,0.05,True,S3,covered_grid,evaluation,1000,True,40.0,40.0,38,10,922,30,4,21.0,21.0,0.04,0.028727625285890793,0.05407269681936848,0.038,0.027028815982983925,0.05178710362196415,0.01,0.004805510691049308,0.018313243055112515,0.922,0.903606366597417,0.937858786867286,0.03,0.020330485683109627,0.042551402470029004
m2_C_d05_r0,2,C,0.05,True,S4,covered_grid,evaluation,1000,True,22.0,46.0,545,3,433,19,176,21.0,21.0,0.022,0.013837414172073851,0.03311966451498781,0.545,0.5135417946628289,0.5761925519209224,0.003,0.0006190999316495713,0.008742023238478308,0.433,0.4020257423234141,0.4643698269410771,0.019,0.011477036993100945,0.029512401625097755
m2_C_d05_r1,2,C,0.05,False,S1,covered_grid,evaluation,1000,True,28.0,28.0,3,2,969,26,1,21.0,21.0,0.028,0.018684686195537568,0.04021488737384334,0.003,0.0006190999316495713,0.008742023238478308,0.002,0.00024230111687723185,0.007205838911457516,0.969,0.956284914993761,0.9788418280297914,0.026,0.017052786345629425,0.037865122478921515
m2_C_d05_r1,2,C,0.05,False,S3,covered_grid,evaluation,1000,True,44.0,44.0,5,6,951,38,2,21.0,21.0,0.044,0.032149497010871435,0.05862041920633091,0.005,0.00162541951756276,0.01162947055981214,0.006,0.0022049824851513773,0.013013423270974454,0.951,0.9357339468598304,0.9635329408279522,0.038,0.027028815982983925,0.05178710362196415
m2_C_d05_r1,2,C,0.05,False,S4,covered_grid,evaluation,1000,True,18.0,36.0,349,1,633,17,91,21.0,21.0,0.018,0.010701947929414703,0.028299041249019146,0.349,0.31943859773296795,0.3794536391460523,0.001,2.531748749129404e-05,0.005558924279826698,0.633,0.6022699716904012,0.6629443378664157,0.017,0.009933512592716534,0.027079496864851435
m2_C_d05_r1,2,C,0.05,False,S1,half_noise,stress,1000,True,0.0,0.0,0,0,1000,0,0,,,0.0,0.0,0.003682083896865671,0.0,0.0,0.003682083896865671,0.0,0.0,0.003682083896865671,1.0,0.9963179161031344,1.0,0.0,0.0,0.003682083896865671
m2_C_d05_r1,2,C,0.05,False,S3,half_noise,stress,1000,True,0.0,0.0,0,0,1000,0,0,,,0.0,0.0,0.003682083896865671,0.0,0.0,0.003682083896865671,0.0,0.0,0.003682083896865671,1.0,0.9963179161031344,1.0,0.0,0.0,0.003682083896865671
m2_C_d05_r1,2,C,0.05,False,S4,half_noise,stress,1000,True,0.0,0.0,2,0,998,0,0,21.0,21.0,0.0,0.0,0.003682083896865671,0.002,0.00024230111687723185,0.007205838911457516,0.0,0.0,0.003682083896865671,0.998,0.9927941610885425,0.9997576988831227,0.0,0.0,0.003682083896865671
m2_C_d05_r1,2,C,0.05,False,S1,double_noise,stress,1000,True,381.0,385.0,30,24,589,357,18,21.0,21.0,0.381,0.35078884853297654,0.41191402530041954,0.03,0.020330485683109627,0.042551402470029004,0.024,0.01543638323350848,0.035500638531359305,0.589,0.5577800523371343,0.6196944130458797,0.357,0.3272627849014865,0.38758208777896025
m2_C_d05_r1,2,C,0.05,False,S3,double_noise,stress,1000,True,868.0,874.0,10,30,125,835,19,21.0,16.0,0.868,0.8454345533915462,0.8883719870272047,0.01,0.004805510691049308,0.018313243055112515,0.03,0.020330485683109627,0.042551402470029004,0.125,0.10512976155459254,0.1471069827787711,0.835,0.810515791620291,0.8574926823944774
m2_C_d05_r1,2,C,0.05,False,S4,double_noise,stress,1000,True,912.0,993.0,87,2,1,910,85,16.0,16.0,0.912,0.8927052349649914,0.9288248657147136,0.087,0.07026848607137859,0.1062078579570212,0.002,0.00024230111687723185,0.007205838911457516,0.001,2.531748749129404e-05,0.005558924279826698,0.91,0.8905334268616608,0.9270095335433771
m2_C_d05_r1,2,C,0.05,False,S1,strong_correlation,stress,1000,True,338.0,340.0,29,24,635,312,17,21.0,21.0,0.338,0.3086952986820943,0.36826209340139443,0.029,0.01950593732438462,0.041384719116401895,0.024,0.01543638323350848,0.035500638531359305,0.635,0.6042984488539128,0.6649040261922291,0.312,0.2833731763872893,0.34173837614456914
m2_C_d05_r1,2,C,0.05,False,S3,strong_correlation,stress,1000,True,844.0,845.0,11,42,146,801,26,21.0,21.0,0.844,0.8200028150110137,0.8659508761108912,0.011,0.005503594192313587,0.01959662822201655,0.042,0.030434706263140023,0.05635029157574473,0.146,0.12468203828937678,0.16942537545385403,0.801,0.7748840900369927,0.8253299436678188
m2_C_d05_r1,2,C,0.05,False,S4,strong_correlation,stress,1000,True,375.0,581.0,479,9,149,363,272,16.0,16.0,0.375,0.34489992212129816,0.405838439381056,0.479,0.4476384312327393,0.5104855322311781,0.009,0.004123395660342473,0.017015783069894617,0.149,0.12748860044831303,0.1726004535808253,0.363,0.33313683993801807,0.3936725204750731
m2_C_d05_r1,2,C,0.05,False,S1,drifting_bias,stress,1000,True,28.0,28.0,12,11,960,17,1,21.0,21.0,0.028,0.018684686195537568,0.04021488737384334,0.012,0.006215525559595244,0.020867679591036435,0.011,0.005503594192313587,0.01959662822201655,0.96,0.9459273031806316,0.9712723747141092,0.017,0.009933512592716534,0.027079496864851435
m2_C_d05_r1,2,C,0.05,False,S3,drifting_bias,stress,1000,True,907.0,910.0,11,17,84,888,14,18.5,21.0,0.907,0.8872805822988441,0.9242815973931352,0.011,0.005503594192313587,0.01959662822201655,0.017,0.009933512592716534,0.027079496864851435,0.084,0.0675527419705832,0.10294299899173501,0.888,0.8668008344307598,0.9068814600783898
m2_C_d05_r1,2,C,0.05,False,S4,drifting_bias,stress,1000,True,676.0,905.0,285,5,40,670,246,16.0,16.0,0.676,0.6460072766157738,0.7049523515568272,0.285,0.2571886962561169,0.3140832343383536,0.005,0.00162541951756276,0.01162947055981214,0.04,0.028727625285890793,0.05407269681936848,0.67,0.6398882743460264,0.6991069245809935
m2_C_d05_r1,2,C,0.05,False,S1,gain_error,stress,1000,True,26.0,26.0,4,7,972,17,2,21.0,21.0,0.026,0.017052786345629425,0.037865122478921515,0.004,0.0010909079877259714,0.010209664683929856,0.007,0.002818858759620524,0.014369194978918611,0.972,0.9597851126261566,0.9813153138044625,0.017,0.009933512592716534,0.027079496864851435
m2_C_d05_r1,2,C,0.05,False,S3,gain_error,stress,1000,True,848.0,849.0,2,11,151,836,8,16.0,18.5,0.848,0.8242275312668874,0.869701749675018,0.002,0.00024230111687723185,0.007205838911457516,0.011,0.005503594192313587,0.01959662822201655,0.151,0.12936136200265355,0.174715466038191,0.836,0.8115686724739016,0.8584337235456381
m2_C_d05_r1,2,C,0.05,False,S4,gain_error,stress,1000,True,776.0,816.0,131,1,94,774,75,16.0,16.0,0.776,0.7488668141614596,0.8014973242062073,0.131,0.11069846103121972,0.15350117040015693,0.001,2.531748749129404e-05,0.005558924279826698,0.094,0.07662899292737785,0.11380243871897454,0.774,0.7467913971040485,0.7995847203178665
m2_C_d05_r1,2,C,0.05,True,S1,covered_grid,evaluation,1000,True,32.0,39.0,136,19,832,13,37,21.0,21.0,0.032,0.02198884960564242,0.04487590283500927,0.136,0.11535017762388164,0.15881863091402174,0.019,0.011477036993100945,0.029512401625097755,0.832,0.8073589445854946,0.8546677507252727,0.013,0.006939617502851475,0.022127803636778482
m2_C_d05_r1,2,C,0.05,True,S3,covered_grid,evaluation,1000,True,37.0,42.0,117,6,846,31,17,21.0,21.0,0.037,0.026182708843737332,0.05064112305992494,0.117,0.09772900249506664,0.13855746639058336,0.006,0.0022049824851513773,0.013013423270974454,0.846,0.8221145194721243,0.8678269716273468,0.031,0.021158171970208632,0.04371508500623898
m2_C_d05_r1,2,C,0.05,True,S4,covered_grid,evaluation,1000,True,18.0,40.0,638,0,344,18,188,21.0,21.0,0.018,0.010701947929414703,0.028299041249019146,0.638,0.6073422030315453,0.6678425184638984,0.0,0.0,0.003682083896865671,0.344,0.3145531139215216,0.3743687345521477,0.018,0.010701947929414703,0.028299041249019146
m2_C_d05_r1,2,C,0.05,True,S1,half_noise,stress,1000,True,0.0,0.0,23,0,977,0,0,21.0,21.0,0.0,0.0,0.003682083896865671,0.023,0.014634582325176759,0.03431233761285442,0.0,0.0,0.003682083896865671,0.977,0.9656876623871455,0.9853654176748232,0.0,0.0,0.003682083896865671
m2_C_d05_r1,2,C,0.05,True,S3,half_noise,stress,1000,True,0.0,0.0,0,0,1000,0,0,,,0.0,0.0,0.003682083896865671,0.0,0.0,0.003682083896865671,0.0,0.0,0.003682083896865671,1.0,0.9963179161031344,1.0,0.0,0.0,0.003682083896865671
m2_C_d05_r1,2,C,0.05,True,S4,half_noise,stress,1000,True,0.0,0.0,114,0,886,0,0,21.0,21.0,0.0,0.0,0.003682083896865671,0.114,0.09496128197328355,0.1353439130716079,0.0,0.0,0.003682083896865671,0.886,0.8646560869283921,0.9050387180267164,0.0,0.0,0.003682083896865671
m2_C_d05_r1,2,C,0.05,True,S1,double_noise,stress,1000,True,380.0,415.0,229,168,391,212,208,16.0,21.0,0.38,0.3498070219932073,0.41090176593829936,0.229,0.20328576986029215,0.2563201513630529,0.168,0.14533224927472727,0.19264105541450535,0.391,0.36061450795200806,0.4220292355570973,0.212,0.18704528955041327,0.23866253286918546
m2_C_d05_r1,2,C,0.05,True,S3,double_noise,stress,1000,True,797.0,865.0,119,90,85,706,141,16.0,16.0,0.797,0.7707116767418589,0.8215264236759838,0.119,0.09957649182504014,0.14069751802265837,0.09,0.07299046645662285,0.10946657313833913,0.085,0.06845727877099017,0.10403198577837726,0.706,0.6766852804811291,0.7340962857634874
m2_C_d05_r1,2,C,0.05,True,S4,double_noise,stress,1000,True,905.0,993.0,95,10,0,895,101,16.0,16.0,0.905,0.885115155595548,0.922459792918345,0.095,0.07754020708165502,0.11488484440445199,0.01,0.004805510691049308,0.018313243055112515,0.0,0.0,0.003682083896865671,0.895,0.8743231515446638,0.9133151751754599
m2_C_d05_r1,2,C,0.05,True,S1,strong_correlation,stress,1000,True,330.0,358.0,232,137,438,193,174,21.0,21.0,0.33,0.3008930754190064,0.3601117256539736,0.232,0.20615813782866235,0.25942983045366996,0.137,0.11628168943368121,0.15988096510541736,0.438,0.4069707645658111,0.46939527465590164,0.193,0.16897210326979487,0.21885000358205464
m2_C_d05_r1,2,C,0.05,True,S3,strong_correlation,stress,1000,True,766.0,839.0,143,89,91,677,151,16.0,16.0,0.766,0.7384980761844333,0.7919259196245902,0.143,0.12187864287589154,0.1662471565967218,0.089,0.07208246453975992,0.1083810000600025,0.091,0.0738991299424797,0.11055149410186922,0.677,0.6470276352361596,0.70592606325204
m2_C_d05_r1,2,C,0.05,True,S4,strong_correlation,stress,1000,True,357.0,595.0,583,12,62,343,375,16.0,16.0,0.357,0.3272627849014865,0.38758208777896025,0.583,0.551733009993698,0.6137769064231509,0.012,0.006215525559595244,0.020867679591036435,0.062,0.0478618481133612,0.0787799496610325,0.343,0.31357644886403707,0.37335132279556893
m2_C_d05_r1,2,C,0.05,True,S1,drifting_bias,stress,1000,True,26.0,28.0,329,14,645,12,77,21.0,21.0,0.026,0.017052786345629425,0.037865122478921515,0.329,0.29991846355903784,0.3590922651145809,0.014,0.007674501565020781,0.023378156010314545,0.645,0.6144491767642939,0.6746941111019715,0.012,0.006215525559595244,0.020867679591036435
m2_C_d05_r1,2,C,0.05,True,S3,drifting_bias,stress,1000,True,848.0,909.0,103,28,49,820,85,16.0,16.0,0.848,0.8242275312668874,0.869701749675018,0.103,0.08485136534991759,0.12352292640142576,0.028,0.018684686195537568,0.04021488737384334,0.049,0.03646705917204782,0.06426605314016964,0.82,0.7947575059722134,0.843341898328986
m2_C_d05_r1,2,C,0.05,True,S4,drifting_bias,stress,1000,True,628.0,911.0,359,12,14,615,314,16.0,16.0,0.628,0.597201187979319,0.6580427038308249,0.359,0.32922024346035367,0.3896127907959017,0.012,0.006215525559595244,0.020867679591036435,0.014,0.007674501565020781,0.023378156010314545,0.615,0.5840382835964082,0.6452824969822681
m2_C_d05_r1,2,C,0.05,True,S1,gain_error,stress,1000,True,39.0,44.0,206,30,755,9,64,21.0,21.0,0.039,0.027877148795336416,0.052930935785445075,0.206,0.1813287189103024,0.23241514405149305,0.03,0.020330485683109627,0.042551402470029004,0.755,0.7271158955377267,0.7813738416061395,0.009,0.004123395660342473,0.017015783069894617
m2_C_d05_r1,2,C,0.05,True,S3,gain_error,stress,1000,True,842.0,852.0,43,13,115,829,29,16.0,21.0,0.842,0.8178923975121415,0.8640734838150352,0.043,0.0312911704560926,0.057486257961972334,0.013,0.006939617502851475,0.022127803636778482,0.115,0.09588337997326375,0.13641556786283285,0.829,0.8042047464024096,0.851840151816802
m2_C_d05_r1,2,C,0.05,True,S4,gain_error,stress,1000,True,772.0,825.0,187,2,41,770,113,16.0,16.0,0.772,0.7447168224784331,0.7976712701289689,0.187,0.16328321992460096,0.21257507953142987,0.002,0.00024230111687723185,0.007205838911457516,0.041,0.029580168534036114,0.055212459315299285,0.77,0.74264308249677,0.7957569815143822
m2_C_d05_r2,2,C,0.05,False,S1,covered_grid,evaluation,1000,True,23.0,23.0,45,0,932,23,2,21.0,21.0,0.023,0.014634582325176759,0.03431233761285442,0.045,0.033009625431148756,0.059752832693407795,0.0,0.0,0.003682083896865671,0.932,0.914586949808569,0.946811900239598,0.023,0.014634582325176759,0.03431233761285442
m2_C_d05_r2,2,C,0.05,False,S3,covered_grid,evaluation,1000,True,42.0,44.0,39,3,919,39,3,21.0,21.0,0.042,0.030434706263140023,0.05635029157574473,0.039,0.027877148795336416,0.052930935785445075,0.003,0.0006190999316495713,0.008742023238478308,0.919,0.9003283010315127,0.935156460291505,0.039,0.027877148795336416,0.052930935785445075
m2_C_d05_r2,2,C,0.05,False,S4,covered_grid,evaluation,1000,True,22.0,36.0,442,0,536,22,99,21.0,21.0,0.022,0.013837414172073851,0.03311966451498781,0.442,0.4109290617770105,0.47341335510874843,0.0,0.0,0.003682083896865671,0.536,0.5045231430718743,0.5672643406260593,0.022,0.013837414172073851,0.03311966451498781
m2_C_d05_r2,2,C,0.05,True,S1,covered_grid,evaluation,1000,True,20.0,24.0,955,3,25,17,357,21.0,21.0,0.02,0.012258267972406329,0.030720032682609023,0.955,0.9402471673065922,0.9669903745688513,0.003,0.0006190999316495713,0.008742023238478308,0.025,0.01624253569688223,0.036684823051923054,0.017,0.009933512592716534,0.027079496864851435
m2_C_d05_r2,2,C,0.05,True,S3,covered_grid,evaluation,1000,True,19.0,40.0,882,0,99,19,115,21.0,21.0,0.019,0.011477036993100945,0.029512401625097755,0.882,0.8603722794655597,0.9013474836051032,0.0,0.0,0.003682083896865671,0.099,0.08119112894696874,0.11920848268620649,0.019,0.011477036993100945,0.029512401625097755
m2_C_d05_r2,2,C,0.05,True,S4,covered_grid,evaluation,1000,True,12.0,38.0,967,0,21,12,381,21.0,21.0,0.012,0.006215525559595244,0.020867679591036435,0.967,0.9539660181829768,0.9771776166505405,0.0,0.0,0.003682083896865671,0.021,0.013045192290387683,0.031922335180415505,0.012,0.006215525559595244,0.020867679591036435
m2_M_d02_r0,2,M,0.02,False,S1,covered_grid,evaluation,1000,True,24.0,27.0,9,1,970,20,4,21.0,21.0,0.024,0.01543638323350848,0.035500638531359305,0.009,0.004123395660342473,0.017015783069894617,0.001,2.531748749129404e-05,0.005558924279826698,0.97,0.957448597529971,0.9796695143168904,0.02,0.012258267972406329,0.030720032682609023
m2_M_d02_r0,2,M,0.02,False,S3,covered_grid,evaluation,1000,True,34.0,35.0,6,2,963,29,1,21.0,21.0,0.034,0.02365864810759675,0.047189438615707534,0.006,0.0022049824851513773,0.013013423270974454,0.002,0.00024230111687723185,0.007205838911457516,0.963,0.949358876940075,0.9738172911562627,0.029,0.01950593732438462,0.041384719116401895
m2_M_d02_r0,2,M,0.02,False,S4,covered_grid,evaluation,1000,True,31.0,32.0,8,3,961,28,1,21.0,21.0,0.031,0.021158171970208632,0.04371508500623898,0.008,0.003459976165329311,0.015702049176074654,0.003,0.0006190999316495713,0.008742023238478308,0.961,0.947069064214555,0.9721228512046636,0.028,0.018684686195537568,0.04021488737384334
m2_M_d02_r0,2,M,0.02,True,S1,covered_grid,evaluation,1000,True,26.0,27.0,11,13,965,11,8,21.0,21.0,0.026,0.017052786345629425,0.037865122478921515,0.011,0.005503594192313587,0.01959662822201655,0.013,0.006939617502851475,0.022127803636778482,0.965,0.9516576183857782,0.9755024721052413,0.011,0.005503594192313587,0.01959662822201655
m2_M_d02_r0,2,M,0.02,True,S3,covered_grid,evaluation,1000,True,37.0,37.0,11,13,956,20,4,21.0,21.0,0.037,0.026182708843737332,0.05064112305992494,0.011,0.005503594192313587,0.01959662822201655,0.013,0.006939617502851475,0.022127803636778482,0.956,0.9413795807936691,0.9678505029891286,0.02,0.012258267972406329,0.030720032682609023
m2_M_d02_r0,2,M,0.02,True,S4,covered_grid,evaluation,1000,True,30.0,31.0,24,5,947,24,1,21.0,21.0,0.03,0.020330485683109627,0.042551402470029004,0.024,0.01543638323350848,0.035500638531359305,0.005,0.00162541951756276,0.01162947055981214,0.947,0.9312448167100368,0.9600507476399807,0.024,0.01543638323350848,0.035500638531359305
m2_M_d02_r1,2,M,0.02,False,S1,covered_grid,evaluation,1000,True,10.0,27.0,990,2,0,8,781,16.0,16.0,0.01,0.004805510691049308,0.018313243055112515,0.99,0.9816867569448875,0.9951944893089507,0.002,0.00024230111687723185,0.007205838911457516,0.0,0.0,0.003682083896865671,0.008,0.003459976165329311,0.015702049176074654
m2_M_d02_r1,2,M,0.02,False,S3,covered_grid,evaluation,1000,True,16.0,43.0,978,1,6,15,476,21.0,21.0,0.016,0.009172319269222079,0.02585324908137344,0.978,0.9668803354850122,0.9861625858279262,0.001,2.531748749129404e-05,0.005558924279826698,0.006,0.0022049824851513773,0.013013423270974454,0.015,0.008419049750034378,0.02461970009704124
m2_M_d02_r1,2,M,0.02,False,S4,covered_grid,evaluation,1000,True,21.0,46.0,927,0,52,21,185,21.0,21.0,0.021,0.013045192290387683,0.031922335180415505,0.927,0.9090858246054988,0.9423463747720674,0.0,0.0,0.003682083896865671,0.052,0.0390765349439805,0.06763501405050731,0.021,0.013045192290387683,0.031922335180415505
m2_M_d02_r1,2,M,0.02,True,S1,covered_grid,evaluation,1000,True,8.0,29.0,992,0,0,8,992,16.0,16.0,0.008,0.003459976165329311,0.015702049176074654,0.992,0.9842979508239253,0.9965400238346707,0.0,0.0,0.003682083896865671,0.0,0.0,0.003682083896865671,0.008,0.003459976165329311,0.015702049176074654
m2_M_d02_r1,2,M,0.02,True,S3,covered_grid,evaluation,1000,True,8.0,44.0,992,0,0,8,992,16.0,16.0,0.008,0.003459976165329311,0.015702049176074654,0.992,0.9842979508239253,0.9965400238346707,0.0,0.0,0.003682083896865671,0.0,0.0,0.003682083896865671,0.008,0.003459976165329311,0.015702049176074654
m2_M_d02_r1,2,M,0.02,True,S4,covered_grid,evaluation,1000,True,1.0,42.0,999,0,0,1,995,16.0,16.0,0.001,2.531748749129404e-05,0.005558924279826698,0.999,0.9944410757201733,0.9999746825125088,0.0,0.0,0.003682083896865671,0.0,0.0,0.003682083896865671,0.001,2.531748749129404e-05,0.005558924279826698
m2_M_d02_r2,2,M,0.02,False,S1,covered_grid,evaluation,1000,True,2.0,26.0,998,0,0,2,998,16.0,16.0,0.002,0.00024230111687723185,0.007205838911457516,0.998,0.9927941610885425,0.9997576988831227,0.0,0.0,0.003682083896865671,0.0,0.0,0.003682083896865671,0.002,0.00024230111687723185,0.007205838911457516
m2_M_d02_r2,2,M,0.02,False,S3,covered_grid,evaluation,1000,True,7.0,46.0,993,0,0,7,993,16.0,16.0,0.007,0.002818858759620524,0.014369194978918611,0.993,0.9856308050210814,0.9971811412403795,0.0,0.0,0.003682083896865671,0.0,0.0,0.003682083896865671,0.007,0.002818858759620524,0.014369194978918611
m2_M_d02_r2,2,M,0.02,False,S4,covered_grid,evaluation,1000,True,6.0,47.0,994,0,0,6,994,16.0,16.0,0.006,0.0022049824851513773,0.013013423270974454,0.994,0.9869865767290256,0.9977950175148487,0.0,0.0,0.003682083896865671,0.0,0.0,0.003682083896865671,0.006,0.0022049824851513773,0.013013423270974454
m2_M_d02_r2,2,M,0.02,True,S1,covered_grid,evaluation,1000,True,2.0,29.0,998,0,0,2,998,16.0,16.0,0.002,0.00024230111687723185,0.007205838911457516,0.998,0.9927941610885425,0.9997576988831227,0.0,0.0,0.003682083896865671,0.0,0.0,0.003682083896865671,0.002,0.00024230111687723185,0.007205838911457516
m2_M_d02_r2,2,M,0.02,True,S3,covered_grid,evaluation,1000,True,9.0,52.0,991,0,0,9,991,16.0,16.0,0.009,0.004123395660342473,0.017015783069894617,0.991,0.9829842169301054,0.9958766043396575,0.0,0.0,0.003682083896865671,0.0,0.0,0.003682083896865671,0.009,0.004123395660342473,0.017015783069894617
m2_M_d02_r2,2,M,0.02,True,S4,covered_grid,evaluation,1000,True,4.0,45.0,996,0,0,4,996,16.0,16.0,0.004,0.0010909079877259714,0.010209664683929856,0.996,0.9897903353160702,0.9989090920122741,0.0,0.0,0.003682083896865671,0.0,0.0,0.003682083896865671,0.004,0.0010909079877259714,0.010209664683929856
m2_M_d05_r0,2,M,0.05,False,S1,covered_grid,evaluation,1000,True,22.0,23.0,11,1,974,14,3,21.0,21.0,0.022,0.013837414172073851,0.03311966451498781,0.011,0.005503594192313587,0.01959662822201655,0.001,2.531748749129404e-05,0.005558924279826698,0.974,0.9621348775210785,0.9829472136543705,0.014,0.007674501565020781,0.023378156010314545
m2_M_d05_r0,2,M,0.05,False,S3,covered_grid,evaluation,1000,True,37.0,37.0,5,2,959,34,0,21.0,21.0,0.037,0.026182708843737332,0.05064112305992494,0.005,0.00162541951756276,0.01162947055981214,0.002,0.00024230111687723185,0.007205838911457516,0.959,0.9447875406847007,0.9704198314659639,0.034,0.02365864810759675,0.047189438615707534
m2_M_d05_r0,2,M,0.05,False,S4,covered_grid,evaluation,1000,True,37.0,38.0,13,3,950,34,2,21.0,21.0,0.037,0.026182708843737332,0.05064112305992494,0.013,0.006939617502851475,0.022127803636778482,0.003,0.0006190999316495713,0.008742023238478308,0.95,0.9346095120845064,0.9626646023953382,0.034,0.02365864810759675,0.047189438615707534
m2_M_d05_r0,2,M,0.05,True,S1,covered_grid,evaluation,1000,True,21.0,23.0,46,6,940,8,13,21.0,21.0,0.021,0.013045192290387683,0.031922335180415505,0.046,0.03387149854767792,0.060883552713742635,0.006,0.0022049824851513773,0.013013423270974454,0.94,0.9234395095960652,0.9539049645775157,0.008,0.003459976165329311,0.015702049176074654
m2_M_d05_r0,2,M,0.05,True,S3,covered_grid,evaluation,1000,True,38.0,41.0,40,11,926,23,8,21.0,21.0,0.038,0.027028815982983925,0.05178710362196415,0.04,0.028727625285890793,0.05407269681936848,0.011,0.005503594192313587,0.01959662822201655,0.926,0.9079882639857509,0.9414505557393474,0.023,0.014634582325176759,0.03431233761285442
m2_M_d05_r0,2,M,0.05,True,S4,covered_grid,evaluation,1000,True,21.0,33.0,350,1,629,20,70,21.0,21.0,0.021,0.013045192290387683,0.031922335180415505,0.35,0.3204161241513656,0.38047019125597575,0.001,2.531748749129404e-05,0.005558924279826698,0.629,0.5982146703097384,0.6590233055000474,0.02,0.012258267972406329,0.030720032682609023
m2_M_d05_r1,2,M,0.05,False,S1,covered_grid,evaluation,1000,True,11.0,27.0,989,3,0,8,919,16.0,16.0,0.011,0.005503594192313587,0.01959662822201655,0.989,0.9804033717779834,0.9944964058076864,0.003,0.0006190999316495713,0.008742023238478308,0.0,0.0,0.003682083896865671,0.008,0.003459976165329311,0.015702049176074654
m2_M_d05_r1,2,M,0.05,False,S3,covered_grid,evaluation,1000,True,10.0,46.0,987,0,3,10,714,16.0,16.0,0.01,0.004805510691049308,0.018313243055112515,0.987,0.9778721963632215,0.9930603824971486,0.0,0.0,0.003682083896865671,0.003,0.0006190999316495713,0.008742023238478308,0.01,0.004805510691049308,0.018313243055112515
m2_M_d05_r1,2,M,0.05,False,S4,covered_grid,evaluation,1000,True,10.0,38.0,972,0,18,10,379,21.0,21.0,0.01,0.004805510691049308,0.018313243055112515,0.972,0.9597851126261566,0.9813153138044625,0.0,0.0,0.003682083896865671,0.018,0.010701947929414703,0.028299041249019146,0.01,0.004805510691049308,0.018313243055112515
m2_M_d05_r1,2,M,0.05,False,S1,half_noise,stress,1000,True,0.0,0.0,1000,0,0,0,996,16.0,16.0,0.0,0.0,0.003682083896865671,1.0,0.9963179161031344,1.0,0.0,0.0,0.003682083896865671,0.0,0.0,0.003682083896865671,0.0,0.0,0.003682083896865671
m2_M_d05_r1,2,M,0.05,False,S3,half_noise,stress,1000,True,0.0,0.0,1000,0,0,0,601,16.0,16.0,0.0,0.0,0.003682083896865671,1.0,0.9963179161031344,1.0,0.0,0.0,0.003682083896865671,0.0,0.0,0.003682083896865671,0.0,0.0,0.003682083896865671
m2_M_d05_r1,2,M,0.05,False,S4,half_noise,stress,1000,True,0.0,0.0,927,0,73,0,1,21.0,21.0,0.0,0.0,0.003682083896865671,0.927,0.9090858246054988,0.9423463747720674,0.0,0.0,0.003682083896865671,0.073,0.057653625227932596,0.09091417539450124,0.0,0.0,0.003682083896865671
m2_M_d05_r1,2,M,0.05,False,S1,double_noise,stress,1000,True,335.0,477.0,665,68,0,267,652,16.0,16.0,0.335,0.30576835989020595,0.3652068081502916,0.665,0.6347931918497084,0.6942316401097941,0.068,0.05318809976040197,0.08541305019143097,0.0,0.0,0.003682083896865671,0.267,0.23979995120688538,0.29557910341140164
m2_M_d05_r1,2,M,0.05,False,S3,double_noise,stress,1000,True,641.0,863.0,358,27,1,614,351,16.0,16.0,0.641,0.6103872092040983,0.6707797565396463,0.358,0.3282414439929241,0.3885975093480848,0.027,0.01786690592524969,0.03904174680597018,0.001,2.531748749129404e-05,0.005558924279826698,0.614,0.5830266964145336,0.6442999972828456
m2_M_d05_r1,2,M,0.05,False,S4,double_noise,stress,1000,True,917.0,998.0,83,6,0,911,88,16.0,16.0,0.917,0.8981467032446243,0.9333510681911211,0.083,0.06664893180887889,0.10185329675537569,0.006,0.0022049824851513773,0.013013423270974454,0.0,0.0,0.003682083896865671,0.911,0.8916189999399975,0.92791753546024
m2_M_d05_r1,2,M,0.05,False,S1,strong_correlation,stress,1000,True,311.0,486.0,689,63,0,248,676,16.0,16.0,0.311,0.2824013053882409,0.3407161813762113,0.689,0.6592838186237887,0.7175986946117592,0.063,0.04874692755658055,0.0798880418733545,0.0,0.0,0.003682083896865671,0.248,0.22150812983746687,0.2759842205130937
m2_M_d05_r1,2,M,0.05,False,S3,strong_correlation,stress,1000,True,600.0,856.0,397,31,3,569,393,16.0,16.0,0.6,0.5688784459558931,0.6305310124510876,0.397,0.3665163044933976,0.4280919695508244,0.031,0.021158171970208632,0.04371508500623898,0.003,0.0006190999316495713,0.008742023238478308,0.569,0.5376412404403914,0.5999513775754166
m2_M_d05_r1,2,M,0.05,False,S4,strong_correlation,stress,1000,True,350.0,668.0,635,27,15,323,500,16.0,16.0,0.35,0.3204161241513656,0.38047019125597575,0.635,0.6042984488539128,0.6649040261922291,0.027,0.01786690592524969,0.03904174680597018,0.015,0.008419049750034378,0.02461970009704124,0.323,0.29407393674796,0.3529723647638404
m2_M_d05_r1,2,M,0.05,False,S1,drifting_bias,stress,1000,True,223.0,365.0,777,120,0,103,751,16.0,16.0,0.223,0.19754669372311714,0.250095158915035,0.777,0.749904841084965,0.8024533062768828,0.12,0.10050092374816781,0.14176686379282544,0.0,0.0,0.003682083896865671,0.103,0.08485136534991759,0.12352292640142576
m2_M_d05_r1,2,M,0.05,False,S3,drifting_bias,stress,1000,True,730.0,908.0,268,36,2,694,275,16.0,16.0,0.73,0.7013329625349527,0.757305849912405,0.268,0.2407645062817877,0.296608592033741,0.036,0.02533891492983775,0.04949291171801233,0.002,0.00024230111687723185,0.007205838911457516,0.694,0.6643971343161432,0.7224557016271425
m2_M_d05_r1,2,M,0.05,False,S4,drifting_bias,stress,1000,True,656.0,909.0,342,22,2,634,316,16.0,16.0,0.656,0.6256312654478522,0.6854468860784784,0.342,0.3125999284046648,0.3723337667365757,0.022,0.013837414172073851,0.03311966451498781,0.002,0.00024230111687723185,0.007205838911457516,0.634,0.6032841412036332,0.6639242512151974
m2_M_d05_r1,2,M,0.05,False,S1,gain_error,stress,1000,True,27.0,51.0,973,3,0,24,908,16.0,16.0,0.027,0.01786690592524969,0.03904174680597018,0.973,0.9609582531940298,0.9821330940747504,0.003,0.0006190999316495713,0.008742023238478308,0.0,0.0,0.003682083896865671,0.024,0.01543638323350848,0.035500638531359305
m2_M_d05_r1,2,M,0.05,False,S3,gain_error,stress,1000,True,835.0,860.0,165,0,0,835,142,16.0,16.0,0.835,0.810515791620291,0.8574926823944774,0.165,0.14250731760552257,0.18948420837970906,0.0,0.0,0.003682083896865671,0.0,0.0,0.003682083896865671,0.835,0.810515791620291,0.8574926823944774
m2_M_d05_r1,2,M,0.05,False,S4,gain_error,stress,1000,True,790.0,845.0,209,1,1,789,147,16.0,16.0,0.79,0.7634190151421869,0.8148611536314939,0.209,0.1841859678193916,0.23553986955407755,0.001,2.531748749129404e-05,0.005558924279826698,0.001,2.531748749129404e-05,0.005558924279826698,0.789,0.7623781277644036,0.8139080459892263
m2_M_d05_r1,2,M,0.05,True,S1,covered_grid,evaluation,1000,True,10.0,34.0,990,0,0,10,990,16.0,16.0,0.01,0.004805510691049308,0.018313243055112515,0.99,0.9816867569448875,0.9951944893089507,0.0,0.0,0.003682083896865671,0.0,0.0,0.003682083896865671,0.01,0.004805510691049308,0.018313243055112515
m2_M_d05_r1,2,M,0.05,True,S3,covered_grid,evaluation,1000,True,6.0,50.0,994,0,0,6,994,16.0,16.0,0.006,0.0022049824851513773,0.013013423270974454,0.994,0.9869865767290256,0.9977950175148487,0.0,0.0,0.003682083896865671,0.0,0.0,0.003682083896865671,0.006,0.0022049824851513773,0.013013423270974454
m2_M_d05_r1,2,M,0.05,True,S4,covered_grid,evaluation,1000,True,2.0,30.0,998,0,0,2,998,16.0,16.0,0.002,0.00024230111687723185,0.007205838911457516,0.998,0.9927941610885425,0.9997576988831227,0.0,0.0,0.003682083896865671,0.0,0.0,0.003682083896865671,0.002,0.00024230111687723185,0.007205838911457516
m2_M_d05_r1,2,M,0.05,True,S1,half_noise,stress,1000,True,0.0,0.0,1000,0,0,0,1000,16.0,16.0,0.0,0.0,0.003682083896865671,1.0,0.9963179161031344,1.0,0.0,0.0,0.003682083896865671,0.0,0.0,0.003682083896865671,0.0,0.0,0.003682083896865671
m2_M_d05_r1,2,M,0.05,True,S3,half_noise,stress,1000,True,0.0,0.0,1000,0,0,0,1000,16.0,16.0,0.0,0.0,0.003682083896865671,1.0,0.9963179161031344,1.0,0.0,0.0,0.003682083896865671,0.0,0.0,0.003682083896865671,0.0,0.0,0.003682083896865671
m2_M_d05_r1,2,M,0.05,True,S4,half_noise,stress,1000,True,0.0,0.0,1000,0,0,0,1000,16.0,16.0,0.0,0.0,0.003682083896865671,1.0,0.9963179161031344,1.0,0.0,0.0,0.003682083896865671,0.0,0.0,0.003682083896865671,0.0,0.0,0.003682083896865671
m2_M_d05_r1,2,M,0.05,True,S1,double_noise,stress,1000,True,291.0,473.0,709,0,0,291,709,16.0,16.0,0.291,0.2629972176857615,0.32023904389549707,0.709,0.6797609561045029,0.7370027823142384,0.0,0.0,0.003682083896865671,0.0,0.0,0.003682083896865671,0.291,0.2629972176857615,0.32023904389549707
m2_M_d05_r1,2,M,0.05,True,S3,double_noise,stress,1000,True,593.0,866.0,407,0,0,593,407,16.0,16.0,0.593,0.5618140058593495,0.6236368227183564,0.407,0.37636317728164365,0.43818599414065046,0.0,0.0,0.003682083896865671,0.0,0.0,0.003682083896865671,0.593,0.5618140058593495,0.6236368227183564
m2_M_d05_r1,2,M,0.05,True,S4,double_noise,stress,1000,True,898.0,998.0,102,0,0,898,102,16.0,16.0,0.898,0.877554848934442,0.9160645399595132,0.102,0.08393546004048681,0.12244515106555802,0.0,0.0,0.003682083896865671,0.0,0.0,0.003682083896865671,0.898,0.877554848934442,0.9160645399595132
m2_M_d05_r1,2,M,0.05,True,S1,strong_correlation,stress,1000,True,283.0,494.0,717,0,0,283,717,16.0,16.0,0.283,0.2552538625382425,0.3120299618316185,0.717,0.6879700381683815,0.7447461374617574,0.0,0.0,0.003682083896865671,0.0,0.0,0.003682083896865671,0.283,0.2552538625382425,0.3120299618316185
m2_M_d05_r1,2,M,0.05,True,S3,strong_correlation,stress,1000,True,558.0,856.0,442,0,0,558,442,16.0,16.0,0.558,0.5265866448912515,0.5890709382229895,0.442,0.4109290617770105,0.47341335510874843,0.0,0.0,0.003682083896865671,0.0,0.0,0.003682083896865671,0.558,0.5265866448912515,0.5890709382229895
m2_M_d05_r1,2,M,0.05,True,S4,strong_correlation,stress,1000,True,211.0,647.0,789,0,0,211,789,16.0,16.0,0.211,0.18609195401077366,0.2376218722355964,0.789,0.7623781277644036,0.8139080459892263,0.0,0.0,0.003682083896865671,0.0,0.0,0.003682083896865671,0.211,0.18609195401077366,0.2376218722355964
m2_M_d05_r1,2,M,0.05,True,S1,drifting_bias,stress,1000,True,90.0,281.0,910,0,0,90,910,16.0,16.0,0.09,0.07299046645662285,0.10946657313833913,0.91,0.8905334268616608,0.9270095335433771,0.0,0.0,0.003682083896865671,0.0,0.0,0.003682083896865671,0.09,0.07299046645662285,0.10946657313833913
m2_M_d05_r1,2,M,0.05,True,S3,drifting_bias,stress,1000,True,664.0,902.0,336,0,0,664,336,16.0,16.0,0.664,0.6337746170627676,0.6932561405313709,0.336,0.3067438594686291,0.3662253829372324,0.0,0.0,0.003682083896865671,0.0,0.0,0.003682083896865671,0.664,0.6337746170627676,0.6932561405313709
m2_M_d05_r1,2,M,0.05,True,S4,drifting_bias,stress,1000,True,488.0,896.0,512,0,0,488,512,16.0,16.0,0.488,0.45659349464917487,0.5194773407496999,0.512,0.4805226592503,0.5434065053508251,0.0,0.0,0.003682083896865671,0.0,0.0,0.003682083896865671,0.488,0.45659349464917487,0.5194773407496999
m2_M_d05_r1,2,M,0.05,True,S1,gain_error,stress,1000,True,35.0,75.0,965,0,0,35,965,16.0,16.0,0.035,0.02449752789475872,0.04834238161422173,0.965,0.9516576183857782,0.9755024721052413,0.0,0.0,0.003682083896865671,0.0,0.0,0.003682083896865671,0.035,0.02449752789475872,0.04834238161422173
m2_M_d05_r1,2,M,0.05,True,S3,gain_error,stress,1000,True,830.0,863.0,170,0,0,830,170,16.0,16.0,0.83,0.8052558549287963,0.8527829776475314,0.17,0.14721702235246856,0.19474414507120372,0.0,0.0,0.003682083896865671,0.0,0.0,0.003682083896865671,0.83,0.8052558549287963,0.8527829776475314
m2_M_d05_r1,2,M,0.05,True,S4,gain_error,stress,1000,True,781.0,841.0,219,0,0,781,219,16.0,16.0,0.781,0.7540590951943786,0.8062750780167759,0.219,0.19372492198322408,0.2459409048056213,0.0,0.0,0.003682083896865671,0.0,0.0,0.003682083896865671,0.781,0.7540590951943786,0.8062750780167759
m2_M_d05_r2,2,M,0.05,False,S1,covered_grid,evaluation,1000,True,4.0,21.0,996,0,0,4,996,16.0,16.0,0.004,0.0010909079877259714,0.010209664683929856,0.996,0.9897903353160702,0.9989090920122741,0.0,0.0,0.003682083896865671,0.0,0.0,0.003682083896865671,0.004,0.0010909079877259714,0.010209664683929856
m2_M_d05_r2,2,M,0.05,False,S3,covered_grid,evaluation,1000,True,8.0,31.0,992,0,0,8,992,16.0,16.0,0.008,0.003459976165329311,0.015702049176074654,0.992,0.9842979508239253,0.9965400238346707,0.0,0.0,0.003682083896865671,0.0,0.0,0.003682083896865671,0.008,0.003459976165329311,0.015702049176074654
m2_M_d05_r2,2,M,0.05,False,S4,covered_grid,evaluation,1000,True,3.0,34.0,997,0,0,3,997,16.0,16.0,0.003,0.0006190999316495713,0.008742023238478308,0.997,0.9912579767615217,0.9993809000683505,0.0,0.0,0.003682083896865671,0.0,0.0,0.003682083896865671,0.003,0.0006190999316495713,0.008742023238478308
m2_M_d05_r2,2,M,0.05,True,S1,covered_grid,evaluation,1000,True,6.0,23.0,994,0,0,6,994,16.0,16.0,0.006,0.0022049824851513773,0.013013423270974454,0.994,0.9869865767290256,0.9977950175148487,0.0,0.0,0.003682083896865671,0.0,0.0,0.003682083896865671,0.006,0.0022049824851513773,0.013013423270974454
m2_M_d05_r2,2,M,0.05,True,S3,covered_grid,evaluation,1000,True,9.0,32.0,991,0,0,9,991,16.0,16.0,0.009,0.004123395660342473,0.017015783069894617,0.991,0.9829842169301054,0.9958766043396575,0.0,0.0,0.003682083896865671,0.0,0.0,0.003682083896865671,0.009,0.004123395660342473,0.017015783069894617
m2_M_d05_r2,2,M,0.05,True,S4,covered_grid,evaluation,1000,True,2.0,33.0,998,0,0,2,998,16.0,16.0,0.002,0.00024230111687723185,0.007205838911457516,0.998,0.9927941610885425,0.9997576988831227,0.0,0.0,0.003682083896865671,0.0,0.0,0.003682083896865671,0.002,0.00024230111687723185,0.007205838911457516
m2_M_d10_r0,2,M,0.1,False,S1,covered_grid,evaluation,1000,True,33.0,33.0,2,17,965,16,6,21.0,21.0,0.033,0.02282238334945957,0.0460339818170232,0.002,0.00024230111687723185,0.007205838911457516,0.017,0.009933512592716534,0.027079496864851435,0.965,0.9516576183857782,0.9755024721052413,0.016,0.009172319269222079,0.02585324908137344
m2_M_d10_r0,2,M,0.1,False,S3,covered_grid,evaluation,1000,True,47.0,48.0,6,19,947,28,8,21.0,21.0,0.047,0.03473506226679595,0.06201263069330516,0.006,0.0022049824851513773,0.013013423270974454,0.019,0.011477036993100945,0.029512401625097755,0.947,0.9312448167100368,0.9600507476399807,0.028,0.018684686195537568,0.04021488737384334
m2_M_d10_r0,2,M,0.1,False,S4,covered_grid,evaluation,1000,True,41.0,42.0,10,8,949,33,2,21.0,21.0,0.041,0.029580168534036114,0.055212459315299285,0.01,0.004805510691049308,0.018313243055112515,0.008,0.003459976165329311,0.015702049176074654,0.949,0.9334865384050651,0.9617947632253139,0.033,0.02282238334945957,0.0460339818170232
m2_M_d10_r0,2,M,0.1,True,S1,covered_grid,evaluation,1000,True,12.0,33.0,988,0,0,12,988,16.0,16.0,0.012,0.006215525559595244,0.020867679591036435,0.988,0.9791323204089636,0.9937844744404047,0.0,0.0,0.003682083896865671,0.0,0.0,0.003682083896865671,0.012,0.006215525559595244,0.020867679591036435
m2_M_d10_r0,2,M,0.1,True,S3,covered_grid,evaluation,1000,True,13.0,48.0,987,0,0,13,983,16.0,16.0,0.013,0.006939617502851475,0.022127803636778482,0.987,0.9778721963632215,0.9930603824971486,0.0,0.0,0.003682083896865671,0.0,0.0,0.003682083896865671,0.013,0.006939617502851475,0.022127803636778482
m2_M_d10_r0,2,M,0.1,True,S4,covered_grid,evaluation,1000,True,4.0,37.0,996,0,0,4,925,16.0,16.0,0.004,0.0010909079877259714,0.010209664683929856,0.996,0.9897903353160702,0.9989090920122741,0.0,0.0,0.003682083896865671,0.0,0.0,0.003682083896865671,0.004,0.0010909079877259714,0.010209664683929856
m2_M_d10_r1,2,M,0.1,False,S1,covered_grid,evaluation,1000,True,22.0,32.0,973,8,5,14,742,16.0,16.0,0.022,0.013837414172073851,0.03311966451498781,0.973,0.9609582531940298,0.9821330940747504,0.008,0.003459976165329311,0.015702049176074654,0.005,0.00162541951756276,0.01162947055981214,0.014,0.007674501565020781,0.023378156010314545
m2_M_d10_r1,2,M,0.1,False,S3,covered_grid,evaluation,1000,True,15.0,36.0,944,2,41,13,434,21.0,21.0,0.015,0.008419049750034378,0.02461970009704124,0.944,0.9278922537167473,0.9574244503133829,0.002,0.00024230111687723185,0.007205838911457516,0.041,0.029580168534036114,0.055212459315299285,0.013,0.006939617502851475,0.022127803636778482
m2_M_d10_r1,2,M,0.1,False,S4,covered_grid,evaluation,1000,True,19.0,43.0,834,0,147,19,191,21.0,21.0,0.019,0.011477036993100945,0.029512401625097755,0.834,0.80946321145812,0.8565513384158628,0.0,0.0,0.003682083896865671,0.147,0.12561721113351154,0.17048407987908906,0.019,0.011477036993100945,0.029512401625097755
m2_M_d10_r1,2,M,0.1,True,S1,covered_grid,evaluation,1000,True,12.0,32.0,988,0,0,12,988,16.0,16.0,0.012,0.006215525559595244,0.020867679591036435,0.988,0.9791323204089636,0.9937844744404047,0.0,0.0,0.003682083896865671,0.0,0.0,0.003682083896865671,0.012,0.006215525559595244,0.020867679591036435
m2_M_d10_r1,2,M,0.1,True,S3,covered_grid,evaluation,1000,True,5.0,37.0,995,0,0,5,995,16.0,16.0,0.005,0.00162541951756276,0.01162947055981214,0.995,0.9883705294401879,0.9983745804824372,0.0,0.0,0.003682083896865671,0.0,0.0,0.003682083896865671,0.005,0.00162541951756276,0.01162947055981214
m2_M_d10_r1,2,M,0.1,True,S4,covered_grid,evaluation,1000,True,1.0,34.0,999,0,0,1,999,16.0,16.0,0.001,2.531748749129404e-05,0.005558924279826698,0.999,0.9944410757201733,0.9999746825125088,0.0,0.0,0.003682083896865671,0.0,0.0,0.003682083896865671,0.001,2.531748749129404e-05,0.005558924279826698
m2_M_d10_r2,2,M,0.1,False,S1,covered_grid,evaluation,1000,True,7.0,39.0,993,0,0,7,993,16.0,16.0,0.007,0.002818858759620524,0.014369194978918611,0.993,0.9856308050210814,0.9971811412403795,0.0,0.0,0.003682083896865671,0.0,0.0,0.003682083896865671,0.007,0.002818858759620524,0.014369194978918611
m2_M_d10_r2,2,M,0.1,False,S3,covered_grid,evaluation,1000,True,8.0,45.0,992,0,0,8,992,16.0,16.0,0.008,0.003459976165329311,0.015702049176074654,0.992,0.9842979508239253,0.9965400238346707,0.0,0.0,0.003682083896865671,0.0,0.0,0.003682083896865671,0.008,0.003459976165329311,0.015702049176074654
m2_M_d10_r2,2,M,0.1,False,S4,covered_grid,evaluation,1000,True,4.0,46.0,996,0,0,4,996,16.0,16.0,0.004,0.0010909079877259714,0.010209664683929856,0.996,0.9897903353160702,0.9989090920122741,0.0,0.0,0.003682083896865671,0.0,0.0,0.003682083896865671,0.004,0.0010909079877259714,0.010209664683929856
m2_M_d10_r2,2,M,0.1,True,S1,covered_grid,evaluation,1000,True,7.0,40.0,993,0,0,7,993,16.0,16.0,0.007,0.002818858759620524,0.014369194978918611,0.993,0.9856308050210814,0.9971811412403795,0.0,0.0,0.003682083896865671,0.0,0.0,0.003682083896865671,0.007,0.002818858759620524,0.014369194978918611
m2_M_d10_r2,2,M,0.1,True,S3,covered_grid,evaluation,1000,True,8.0,45.0,992,0,0,8,992,16.0,16.0,0.008,0.003459976165329311,0.015702049176074654,0.992,0.9842979508239253,0.9965400238346707,0.0,0.0,0.003682083896865671,0.0,0.0,0.003682083896865671,0.008,0.003459976165329311,0.015702049176074654
m2_M_d10_r2,2,M,0.1,True,S4,covered_grid,evaluation,1000,True,3.0,37.0,997,0,0,3,997,16.0,16.0,0.003,0.0006190999316495713,0.008742023238478308,0.997,0.9912579767615217,0.9993809000683505,0.0,0.0,0.003682083896865671,0.0,0.0,0.003682083896865671,0.003,0.0006190999316495713,0.008742023238478308
m2_S_d02_r0,2,S,0.02,False,S1,covered_grid,evaluation,1000,True,26.0,26.0,0,8,975,17,1,21.0,,0.026,0.017052786345629425,0.037865122478921515,0.0,0.0,0.003682083896865671,0.008,0.003459976165329311,0.015702049176074654,0.975,0.9633151769480769,0.9837574643031177,0.017,0.009933512592716534,0.027079496864851435
m2_S_d02_r0,2,S,0.02,False,S3,covered_grid,evaluation,1000,True,42.0,43.0,2,8,958,32,2,21.0,18.5,0.042,0.030434706263140023,0.05635029157574473,0.002,0.00024230111687723185,0.007205838911457516,0.008,0.003459976165329311,0.015702049176074654,0.958,0.9436497084242552,0.96956529373686,0.032,0.02198884960564242,0.04487590283500927
m2_S_d02_r0,2,S,0.02,False,S4,covered_grid,evaluation,1000,True,48.0,48.0,3,13,954,30,1,21.0,21.0,0.048,0.03560026534288328,0.06314011540150924,0.003,0.0006190999316495713,0.008742023238478308,0.013,0.006939617502851475,0.022127803636778482,0.954,0.9391164472862573,0.9661285014523221,0.03,0.020330485683109627,0.042551402470029004
m2_S_d02_r0,2,S,0.02,True,S1,covered_grid,evaluation,1000,True,19.0,26.0,469,2,516,13,282,16.0,16.0,0.019,0.011477036993100945,0.029512401625097755,0.469,0.4377001420490138,0.5004828555633052,0.002,0.00024230111687723185,0.007205838911457516,0.516,0.4845177802207623,0.5473877721454373,0.013,0.006939617502851475,0.022127803636778482
m2_S_d02_r0,2,S,0.02,True,S3,covered_grid,evaluation,1000,True,21.0,43.0,284,2,697,17,92,21.0,21.0,0.021,0.013045192290387683,0.031922335180415505,0.284,0.2562211950237551,0.31305668219594635,0.002,0.00024230111687723185,0.007205838911457516,0.697,0.6674670123954286,0.7253680121243788,0.017,0.009933512592716534,0.027079496864851435
m2_S_d02_r0,2,S,0.02,True,S4,covered_grid,evaluation,1000,True,40.0,48.0,143,2,818,37,21,21.0,21.0,0.04,0.028727625285890793,0.05407269681936848,0.143,0.12187864287589154,0.1662471565967218,0.002,0.00024230111687723185,0.007205838911457516,0.818,0.7926611505098349,0.841450346688562,0.037,0.026182708843737332,0.05064112305992494
m2_S_d02_r1,2,S,0.02,False,S1,covered_grid,evaluation,1000,True,17.0,17.0,1,3,982,14,1,21.0,21.0,0.017,0.009933512592716534,0.027079496864851435,0.001,2.531748749129404e-05,0.005558924279826698,0.003,0.0006190999316495713,0.008742023238478308,0.982,0.9717009587509808,0.9892980520705853,0.014,0.007674501565020781,0.023378156010314545
m2_S_d02_r1,2,S,0.02,False,S3,covered_grid,evaluation,1000,True,23.0,23.0,4,0,973,23,0,21.0,21.0,0.023,0.014634582325176759,0.03431233761285442,0.004,0.0010909079877259714,0.010209664683929856,0.0,0.0,0.003682083896865671,0.973,0.9609582531940298,0.9821330940747504,0.023,0.014634582325176759,0.03431233761285442
m2_S_d02_r1,2,S,0.02,False,S4,covered_grid,evaluation,1000,True,42.0,42.0,15,10,943,32,1,21.0,21.0,0.042,0.030434706263140023,0.05635029157574473,0.015,0.008419049750034378,0.02461970009704124,0.01,0.004805510691049308,0.018313243055112515,0.943,0.9267772705393378,0.9565464180630414,0.032,0.02198884960564242,0.04487590283500927
m2_S_d02_r1,2,S,0.02,True,S1,covered_grid,evaluation,1000,True,13.0,17.0,113,0,882,5,67,16.0,16.0,0.013,0.006939617502851475,0.022127803636778482,0.113,0.09403966675438756,0.13427178080353835,0.0,0.0,0.003682083896865671,0.882,0.8603722794655597,0.9013474836051032,0.005,0.00162541951756276,0.01162947055981214
m2_S_d02_r1,2,S,0.02,True,S3,covered_grid,evaluation,1000,True,19.0,23.0,57,2,925,16,16,21.0,21.0,0.019,0.011477036993100945,0.029512401625097755,0.057,0.0434535819369586,0.07322272946066227,0.002,0.00024230111687723185,0.007205838911457516,0.925,0.9068915530385009,0.9405538717887368,0.016,0.009172319269222079,0.02585324908137344
m2_S_d02_r1,2,S,0.02,True,S4,covered_grid,evaluation,1000,True,41.0,42.0,27,14,934,25,3,21.0,21.0,0.041,0.029580168534036114,0.055212459315299285,0.027,0.01786690592524969,0.03904174680597018,0.014,0.007674501565020781,0.023378156010314545,0.934,0.9167939495385973,0.9485914339810815,0.025,0.01624253569688223,0.036684823051923054
m2_S_d02_r2,2,S,0.02,False,S1,covered_grid,evaluation,1000,True,34.0,36.0,4,11,968,17,3,21.0,18.5,0.034,0.02365864810759675,0.047189438615707534,0.004,0.0010909079877259714,0.010209664683929856,0.011,0.005503594192313587,0.01959662822201655,0.968,0.9551240971649908,0.9780111503943576,0.017,0.009933512592716534,0.027079496864851435
m2_S_d02_r2,2,S,0.02,False,S3,covered_grid,evaluation,1000,True,26.0,27.0,8,5,968,19,1,21.0,21.0,0.026,0.017052786345629425,0.037865122478921515,0.008,0.003459976165329311,0.015702049176074654,0.005,0.00162541951756276,0.01162947055981214,0.968,0.9551240971649908,0.9780111503943576,0.019,0.011477036993100945,0.029512401625097755
m2_S_d02_r2,2,S,0.02,False,S4,covered_grid,evaluation,1000,True,38.0,39.0,22,10,942,26,1,21.0,21.0,0.038,0.027028815982983925,0.05178710362196415,0.022,0.013837414172073851,0.03311966451498781,0.01,0.004805510691049308,0.018313243055112515,0.942,0.9256635046176483,0.9556671397471793,0.026,0.017052786345629425,0.037865122478921515
m2_S_d02_r2,2,S,0.02,True,S1,covered_grid,evaluation,1000,True,25.0,36.0,99,14,876,11,56,21.0,16.0,0.025,0.01624253569688223,0.036684823051923054,0.099,0.08119112894696874,0.11920848268620649,0.014,0.007674501565020781,0.023378156010314545,0.876,0.8539601750294528,0.8957968808047537,0.011,0.005503594192313587,0.01959662822201655
m2_S_d02_r2,2,S,0.02,True,S3,covered_grid,evaluation,1000,True,26.0,27.0,45,11,929,15,8,21.0,21.0,0.026,0.017052786345629425,0.037865122478921515,0.045,0.033009625431148756,0.059752832693407795,0.011,0.005503594192313587,0.01959662822201655,0.929,0.9112835591132127,0.9441353517501024,0.015,0.008419049750034378,0.02461970009704124
m2_S_d02_r2,2,S,0.02,True,S4,covered_grid,evaluation,1000,True,37.0,39.0,65,10,898,27,3,21.0,21.0,0.037,0.026182708843737332,0.05064112305992494,0.065,0.050520309689617925,0.08210106992137103,0.01,0.004805510691049308,0.018313243055112515,0.898,0.877554848934442,0.9160645399595132,0.027,0.01786690592524969,0.03904174680597018
m2_S_d05_r0,2,S,0.05,False,S1,covered_grid,evaluation,1000,True,20.0,21.0,1,4,980,15,3,16.0,16.0,0.02,0.012258267972406329,0.030720032682609023,0.001,2.531748749129404e-05,0.005558924279826698,0.004,0.0010909079877259714,0.010209664683929856,0.98,0.969279967317391,0.9877417320275936,0.015,0.008419049750034378,0.02461970009704124
m2_S_d05_r0,2,S,0.05,False,S3,covered_grid,evaluation,1000,True,43.0,43.0,2,11,955,32,3,21.0,21.0,0.043,0.0312911704560926,0.057486257961972334,0.002,0.00024230111687723185,0.007205838911457516,0.011,0.005503594192313587,0.01959662822201655,0.955,0.9402471673065922,0.9669903745688513,0.032,0.02198884960564242,0.04487590283500927
m2_S_d05_r0,2,S,0.05,False,S4,covered_grid,evaluation,1000,True,43.0,44.0,4,12,953,31,2,21.0,21.0,0.043,0.0312911704560926,0.057486257961972334,0.004,0.0010909079877259714,0.010209664683929856,0.012,0.006215525559595244,0.020867679591036435,0.953,0.9379873693066948,0.9652649377332041,0.031,0.021158171970208632,0.04371508500623898
m2_S_d05_r0,2,S,0.05,False,S1,half_noise,stress,1000,True,0.0,0.0,0,0,1000,0,0,,,0.0,0.0,0.003682083896865671,0.0,0.0,0.003682083896865671,0.0,0.0,0.003682083896865671,1.0,0.9963179161031344,1.0,0.0,0.0,0.003682083896865671
m2_S_d05_r0,2,S,0.05,False,S3,half_noise,stress,1000,True,0.0,0.0,0,0,1000,0,0,,,0.0,0.0,0.003682083896865671,0.0,0.0,0.003682083896865671,0.0,0.0,0.003682083896865671,1.0,0.9963179161031344,1.0,0.0,0.0,0.003682083896865671
m2_S_d05_r0,2,S,0.05,False,S4,half_noise,stress,1000,True,0.0,0.0,0,0,1000,0,0,,,0.0,0.0,0.003682083896865671,0.0,0.0,0.003682083896865671,0.0,0.0,0.003682083896865671,1.0,0.9963179161031344,1.0,0.0,0.0,0.003682083896865671
m2_S_d05_r0,2,S,0.05,False,S1,double_noise,stress,1000,True,476.0,477.0,3,51,521,425,23,21.0,21.0,0.476,0.4446556409289747,0.5074860323897052,0.003,0.0006190999316495713,0.008742023238478308,0.051,0.03820523677468615,0.06651346159493483,0.521,0.4895144677688219,0.5523615687672607,0.425,0.3941203218339532,0.4563225008918246
m2_S_d05_r0,2,S,0.05,False,S3,double_noise,stress,1000,True,837.0,848.0,18,26,145,811,23,16.0,16.0,0.837,0.812621856215511,0.8593744596403597,0.018,0.010701947929414703,0.028299041249019146,0.026,0.017052786345629425,0.037865122478921515,0.145,0.12374721727175494,0.1683663220919312,0.811,0.7853322572510838,0.8348215135328766
m2_S_d05_r0,2,S,0.05,False,S4,double_noise,stress,1000,True,988.0,996.0,9,15,3,973,22,16.0,16.0,0.988,0.9791323204089636,0.9937844744404047,0.009,0.004123395660342473,0.017015783069894617,0.015,0.008419049750034378,0.02461970009704124,0.003,0.0006190999316495713,0.008742023238478308,0.973,0.9609582531940298,0.9821330940747504
m2_S_d05_r0,2,S,0.05,False,S1,strong_correlation,stress,1000,True,453.0,454.0,2,53,545,400,24,21.0,18.5,0.453,0.4218247766291605,0.4844526857305389,0.002,0.00024230111687723185,0.007205838911457516,0.053,0.03994925236001938,0.06875518328996323,0.545,0.5135417946628289,0.5761925519209224,0.4,0.36946898754891244,0.4311215540441069
m2_S_d05_r0,2,S,0.05,False,S3,strong_correlation,stress,1000,True,836.0,843.0,10,21,154,815,25,16.0,16.0,0.836,0.8115686724739016,0.8584337235456381,0.01,0.004805510691049308,0.018313243055112515,0.021,0.013045192290387683,0.031922335180415505,0.154,0.13217302837265327,0.17788548052787564,0.815,0.7895186222266537,0.8386110018212143
m2_S_d05_r0,2,S,0.05,False,S4,strong_correlation,stress,1000,True,672.0,685.0,35,63,295,607,44,21.0,21.0,0.672,0.6419273442293649,0.7010559991574354,0.035,0.02449752789475872,0.04834238161422173,0.063,0.04874692755658055,0.0798880418733545,0.295,0.2668728743119347,0.324339617792601,0.607,0.5759493233510821,0.637418756989346
m2_S_d05_r0,2,S,0.05,False,S1,drifting_bias,stress,1000,True,213.0,213.0,1,36,786,177,20,16.0,16.0,0.213,0.18799885180607948,0.23970296792612525,0.001,2.531748749129404e-05,0.005558924279826698,0.036,0.02533891492983775,0.04949291171801233,0.786,0.7592568214400275,0.811047360389367,0.177,0.15382282670139608,0.20209592130778106
m2_S_d05_r0,2,S,0.05,False,S3,drifting_bias,stress,1000,True,903.0,908.0,6,14,91,889,17,16.0,16.0,0.903,0.8829521560197129,0.9206355281706361,0.006,0.0022049824851513773,0.013013423270974454,0.014,0.007674501565020781,0.023378156010314545,0.091,0.0738991299424797,0.11055149410186922,0.889,0.8678739382413079,0.907802092795809
m2_S_d05_r0,2,S,0.05,False,S4,drifting_bias,stress,1000,True,901.0,919.0,31,31,69,869,42,16.0,16.0,0.901,0.8807915173137935,0.9188088710530312,0.031,0.021158171970208632,0.04371508500623898,0.031,0.021158171970208632,0.04371508500623898,0.069,0.0540793357932563,0.08651510934571155,0.869,0.846498829599843,0.8893015389687803
m2_S_d05_r0,2,S,0.05,False,S1,gain_error,stress,1000,True,35.0,35.0,2,11,963,24,3,21.0,21.0,0.035,0.02449752789475872,0.04834238161422173,0.002,0.00024230111687723185,0.007205838911457516,0.011,0.005503594192313587,0.01959662822201655,0.963,0.949358876940075,0.9738172911562627,0.024,0.01543638323350848,0.035500638531359305
m2_S_d05_r0,2,S,0.05,False,S3,gain_error,stress,1000,True,850.0,850.0,6,8,144,842,4,21.0,21.0,0.85,0.826341871432964,0.8715751888838272,0.006,0.0022049824851513773,0.013013423270974454,0.008,0.003459976165329311,0.015702049176074654,0.144,0.12281275110751592,0.16730691681579116,0.842,0.8178923975121415,0.8640734838150352
m2_S_d05_r0,2,S,0.05,False,S4,gain_error,stress,1000,True,824.0,828.0,11,17,166,806,15,16.0,21.0,0.824,0.7989534872821922,0.8471217103835686,0.011,0.005503594192313587,0.01959662822201655,0.017,0.009933512592716534,0.027079496864851435,0.166,0.14344866158413716,0.1905367885418801,0.806,0.7801050610268592,0.8300788590524634
m2_S_d05_r0,2,S,0.05,True,S1,covered_grid,evaluation,1000,True,12.0,21.0,988,0,0,12,980,16.0,16.0,0.012,0.006215525559595244,0.020867679591036435,0.988,0.9791323204089636,0.9937844744404047,0.0,0.0,0.003682083896865671,0.0,0.0,0.003682083896865671,0.012,0.006215525559595244,0.020867679591036435
m2_S_d05_r0,2,S,0.05,True,S3,covered_grid,evaluation,1000,True,9.0,43.0,980,0,11,9,905,16.0,16.0,0.009,0.004123395660342473,0.017015783069894617,0.98,0.969279967317391,0.9877417320275936,0.0,0.0,0.003682083896865671,0.011,0.005503594192313587,0.01959662822201655,0.009,0.004123395660342473,0.017015783069894617
m2_S_d05_r0,2,S,0.05,True,S4,covered_grid,evaluation,1000,True,6.0,44.0,977,0,17,6,783,16.0,16.0,0.006,0.0022049824851513773,0.013013423270974454,0.977,0.9656876623871455,0.9853654176748232,0.0,0.0,0.003682083896865671,0.017,0.009933512592716534,0.027079496864851435,0.006,0.0022049824851513773,0.013013423270974454
m2_S_d05_r0,2,S,0.05,True,S1,half_noise,stress,1000,True,0.0,0.0,1000,0,0,0,1000,16.0,16.0,0.0,0.0,0.003682083896865671,1.0,0.9963179161031344,1.0,0.0,0.0,0.003682083896865671,0.0,0.0,0.003682083896865671,0.0,0.0,0.003682083896865671
m2_S_d05_r0,2,S,0.05,True,S3,half_noise,stress,1000,True,0.0,0.0,1000,0,0,0,951,16.0,16.0,0.0,0.0,0.003682083896865671,1.0,0.9963179161031344,1.0,0.0,0.0,0.003682083896865671,0.0,0.0,0.003682083896865671,0.0,0.0,0.003682083896865671
m2_S_d05_r0,2,S,0.05,True,S4,half_noise,stress,1000,True,0.0,0.0,919,0,81,0,431,21.0,21.0,0.0,0.0,0.003682083896865671,0.919,0.9003283010315127,0.935156460291505,0.0,0.0,0.003682083896865671,0.081,0.06484353970849498,0.09967169896848727,0.0,0.0,0.003682083896865671
m2_S_d05_r0,2,S,0.05,True,S1,double_noise,stress,1000,True,301.0,477.0,687,5,14,294,677,16.0,16.0,0.301,0.2726912438793318,0.33048560805544913,0.687,0.6572395842499683,0.7156547970512914,0.005,0.00162541951756276,0.01162947055981214,0.014,0.007674501565020781,0.023378156010314545,0.294,0.2659037142365126,0.3233147195188709
m2_S_d05_r0,2,S,0.05,True,S3,double_noise,stress,1000,True,605.0,848.0,390,5,5,600,385,16.0,16.0,0.605,0.5739284124870054,0.635451491003016,0.39,0.35963133997261726,0.4210183157288174,0.005,0.00162541951756276,0.01162947055981214,0.005,0.00162541951756276,0.01162947055981214,0.6,0.5688784459558931,0.6305310124510876
m2_S_d05_r0,2,S,0.05,True,S4,double_noise,stress,1000,True,909.0,996.0,91,1,0,908,92,16.0,16.0,0.909,0.8894485058981307,0.9261008700575203,0.091,0.0738991299424797,0.11055149410186922,0.001,2.531748749129404e-05,0.005558924279826698,0.0,0.0,0.003682083896865671,0.908,0.8883642274816803,0.9251915548221445
m2_S_d05_r0,2,S,0.05,True,S1,strong_correlation,stress,1000,True,275.0,454.0,716,10,12,262,691,16.0,16.0,0.275,0.24752134365550058,0.3038100774529292,0.716,0.6869433178040536,0.7437788049762449,0.01,0.004805510691049308,0.018313243055112515,0.012,0.006215525559595244,0.020867679591036435,0.262,0.234979869755299,0.2904289758446697
m2_S_d05_r0,2,S,0.05,True,S3,strong_correlation,stress,1000,True,581.0,843.0,415,3,4,578,395,16.0,16.0,0.581,0.5497183615997399,0.6118033707732207,0.415,0.384250073925343,0.44625182613194225,0.003,0.0006190999316495713,0.008742023238478308,0.004,0.0010909079877259714,0.010209664683929856,0.578,0.5466973532815693,0.6088421020852304
m2_S_d05_r0,2,S,0.05,True,S4,strong_correlation,stress,1000,True,348.0,685.0,633,2,20,345,563,16.0,16.0,0.348,0.3184612141478579,0.37843694448153375,0.633,0.6022699716904012,0.6629443378664157,0.002,0.00024230111687723185,0.007205838911457516,0.02,0.012258267972406329,0.030720032682609023,0.345,0.3155299232756725,0.37538600230486446
m2_S_d05_r0,2,S,0.05,True,S1,drifting_bias,stress,1000,True,85.0,213.0,895,0,20,85,878,16.0,16.0,0.085,0.06845727877099017,0.10403198577837726,0.895,0.8743231515446638,0.9133151751754599,0.0,0.0,0.003682083896865671,0.02,0.012258267972406329,0.030720032682609023,0.085,0.06845727877099017,0.10403198577837726
m2_S_d05_r0,2,S,0.05,True,S3,drifting_bias,stress,1000,True,684.0,908.0,309,1,7,683,299,16.0,16.0,0.684,0.6541743923933121,0.712737788048678,0.309,0.2804580317273357,0.33867132471628764,0.001,2.531748749129404e-05,0.005558924279826698,0.007,0.002818858759620524,0.014369194978918611,0.683,0.6531529694410998,0.7117651432741482
m2_S_d05_r0,2,S,0.05,True,S4,drifting_bias,stress,1000,True,572.0,919.0,424,2,4,570,400,16.0,16.0,0.572,0.5406587958553852,0.6029161022864907,0.424,0.39313271904004543,0.45531601087038576,0.002,0.00024230111687723185,0.007205838911457516,0.004,0.0010909079877259714,0.010209664683929856,0.57,0.5386469648923902,0.6009397466063688
m2_S_d05_r0,2,S,0.05,True,S1,gain_error,stress,1000,True,61.0,130.0,936,1,3,60,924,16.0,16.0,0.061,0.04697787554108021,0.07767077404912352,0.936,0.919004925632949,0.9503669107081509,0.001,2.531748749129404e-05,0.005558924279826698,0.003,0.0006190999316495713,0.008742023238478308,0.06,0.04609503542248433,0.07656049040393477
m2_S_d05_r0,2,S,0.05,True,S3,gain_error,stress,1000,True,829.0,867.0,171,0,0,829,161,16.0,16.0,0.829,0.8042047464024096,0.851840151816802,0.171,0.14815984818319808,0.19579525359759042,0.0,0.0,0.003682083896865671,0.0,0.0,0.003682083896865671,0.829,0.8042047464024096,0.851840151816802
m2_S_d05_r0,2,S,0.05,True,S4,gain_error,stress,1000,True,795.0,848.0,203,0,2,795,185,16.0,16.0,0.795,0.7686268950660801,0.8196232310113184,0.203,0.178473576324016,0.22928832325814114,0.0,0.0,0.003682083896865671,0.002,0.00024230111687723185,0.007205838911457516,0.795,0.7686268950660801,0.8196232310113184
m2_S_d05_r1,2,S,0.05,False,S1,covered_grid,evaluation,1000,True,24.0,25.0,2,6,974,18,2,21.0,18.5,0.024,0.01543638323350848,0.035500638531359305,0.002,0.00024230111687723185,0.007205838911457516,0.006,0.0022049824851513773,0.013013423270974454,0.974,0.9621348775210785,0.9829472136543705,0.018,0.010701947929414703,0.028299041249019146
m2_S_d05_r1,2,S,0.05,False,S3,covered_grid,evaluation,1000,True,41.0,43.0,11,3,948,38,2,21.0,21.0,0.041,0.029580168534036114,0.055212459315299285,0.011,0.005503594192313587,0.01959662822201655,0.003,0.0006190999316495713,0.008742023238478308,0.948,0.9323649859494927,0.9609234650560194,0.038,0.027028815982983925,0.05178710362196415
m2_S_d05_r1,2,S,0.05,False,S4,covered_grid,evaluation,1000,True,53.0,56.0,26,5,921,48,4,21.0,21.0,0.053,0.03994925236001938,0.06875518328996323,0.026,0.017052786345629425,0.037865122478921515,0.005,0.00162541951756276,0.01162947055981214,0.921,0.9025129050930988,0.9369587971905401,0.048,0.03560026534288328,0.06314011540150924
m2_S_d05_r1,2,S,0.05,True,S1,covered_grid,evaluation,1000,True,13.0,25.0,957,3,30,10,904,16.0,16.0,0.013,0.006939617502851475,0.022127803636778482,0.957,0.9425137420380276,0.9687088295439074,0.003,0.0006190999316495713,0.008742023238478308,0.03,0.020330485683109627,0.042551402470029004,0.01,0.004805510691049308,0.018313243055112515
m2_S_d05_r1,2,S,0.05,True,S3,covered_grid,evaluation,1000,True,12.0,43.0,855,2,133,10,652,16.0,16.0,0.012,0.006215525559595244,0.020867679591036435,0.855,0.8316336779080689,0.876252782728245,0.002,0.00024230111687723185,0.007205838911457516,0.133,0.1125579643868474,0.1556293270471284,0.01,0.004805510691049308,0.018313243055112515
m2_S_d05_r1,2,S,0.05,True,S4,covered_grid,evaluation,1000,True,10.0,56.0,846,0,144,10,505,16.0,16.0,0.01,0.004805510691049308,0.018313243055112515,0.846,0.8221145194721243,0.8678269716273468,0.0,0.0,0.003682083896865671,0.144,0.12281275110751592,0.16730691681579116,0.01,0.004805510691049308,0.018313243055112515
m2_S_d05_r2,2,S,0.05,False,S1,covered_grid,evaluation,1000,True,36.0,36.0,1,13,966,20,2,21.0,21.0,0.036,0.02533891492983775,0.04949291171801233,0.001,2.531748749129404e-05,0.005558924279826698,0.013,0.006939617502851475,0.022127803636778482,0.966,0.9528105613842924,0.9763413518924032,0.02,0.012258267972406329,0.030720032682609023
m2_S_d05_r2,2,S,0.05,False,S3,covered_grid,evaluation,1000,True,48.0,50.0,11,12,943,34,5,21.0,21.0,0.048,0.03560026534288328,0.06314011540150924,0.011,0.005503594192313587,0.01959662822201655,0.012,0.006215525559595244,0.020867679591036435,0.943,0.9267772705393378,0.9565464180630414,0.034,0.02365864810759675,0.047189438615707534
m2_S_d05_r2,2,S,0.05,False,S4,covered_grid,evaluation,1000,True,53.0,60.0,149,6,798,47,11,21.0,21.0,0.053,0.03994925236001938,0.06875518328996323,0.149,0.12748860044831303,0.1726004535808253,0.006,0.0022049824851513773,0.013013423270974454,0.798,0.7717544218601164,0.8224776638277916,0.047,0.03473506226679595,0.06201263069330516
m2_S_d05_r2,2,S,0.05,True,S1,covered_grid,evaluation,1000,True,26.0,36.0,498,8,481,13,341,16.0,16.0,0.026,0.017052786345629425,0.037865122478921515,0.498,0.4665553231858496,0.5294564826459982,0.008,0.003459976165329311,0.015702049176074654,0.481,0.44962757811660675,0.5124845789334569,0.013,0.006939617502851475,0.022127803636778482
m2_S_d05_r2,2,S,0.05,True,S3,covered_grid,evaluation,1000,True,34.0,50.0,304,5,666,25,124,21.0,21.0,0.034,0.02365864810759675,0.047189438615707534,0.304,0.27560259921909797,0.33355643868968887,0.005,0.00162541951756276,0.01162947055981214,0.666,0.6358119134360835,0.6952069925690265,0.025,0.01624253569688223,0.036684823051923054
m2_S_d05_r2,2,S,0.05,True,S4,covered_grid,evaluation,1000,True,46.0,60.0,351,8,603,38,41,21.0,21.0,0.046,0.03387149854767792,0.060883552713742635,0.351,0.32139379311897687,0.3814866010926249,0.008,0.003459976165329311,0.015702049176074654,0.603,0.5719080304491756,0.6334836955066023,0.038,0.027028815982983925,0.05178710362196415
m2_S_d10_r0,2,S,0.1,False,S1,covered_grid,evaluation,1000,True,26.0,27.0,15,12,959,14,9,21.0,21.0,0.026,0.017052786345629425,0.037865122478921515,0.015,0.008419049750034378,0.02461970009704124,0.012,0.006215525559595244,0.020867679591036435,0.959,0.9447875406847007,0.9704198314659639,0.014,0.007674501565020781,0.023378156010314545
m2_S_d10_r0,2,S,0.1,False,S3,covered_grid,evaluation,1000,True,37.0,43.0,16,7,947,30,10,21.0,21.0,0.037,0.026182708843737332,0.05064112305992494,0.016,0.009172319269222079,0.02585324908137344,0.007,0.002818858759620524,0.014369194978918611,0.947,0.9312448167100368,0.9600507476399807,0.03,0.020330485683109627,0.042551402470029004
m2_S_d10_r0,2,S,0.1,False,S4,covered_grid,evaluation,1000,True,50.0,50.0,6,6,944,44,0,21.0,21.0,0.05,0.037335397604661785,0.06539048791549365,0.006,0.0022049824851513773,0.013013423270974454,0.006,0.0022049824851513773,0.013013423270974454,0.944,0.9278922537167473,0.9574244503133829,0.044,0.032149497010871435,0.05862041920633091
m2_S_d10_r0,2,S,0.1,True,S1,covered_grid,evaluation,1000,True,17.0,27.0,983,0,0,17,983,16.0,16.0,0.017,0.009933512592716534,0.027079496864851435,0.983,0.9729205031351486,0.9900664874072834,0.0,0.0,0.003682083896865671,0.0,0.0,0.003682083896865671,0.017,0.009933512592716534,0.027079496864851435
m2_S_d10_r0,2,S,0.1,True,S3,covered_grid,evaluation,1000,True,10.0,43.0,990,0,0,10,990,16.0,16.0,0.01,0.004805510691049308,0.018313243055112515,0.99,0.9816867569448875,0.9951944893089507,0.0,0.0,0.003682083896865671,0.0,0.0,0.003682083896865671,0.01,0.004805510691049308,0.018313243055112515
m2_S_d10_r0,2,S,0.1,True,S4,covered_grid,evaluation,1000,True,2.0,50.0,998,0,0,2,998,16.0,16.0,0.002,0.00024230111687723185,0.007205838911457516,0.998,0.9927941610885425,0.9997576988831227,0.0,0.0,0.003682083896865671,0.0,0.0,0.003682083896865671,0.002,0.00024230111687723185,0.007205838911457516
m2_S_d10_r1,2,S,0.1,False,S1,covered_grid,evaluation,1000,True,21.0,29.0,203,2,776,19,61,21.0,21.0,0.021,0.013045192290387683,0.031922335180415505,0.203,0.178473576324016,0.22928832325814114,0.002,0.00024230111687723185,0.007205838911457516,0.776,0.7488668141614596,0.8014973242062073,0.019,0.011477036993100945,0.029512401625097755
m2_S_d10_r1,2,S,0.1,False,S3,covered_grid,evaluation,1000,True,28.0,33.0,131,3,841,25,20,21.0,21.0,0.028,0.018684686195537568,0.04021488737384334,0.131,0.11069846103121972,0.15350117040015693,0.003,0.0006190999316495713,0.008742023238478308,0.841,0.8168376651825233,0.8631343076614678,0.025,0.01624253569688223,0.036684823051923054
m2_S_d10_r1,2,S,0.1,False,S4,covered_grid,evaluation,1000,True,39.0,44.0,70,2,891,37,5,21.0,21.0,0.039,0.027877148795336416,0.052930935785445075,0.07,0.05497152491916994,0.08761623348928463,0.002,0.00024230111687723185,0.007205838911457516,0.891,0.8700216346570648,0.9096418523230805,0.037,0.026182708843737332,0.05064112305992494
m2_S_d10_r1,2,S,0.1,True,S1,covered_grid,evaluation,1000,True,4.0,29.0,996,0,0,4,996,16.0,16.0,0.004,0.0010909079877259714,0.010209664683929856,0.996,0.9897903353160702,0.9989090920122741,0.0,0.0,0.003682083896865671,0.0,0.0,0.003682083896865671,0.004,0.0010909079877259714,0.010209664683929856
m2_S_d10_r1,2,S,0.1,True,S3,covered_grid,evaluation,1000,True,4.0,33.0,996,0,0,4,996,16.0,16.0,0.004,0.0010909079877259714,0.010209664683929856,0.996,0.9897903353160702,0.9989090920122741,0.0,0.0,0.003682083896865671,0.0,0.0,0.003682083896865671,0.004,0.0010909079877259714,0.010209664683929856
m2_S_d10_r1,2,S,0.1,True,S4,covered_grid,evaluation,1000,True,1.0,44.0,999,0,0,1,999,16.0,16.0,0.001,2.531748749129404e-05,0.005558924279826698,0.999,0.9944410757201733,0.9999746825125088,0.0,0.0,0.003682083896865671,0.0,0.0,0.003682083896865671,0.001,2.531748749129404e-05,0.005558924279826698
m2_S_d10_r2,2,S,0.1,False,S1,covered_grid,evaluation,1000,True,35.0,43.0,419,19,546,16,136,21.0,21.0,0.035,0.02449752789475872,0.04834238161422173,0.419,0.38819662922677933,0.4502816384002601,0.019,0.011477036993100945,0.029512401625097755,0.546,0.5145444918666211,0.577183950279601,0.016,0.009172319269222079,0.02585324908137344
m2_S_d10_r2,2,S,0.1,False,S3,covered_grid,evaluation,1000,True,36.0,43.0,264,10,700,26,26,21.0,21.0,0.036,0.02533891492983775,0.04949291171801233,0.264,0.2369073609473608,0.2924895663404103,0.01,0.004805510691049308,0.018313243055112515,0.7,0.670538321302634,0.7282788878708555,0.026,0.017052786345629425,0.037865122478921515
m2_S_d10_r2,2,S,0.1,False,S4,covered_grid,evaluation,1000,True,38.0,41.0,164,7,798,31,8,21.0,21.0,0.038,0.027028815982983925,0.05178710362196415,0.164,0.14156627645436193,0.1884313275260984,0.007,0.002818858759620524,0.014369194978918611,0.798,0.7717544218601164,0.8224776638277916,0.031,0.021158171970208632,0.04371508500623898
m2_S_d10_r2,2,S,0.1,True,S1,covered_grid,evaluation,1000,True,11.0,43.0,989,0,0,11,989,16.0,16.0,0.011,0.005503594192313587,0.01959662822201655,0.989,0.9804033717779834,0.9944964058076864,0.0,0.0,0.003682083896865671,0.0,0.0,0.003682083896865671,0.011,0.005503594192313587,0.01959662822201655
m2_S_d10_r2,2,S,0.1,True,S3,covered_grid,evaluation,1000,True,6.0,43.0,994,0,0,6,994,16.0,16.0,0.006,0.0022049824851513773,0.013013423270974454,0.994,0.9869865767290256,0.9977950175148487,0.0,0.0,0.003682083896865671,0.0,0.0,0.003682083896865671,0.006,0.0022049824851513773,0.013013423270974454
m2_S_d10_r2,2,S,0.1,True,S4,covered_grid,evaluation,1000,True,5.0,41.0,993,0,2,5,986,16.0,16.0,0.005,0.00162541951756276,0.01162947055981214,0.993,0.9856308050210814,0.9971811412403795,0.0,0.0,0.003682083896865671,0.002,0.00024230111687723185,0.007205838911457516,0.005,0.00162541951756276,0.01162947055981214
m2_H,2,H,0.0,False,S1,covered_grid,evaluation,1000,True,46.0,46.0,0,10,968,22,5,18.5,,0.046,0.03387149854767792,0.060883552713742635,0.0,0.0,0.003682083896865671,0.01,0.004805510691049308,0.018313243055112515,0.968,0.9551240971649908,0.9780111503943576,0.022,0.013837414172073851,0.03311966451498781
m2_H,2,H,0.0,False,S3,covered_grid,evaluation,1000,True,38.0,38.0,3,3,962,32,0,21.0,21.0,0.038,0.027028815982983925,0.05178710362196415,0.003,0.0006190999316495713,0.008742023238478308,0.003,0.0006190999316495713,0.008742023238478308,0.962,0.9482128963780359,0.9729711840170161,0.032,0.02198884960564242,0.04487590283500927
m2_H,2,H,0.0,False,S4,covered_grid,evaluation,1000,True,49.0,49.0,0,7,963,30,1,21.0,,0.049,0.03646705917204782,0.06426605314016964,0.0,0.0,0.003682083896865671,0.007,0.002818858759620524,0.014369194978918611,0.963,0.949358876940075,0.9738172911562627,0.03,0.020330485683109627,0.042551402470029004
m2_H,2,H,0.0,False,S1,half_noise,stress,1000,True,0.0,0.0,0,0,1000,0,0,,,0.0,0.0,0.003682083896865671,0.0,0.0,0.003682083896865671,0.0,0.0,0.003682083896865671,1.0,0.9963179161031344,1.0,0.0,0.0,0.003682083896865671
m2_H,2,H,0.0,False,S3,half_noise,stress,1000,True,0.0,0.0,0,0,1000,0,0,,,0.0,0.0,0.003682083896865671,0.0,0.0,0.003682083896865671,0.0,0.0,0.003682083896865671,1.0,0.9963179161031344,1.0,0.0,0.0,0.003682083896865671
m2_H,2,H,0.0,False,S4,half_noise,stress,1000,True,0.0,0.0,0,0,1000,0,0,,,0.0,0.0,0.003682083896865671,0.0,0.0,0.003682083896865671,0.0,0.0,0.003682083896865671,1.0,0.9963179161031344,1.0,0.0,0.0,0.003682083896865671
m2_H,2,H,0.0,False,S1,double_noise,stress,1000,True,563.0,563.0,0,65,523,412,31,21.0,,0.563,0.5316095614887726,0.5940184934750994,0.0,0.0,0.003682083896865671,0.065,0.050520309689617925,0.08210106992137103,0.523,0.4915140103158689,0.5543502196835383,0.412,0.38129151430862224,0.4432281114624895
m2_H,2,H,0.0,False,S3,double_noise,stress,1000,True,875.0,884.0,15,24,125,836,29,16.0,16.0,0.875,0.8528930172212289,0.8948702384454075,0.015,0.008419049750034378,0.02461970009704124,0.024,0.01543638323350848,0.035500638531359305,0.125,0.10512976155459254,0.1471069827787711,0.836,0.8115686724739016,0.8584337235456381
m2_H,2,H,0.0,False,S4,double_noise,stress,1000,True,998.0,998.0,0,11,2,987,10,16.0,,0.998,0.9927941610885425,0.9997576988831227,0.0,0.0,0.003682083896865671,0.011,0.005503594192313587,0.01959662822201655,0.002,0.00024230111687723185,0.007205838911457516,0.987,0.9778721963632215,0.9930603824971486
m2_H,2,H,0.0,False,S1,strong_correlation,stress,1000,True,543.0,543.0,0,62,542,396,24,21.0,,0.543,0.5115367755816966,0.5742093796781236,0.0,0.0,0.003682083896865671,0.062,0.0478618481133612,0.0787799496610325,0.542,0.5105344535729366,0.5732176059285063,0.396,0.36553234064374684,0.427081844548873
m2_H,2,H,0.0,False,S3,strong_correlation,stress,1000,True,854.0,863.0,14,32,145,809,29,16.0,16.0,0.854,0.830574624546146,0.8753179617106233,0.014,0.007674501565020781,0.023378156010314545,0.032,0.02198884960564242,0.04487590283500927,0.145,0.12374721727175494,0.1683663220919312,0.809,0.7832406199865389,0.8329252149458908
m2_H,2,H,0.0,False,S4,strong_correlation,stress,1000,True,703.0,703.0,0,39,338,623,12,21.0,,0.703,0.6736110731678129,0.7311883166205182,0.0,0.0,0.003682083896865671,0.039,0.027877148795336416,0.052930935785445075,0.338,0.3086952986820943,0.36826209340139443,0.623,0.59213582321049,0.6531376453404509
m2_H,2,H,0.0,False,S1,drifting_bias,stress,1000,True,477.0,477.0,0,21,746,233,14,16.0,,0.477,0.44564978031646174,0.5084859896841312,0.0,0.0,0.003682083896865671,0.021,0.013045192290387683,0.031922335180415505,0.746,0.7178206949019686,0.7727227594807289,0.233,0.20711600666527014,0.26046597912452674
m2_H,2,H,0.0,False,S3,drifting_bias,stress,1000,True,928.0,934.0,12,15,88,885,13,21.0,18.5,0.928,0.9101842508246492,0.9432413124454383,0.012,0.006215525559595244,0.020867679591036435,0.015,0.008419049750034378,0.02461970009704124,0.088,0.07117513428528649,0.10729476503500858,0.885,0.8635844321371672,0.9041166200267362
m2_H,2,H,0.0,False,S4,drifting_bias,stress,1000,True,941.0,941.0,0,16,89,895,10,16.0,,0.941,0.9245509269157592,0.9547866455972034,0.0,0.0,0.003682083896865671,0.016,0.009172319269222079,0.02585324908137344,0.089,0.07208246453975992,0.1083810000600025,0.895,0.8743231515446638,0.9133151751754599
m2_H,2,H,0.0,False,S1,gain_error,stress,1000,True,514.0,514.0,0,14,730,256,7,18.5,,0.514,0.482519972167083,0.5453973863574204,0.0,0.0,0.003682083896865671,0.014,0.007674501565020781,0.023378156010314545,0.73,0.7013329625349527,0.757305849912405,0.256,0.22920178638441305,0.2842428301010063
m2_H,2,H,0.0,False,S3,gain_error,stress,1000,True,914.0,917.0,5,4,119,872,8,16.0,16.0,0.914,0.8948797315656734,0.9306374694275863,0.005,0.00162541951756276,0.01162947055981214,0.004,0.0010909079877259714,0.010209664683929856,0.119,0.09957649182504014,0.14069751802265837,0.872,0.8496940714251292,0.8920877586688023
m2_H,2,H,0.0,False,S4,gain_error,stress,1000,True,902.0,902.0,0,9,132,859,6,16.0,,0.902,0.8818715455687639,0.9197224945489949,0.0,0.0,0.003682083896865671,0.009,0.004123395660342473,0.017015783069894617,0.132,0.11162801297279534,0.1545654466084539,0.859,0.8358734410483915,0.8799884872031305
m2_H,2,H,0.0,True,S1,covered_grid,evaluation,1000,True,46.0,46.0,0,11,967,22,5,21.0,,0.046,0.03387149854767792,0.060883552713742635,0.0,0.0,0.003682083896865671,0.011,0.005503594192313587,0.01959662822201655,0.967,0.9539660181829768,0.9771776166505405,0.022,0.013837414172073851,0.03311966451498781
m2_H,2,H,0.0,True,S3,covered_grid,evaluation,1000,True,38.0,38.0,3,2,963,32,0,21.0,21.0,0.038,0.027028815982983925,0.05178710362196415,0.003,0.0006190999316495713,0.008742023238478308,0.002,0.00024230111687723185,0.007205838911457516,0.963,0.949358876940075,0.9738172911562627,0.032,0.02198884960564242,0.04487590283500927
m2_H,2,H,0.0,True,S4,covered_grid,evaluation,1000,True,49.0,49.0,0,12,962,26,1,21.0,,0.049,0.03646705917204782,0.06426605314016964,0.0,0.0,0.003682083896865671,0.012,0.006215525559595244,0.020867679591036435,0.962,0.9482128963780359,0.9729711840170161,0.026,0.017052786345629425,0.037865122478921515
m2_H,2,H,0.0,True,S1,half_noise,stress,1000,True,0.0,0.0,0,0,1000,0,0,,,0.0,0.0,0.003682083896865671,0.0,0.0,0.003682083896865671,0.0,0.0,0.003682083896865671,1.0,0.9963179161031344,1.0,0.0,0.0,0.003682083896865671
m2_H,2,H,0.0,True,S3,half_noise,stress,1000,True,0.0,0.0,0,0,1000,0,0,,,0.0,0.0,0.003682083896865671,0.0,0.0,0.003682083896865671,0.0,0.0,0.003682083896865671,1.0,0.9963179161031344,1.0,0.0,0.0,0.003682083896865671
m2_H,2,H,0.0,True,S4,half_noise,stress,1000,True,0.0,0.0,0,0,1000,0,0,,,0.0,0.0,0.003682083896865671,0.0,0.0,0.003682083896865671,0.0,0.0,0.003682083896865671,1.0,0.9963179161031344,1.0,0.0,0.0,0.003682083896865671
m2_H,2,H,0.0,True,S1,double_noise,stress,1000,True,563.0,563.0,0,76,512,412,40,16.0,,0.563,0.5316095614887726,0.5940184934750994,0.0,0.0,0.003682083896865671,0.076,0.06034366117990183,0.09420432364490217,0.512,0.4805226592503,0.5434065053508251,0.412,0.38129151430862224,0.4432281114624895
m2_H,2,H,0.0,True,S3,double_noise,stress,1000,True,875.0,884.0,15,25,123,837,27,16.0,16.0,0.875,0.8528930172212289,0.8948702384454075,0.015,0.008419049750034378,0.02461970009704124,0.025,0.01624253569688223,0.036684823051923054,0.123,0.10327690964141768,0.14497223867356843,0.837,0.812621856215511,0.8593744596403597
m2_H,2,H,0.0,True,S4,double_noise,stress,1000,True,998.0,998.0,0,15,2,983,13,16.0,,0.998,0.9927941610885425,0.9997576988831227,0.0,0.0,0.003682083896865671,0.015,0.008419049750034378,0.02461970009704124,0.002,0.00024230111687723185,0.007205838911457516,0.983,0.9729205031351486,0.9900664874072834
m2_H,2,H,0.0,True,S1,strong_correlation,stress,1000,True,543.0,543.0,0,77,529,394,30,21.0,,0.543,0.5115367755816966,0.5742093796781236,0.0,0.0,0.003682083896865671,0.077,0.06124202778354902,0.09529938097825967,0.529,0.49751561570777664,0.5603131938263564,0.394,0.36356480972723054,0.42506119827106315
m2_H,2,H,0.0,True,S3,strong_correlation,stress,1000,True,854.0,863.0,14,33,147,806,32,16.0,16.0,0.854,0.830574624546146,0.8753179617106233,0.014,0.007674501565020781,0.023378156010314545,0.033,0.02282238334945957,0.0460339818170232,0.147,0.12561721113351154,0.17048407987908906,0.806,0.7801050610268592,0.8300788590524634
m2_H,2,H,0.0,True,S4,strong_correlation,stress,1000,True,703.0,703.0,0,63,338,599,24,21.0,,0.703,0.6736110731678129,0.7311883166205182,0.0,0.0,0.003682083896865671,0.063,0.04874692755658055,0.0798880418733545,0.338,0.3086952986820943,0.36826209340139443,0.599,0.5678688474086686,0.6295465214905855
m2_H,2,H,0.0,True,S1,drifting_bias,stress,1000,True,477.0,477.0,0,24,742,234,15,16.0,,0.477,0.44564978031646174,0.5084859896841312,0.0,0.0,0.003682083896865671,0.024,0.01543638323350848,0.035500638531359305,0.742,0.7136943868315391,0.7688729230250863,0.234,0.20807408037540975,0.26150192381556675
m2_H,2,H,0.0,True,S3,drifting_bias,stress,1000,True,928.0,934.0,12,12,88,888,12,18.5,18.5,0.928,0.9101842508246492,0.9432413124454383,0.012,0.006215525559595244,0.020867679591036435,0.012,0.006215525559595244,0.020867679591036435,0.088,0.07117513428528649,0.10729476503500858,0.888,0.8668008344307598,0.9068814600783898
m2_H,2,H,0.0,True,S4,drifting_bias,stress,1000,True,941.0,941.0,0,36,89,875,30,16.0,,0.941,0.9245509269157592,0.9547866455972034,0.0,0.0,0.003682083896865671,0.036,0.02533891492983775,0.04949291171801233,0.089,0.07208246453975992,0.1083810000600025,0.875,0.8528930172212289,0.8948702384454075
m2_H,2,H,0.0,True,S1,gain_error,stress,1000,True,579.0,579.0,0,25,692,283,10,21.0,,0.579,0.547704227652658,0.6098293201725631,0.0,0.0,0.003682083896865671,0.025,0.01624253569688223,0.036684823051923054,0.692,0.662351338002505,0.7205133700994173,0.283,0.2552538625382425,0.3120299618316185
m2_H,2,H,0.0,True,S3,gain_error,stress,1000,True,931.0,932.0,6,5,106,883,6,16.0,21.0,0.931,0.9134848906542884,0.9459206642067437,0.006,0.0022049824851513773,0.013013423270974454,0.005,0.00162541951756276,0.01162947055981214,0.106,0.08760236506921208,0.1267530087815625,0.883,0.8614425336094167,0.9022709975049333
m2_H,2,H,0.0,True,S4,gain_error,stress,1000,True,919.0,919.0,0,23,119,858,14,16.0,,0.919,0.9003283010315127,0.935156460291505,0.0,0.0,0.003682083896865671,0.023,0.014634582325176759,0.03431233761285442,0.119,0.09957649182504014,0.14069751802265837,0.858,0.8348129616464028,0.8790551042902568
m2_C_offgrid_d035,2,C,0.035,False,S1,heldout_parameters,evaluation,1000,True,20.0,20.0,4,1,976,19,1,21.0,21.0,0.02,0.012258267972406329,0.030720032682609023,0.004,0.0010909079877259714,0.010209664683929856,0.001,2.531748749129404e-05,0.005558924279826698,0.976,0.9644993614686407,0.9845636167664915,0.019,0.011477036993100945,0.029512401625097755
m2_C_offgrid_d035,2,C,0.035,False,S3,heldout_parameters,evaluation,1000,True,40.0,40.0,15,6,945,34,2,21.0,21.0,0.04,0.028727625285890793,0.05407269681936848,0.015,0.008419049750034378,0.02461970009704124,0.006,0.0022049824851513773,0.013013423270974454,0.945,0.9290084844579425,0.958301204920464,0.034,0.02365864810759675,0.047189438615707534
m2_C_offgrid_d035,2,C,0.035,False,S4,heldout_parameters,evaluation,1000,True,23.0,33.0,192,0,785,23,26,21.0,21.0,0.023,0.014634582325176759,0.03431233761285442,0.192,0.16802331747153562,0.21780481775628427,0.0,0.0,0.003682083896865671,0.785,0.7582168340894826,0.8100933481890851,0.023,0.014634582325176759,0.03431233761285442
m2_C_offgrid_d035,2,C,0.035,True,S1,heldout_parameters,evaluation,1000,True,21.0,24.0,370,10,609,11,234,16.0,16.0,0.021,0.013045192290387683,0.031922335180415505,0.37,0.33999623003117224,0.40077171038219866,0.01,0.004805510691049308,0.018313243055112515,0.609,0.5779707644429026,0.639385492047992,0.011,0.005503594192313587,0.01959662822201655
m2_C_offgrid_d035,2,C,0.035,True,S3,heldout_parameters,evaluation,1000,True,23.0,35.0,228,4,749,19,79,21.0,21.0,0.023,0.014634582325176759,0.03431233761285442,0.228,0.2023287298710311,0.2552831775215669,0.004,0.0010909079877259714,0.010209664683929856,0.749,0.7209173861139613,0.7756081692103165,0.019,0.011477036993100945,0.029512401625097755
m2_C_offgrid_d035,2,C,0.035,True,S4,heldout_parameters,evaluation,1000,True,20.0,35.0,498,0,482,20,128,21.0,21.0,0.02,0.012258267972406329,0.030720032682609023,0.498,0.4665553231858496,0.5294564826459982,0.0,0.0,0.003682083896865671,0.482,0.4506223374692156,0.5134839164162952,0.02,0.012258267972406329,0.030720032682609023
m2_M_offgrid_d035,2,M,0.035,False,S1,heldout_parameters,evaluation,1000,True,58.0,133.0,942,0,0,58,942,16.0,16.0,0.058,0.044332860252820704,0.07433649538235161,0.942,0.9256635046176483,0.9556671397471793,0.0,0.0,0.003682083896865671,0.0,0.0,0.003682083896865671,0.058,0.044332860252820704,0.07433649538235161
m2_M_offgrid_d035,2,M,0.035,False,S3,heldout_parameters,evaluation,1000,True,19.0,94.0,981,0,0,19,981,16.0,16.0,0.019,0.011477036993100945,0.029512401625097755,0.981,0.9704875983749023,0.988522963006899,0.0,0.0,0.003682083896865671,0.0,0.0,0.003682083896865671,0.019,0.011477036993100945,0.029512401625097755
m2_M_offgrid_d035,2,M,0.035,False,S4,heldout_parameters,evaluation,1000,True,4.0,78.0,996,0,0,4,996,16.0,16.0,0.004,0.0010909079877259714,0.010209664683929856,0.996,0.9897903353160702,0.9989090920122741,0.0,0.0,0.003682083896865671,0.0,0.0,0.003682083896865671,0.004,0.0010909079877259714,0.010209664683929856
m2_M_offgrid_d035,2,M,0.035,True,S1,heldout_parameters,evaluation,1000,True,139.0,317.0,861,0,0,139,861,16.0,16.0,0.139,0.11814585276496607,0.1620045038554902,0.861,0.8379954961445097,0.8818541472350339,0.0,0.0,0.003682083896865671,0.0,0.0,0.003682083896865671,0.139,0.11814585276496607,0.1620045038554902
m2_M_offgrid_d035,2,M,0.035,True,S3,heldout_parameters,evaluation,1000,True,32.0,177.0,968,0,0,32,968,16.0,16.0,0.032,0.02198884960564242,0.04487590283500927,0.968,0.9551240971649908,0.9780111503943576,0.0,0.0,0.003682083896865671,0.0,0.0,0.003682083896865671,0.032,0.02198884960564242,0.04487590283500927
m2_M_offgrid_d035,2,M,0.035,True,S4,heldout_parameters,evaluation,1000,True,8.0,99.0,992,0,0,8,992,16.0,16.0,0.008,0.003459976165329311,0.015702049176074654,0.992,0.9842979508239253,0.9965400238346707,0.0,0.0,0.003682083896865671,0.0,0.0,0.003682083896865671,0.008,0.003459976165329311,0.015702049176074654
m2_M_offgrid_d075,2,M,0.075,False,S1,heldout_parameters,evaluation,1000,True,27.0,74.0,973,0,0,27,973,16.0,16.0,0.027,0.01786690592524969,0.03904174680597018,0.973,0.9609582531940298,0.9821330940747504,0.0,0.0,0.003682083896865671,0.0,0.0,0.003682083896865671,0.027,0.01786690592524969,0.03904174680597018
m2_M_offgrid_d075,2,M,0.075,False,S3,heldout_parameters,evaluation,1000,True,18.0,73.0,982,0,0,18,982,16.0,16.0,0.018,0.010701947929414703,0.028299041249019146,0.982,0.9717009587509808,0.9892980520705853,0.0,0.0,0.003682083896865671,0.0,0.0,0.003682083896865671,0.018,0.010701947929414703,0.028299041249019146
m2_M_offgrid_d075,2,M,0.075,False,S4,heldout_parameters,evaluation,1000,True,8.0,62.0,992,0,0,8,992,16.0,16.0,0.008,0.003459976165329311,0.015702049176074654,0.992,0.9842979508239253,0.9965400238346707,0.0,0.0,0.003682083896865671,0.0,0.0,0.003682083896865671,0.008,0.003459976165329311,0.015702049176074654
m2_M_offgrid_d075,2,M,0.075,True,S1,heldout_parameters,evaluation,1000,True,39.0,115.0,961,0,0,39,961,16.0,16.0,0.039,0.027877148795336416,0.052930935785445075,0.961,0.947069064214555,0.9721228512046636,0.0,0.0,0.003682083896865671,0.0,0.0,0.003682083896865671,0.039,0.027877148795336416,0.052930935785445075
m2_M_offgrid_d075,2,M,0.075,True,S3,heldout_parameters,evaluation,1000,True,21.0,81.0,979,0,0,21,979,16.0,16.0,0.021,0.013045192290387683,0.031922335180415505,0.979,0.9680776648195845,0.9869548077096123,0.0,0.0,0.003682083896865671,0.0,0.0,0.003682083896865671,0.021,0.013045192290387683,0.031922335180415505
m2_M_offgrid_d075,2,M,0.075,True,S4,heldout_parameters,evaluation,1000,True,6.0,58.0,994,0,0,6,994,16.0,16.0,0.006,0.0022049824851513773,0.013013423270974454,0.994,0.9869865767290256,0.9977950175148487,0.0,0.0,0.003682083896865671,0.0,0.0,0.003682083896865671,0.006,0.0022049824851513773,0.013013423270974454
m2_S_offgrid_d035,2,S,0.035,False,S1,heldout_parameters,evaluation,1000,True,31.0,31.0,2,11,967,20,1,21.0,21.0,0.031,0.021158171970208632,0.04371508500623898,0.002,0.00024230111687723185,0.007205838911457516,0.011,0.005503594192313587,0.01959662822201655,0.967,0.9539660181829768,0.9771776166505405,0.02,0.012258267972406329,0.030720032682609023
m2_S_offgrid_d035,2,S,0.035,False,S3,heldout_parameters,evaluation,1000,True,40.0,40.0,12,9,948,31,0,21.0,21.0,0.04,0.028727625285890793,0.05407269681936848,0.012,0.006215525559595244,0.020867679591036435,0.009,0.004123395660342473,0.017015783069894617,0.948,0.9323649859494927,0.9609234650560194,0.031,0.021158171970208632,0.04371508500623898
m2_S_offgrid_d035,2,S,0.035,False,S4,heldout_parameters,evaluation,1000,True,35.0,38.0,88,1,877,34,7,21.0,21.0,0.035,0.02449752789475872,0.04834238161422173,0.088,0.07117513428528649,0.10729476503500858,0.001,2.531748749129404e-05,0.005558924279826698,0.877,0.8550277613264315,0.8967230903585823,0.034,0.02365864810759675,0.047189438615707534
m2_S_offgrid_d035,2,S,0.035,True,S1,heldout_parameters,evaluation,1000,True,17.0,31.0,235,1,754,10,171,16.0,16.0,0.017,0.009933512592716534,0.027079496864851435,0.235,0.2090323580446216,0.26253766543135415,0.001,2.531748749129404e-05,0.005558924279826698,0.754,0.7260823308184117,0.7804133779332014,0.01,0.004805510691049308,0.018313243055112515
m2_S_offgrid_d035,2,S,0.035,True,S3,heldout_parameters,evaluation,1000,True,28.0,40.0,135,1,840,24,44,21.0,21.0,0.028,0.018684686195537568,0.04021488737384334,0.135,0.11441905042651314,0.15775591555121932,0.001,2.531748749129404e-05,0.005558924279826698,0.84,0.8157832472414973,0.8621948147781167,0.024,0.01543638323350848,0.035500638531359305
m2_S_offgrid_d035,2,S,0.035,True,S4,heldout_parameters,evaluation,1000,True,34.0,38.0,99,4,867,30,16,21.0,21.0,0.034,0.02365864810759675,0.047189438615707534,0.099,0.08119112894696874,0.11920848268620649,0.004,0.0010909079877259714,0.010209664683929856,0.867,0.8443706729528716,0.8874420356131526,0.03,0.020330485683109627,0.042551402470029004
m2_S_offgrid_d075,2,S,0.075,False,S1,heldout_parameters,evaluation,1000,True,22.0,35.0,865,0,113,22,491,16.0,16.0,0.022,0.013837414172073851,0.03311966451498781,0.865,0.8422440844487806,0.8855809495734869,0.0,0.0,0.003682083896865671,0.113,0.09403966675438756,0.13427178080353835,0.022,0.013837414172073851,0.03311966451498781
m2_S_offgrid_d075,2,S,0.075,False,S3,heldout_parameters,evaluation,1000,True,20.0,46.0,716,0,264,20,193,21.0,21.0,0.02,0.012258267972406329,0.030720032682609023,0.716,0.6869433178040536,0.7437788049762449,0.0,0.0,0.003682083896865671,0.264,0.2369073609473608,0.2924895663404103,0.02,0.012258267972406329,0.030720032682609023
m2_S_offgrid_d075,2,S,0.075,False,S4,heldout_parameters,evaluation,1000,True,28.0,44.0,642,0,330,28,40,21.0,21.0,0.028,0.018684686195537568,0.04021488737384334,0.642,0.6114024906519152,0.6717585560070759,0.0,0.0,0.003682083896865671,0.33,0.3008930754190064,0.3601117256539736,0.028,0.018684686195537568,0.04021488737384334
m2_S_offgrid_d075,2,S,0.075,True,S1,heldout_parameters,evaluation,1000,True,13.0,35.0,984,3,3,10,982,16.0,16.0,0.013,0.006939617502851475,0.022127803636778482,0.984,0.9741467509186266,0.9908276807307779,0.003,0.0006190999316495713,0.008742023238478308,0.003,0.0006190999316495713,0.008742023238478308,0.01,0.004805510691049308,0.018313243055112515
m2_S_offgrid_d075,2,S,0.075,True,S3,heldout_parameters,evaluation,1000,True,6.0,46.0,960,0,34,6,890,16.0,16.0,0.006,0.0022049824851513773,0.013013423270974454,0.96,0.9459273031806316,0.9712723747141092,0.0,0.0,0.003682083896865671,0.034,0.02365864810759675,0.047189438615707534,0.006,0.0022049824851513773,0.013013423270974454
m2_S_offgrid_d075,2,S,0.075,True,S4,heldout_parameters,evaluation,1000,True,2.0,44.0,992,0,6,2,933,16.0,16.0,0.002,0.00024230111687723185,0.007205838911457516,0.992,0.9842979508239253,0.9965400238346707,0.0,0.0,0.003682083896865671,0.006,0.0022049824851513773,0.013013423270974454,0.002,0.00024230111687723185,0.007205838911457516
m2_C_kinetic,2,C,0.05,False,S1,kinetic_mismatch,evaluation,1000,True,1000.0,1000.0,0,0,0,1000,0,,,1.0,0.9963179161031344,1.0,0.0,0.0,0.003682083896865671,0.0,0.0,0.003682083896865671,0.0,0.0,0.003682083896865671,1.0,0.9963179161031344,1.0
m2_C_kinetic,2,C,0.05,False,S3,kinetic_mismatch,evaluation,1000,True,1000.0,1000.0,0,0,0,1000,0,,,1.0,0.9963179161031344,1.0,0.0,0.0,0.003682083896865671,0.0,0.0,0.003682083896865671,0.0,0.0,0.003682083896865671,1.0,0.9963179161031344,1.0
m2_C_kinetic,2,C,0.05,False,S4,kinetic_mismatch,evaluation,1000,True,1000.0,1000.0,0,0,0,1000,0,,,1.0,0.9963179161031344,1.0,0.0,0.0,0.003682083896865671,0.0,0.0,0.003682083896865671,0.0,0.0,0.003682083896865671,1.0,0.9963179161031344,1.0
m2_C_kinetic,2,C,0.05,True,S1,kinetic_mismatch,evaluation,1000,True,1000.0,1000.0,0,0,0,1000,0,,,1.0,0.9963179161031344,1.0,0.0,0.0,0.003682083896865671,0.0,0.0,0.003682083896865671,0.0,0.0,0.003682083896865671,1.0,0.9963179161031344,1.0
m2_C_kinetic,2,C,0.05,True,S3,kinetic_mismatch,evaluation,1000,True,1000.0,1000.0,0,0,0,1000,0,,,1.0,0.9963179161031344,1.0,0.0,0.0,0.003682083896865671,0.0,0.0,0.003682083896865671,0.0,0.0,0.003682083896865671,1.0,0.9963179161031344,1.0
m2_C_kinetic,2,C,0.05,True,S4,kinetic_mismatch,evaluation,1000,True,1000.0,1000.0,0,0,0,1000,0,,,1.0,0.9963179161031344,1.0,0.0,0.0,0.003682083896865671,0.0,0.0,0.003682083896865671,0.0,0.0,0.003682083896865671,1.0,0.9963179161031344,1.0
m2_C_fast,2,C,0.05,False,S1,faster_deterioration,evaluation,1000,True,34.0,34.0,6,18,960,16,6,21.0,21.0,0.034,0.02365864810759675,0.047189438615707534,0.006,0.0022049824851513773,0.013013423270974454,0.018,0.010701947929414703,0.028299041249019146,0.96,0.9459273031806316,0.9712723747141092,0.016,0.009172319269222079,0.02585324908137344
m2_C_fast,2,C,0.05,False,S3,faster_deterioration,evaluation,1000,True,45.0,45.0,9,17,946,28,6,21.0,21.0,0.045,0.033009625431148756,0.059752832693407795,0.009,0.004123395660342473,0.017015783069894617,0.017,0.009933512592716534,0.027079496864851435,0.946,0.9301259944229326,0.9591766488743693,0.028,0.018684686195537568,0.04021488737384334
m2_C_fast,2,C,0.05,False,S4,faster_deterioration,evaluation,1000,True,25.0,38.0,369,0,606,25,90,21.0,21.0,0.025,0.01624253569688223,0.036684823051923054,0.369,0.33901590299223644,0.39975795386943636,0.0,0.0,0.003682083896865671,0.606,0.5749388017289369,0.6364351902727694,0.025,0.01624253569688223,0.036684823051923054
m2_C_fast,2,C,0.05,True,S1,faster_deterioration,evaluation,1000,True,36.0,42.0,646,21,321,12,244,21.0,21.0,0.036,0.02533891492983775,0.04949291171801233,0.646,0.6154650202655845,0.675672347481602,0.021,0.013045192290387683,0.031922335180415505,0.321,0.2921269675953229,0.35093119436638076,0.012,0.006215525559595244,0.020867679591036435
m2_C_fast,2,C,0.05,True,S3,faster_deterioration,evaluation,1000,True,32.0,40.0,496,9,474,21,99,21.0,21.0,0.032,0.02198884960564242,0.04487590283500927,0.496,0.4645619680138561,0.5274616436614882,0.009,0.004123395660342473,0.017015783069894617,0.474,0.4426677344740895,0.5054857455876623,0.021,0.013045192290387683,0.031922335180415505
m2_C_fast,2,C,0.05,True,S4,faster_deterioration,evaluation,1000,True,14.0,41.0,878,0,108,14,322,21.0,21.0,0.014,0.007674501565020781,0.023378156010314545,0.878,0.8560957805725833,0.8976488625599233,0.0,0.0,0.003682083896865671,0.108,0.08943903298240022,0.12890376087999794,0.014,0.007674501565020781,0.023378156010314545
m2_M_kinetic,2,M,0.05,False,S1,kinetic_mismatch,evaluation,1000,True,1000.0,1000.0,0,0,0,1000,0,,,1.0,0.9963179161031344,1.0,0.0,0.0,0.003682083896865671,0.0,0.0,0.003682083896865671,0.0,0.0,0.003682083896865671,1.0,0.9963179161031344,1.0
m2_M_kinetic,2,M,0.05,False,S3,kinetic_mismatch,evaluation,1000,True,1000.0,1000.0,0,0,0,1000,0,,,1.0,0.9963179161031344,1.0,0.0,0.0,0.003682083896865671,0.0,0.0,0.003682083896865671,0.0,0.0,0.003682083896865671,1.0,0.9963179161031344,1.0
m2_M_kinetic,2,M,0.05,False,S4,kinetic_mismatch,evaluation,1000,True,1000.0,1000.0,0,0,0,1000,0,,,1.0,0.9963179161031344,1.0,0.0,0.0,0.003682083896865671,0.0,0.0,0.003682083896865671,0.0,0.0,0.003682083896865671,1.0,0.9963179161031344,1.0
m2_M_kinetic,2,M,0.05,True,S1,kinetic_mismatch,evaluation,1000,True,1000.0,1000.0,0,0,0,1000,0,,,1.0,0.9963179161031344,1.0,0.0,0.0,0.003682083896865671,0.0,0.0,0.003682083896865671,0.0,0.0,0.003682083896865671,1.0,0.9963179161031344,1.0
m2_M_kinetic,2,M,0.05,True,S3,kinetic_mismatch,evaluation,1000,True,1000.0,1000.0,0,0,0,1000,0,,,1.0,0.9963179161031344,1.0,0.0,0.0,0.003682083896865671,0.0,0.0,0.003682083896865671,0.0,0.0,0.003682083896865671,1.0,0.9963179161031344,1.0
m2_M_kinetic,2,M,0.05,True,S4,kinetic_mismatch,evaluation,1000,True,1000.0,1000.0,0,0,0,1000,0,,,1.0,0.9963179161031344,1.0,0.0,0.0,0.003682083896865671,0.0,0.0,0.003682083896865671,0.0,0.0,0.003682083896865671,1.0,0.9963179161031344,1.0
m2_M_fast,2,M,0.05,False,S1,faster_deterioration,evaluation,1000,True,2.0,22.0,998,0,0,2,998,16.0,16.0,0.002,0.00024230111687723185,0.007205838911457516,0.998,0.9927941610885425,0.9997576988831227,0.0,0.0,0.003682083896865671,0.0,0.0,0.003682083896865671,0.002,0.00024230111687723185,0.007205838911457516
m2_M_fast,2,M,0.05,False,S3,faster_deterioration,evaluation,1000,True,3.0,33.0,997,0,0,3,997,16.0,16.0,0.003,0.0006190999316495713,0.008742023238478308,0.997,0.9912579767615217,0.9993809000683505,0.0,0.0,0.003682083896865671,0.0,0.0,0.003682083896865671,0.003,0.0006190999316495713,0.008742023238478308
m2_M_fast,2,M,0.05,False,S4,faster_deterioration,evaluation,1000,True,4.0,42.0,996,0,0,4,996,16.0,16.0,0.004,0.0010909079877259714,0.010209664683929856,0.996,0.9897903353160702,0.9989090920122741,0.0,0.0,0.003682083896865671,0.0,0.0,0.003682083896865671,0.004,0.0010909079877259714,0.010209664683929856
m2_M_fast,2,M,0.05,True,S1,faster_deterioration,evaluation,1000,True,1.0,25.0,999,0,0,1,999,16.0,16.0,0.001,2.531748749129404e-05,0.005558924279826698,0.999,0.9944410757201733,0.9999746825125088,0.0,0.0,0.003682083896865671,0.0,0.0,0.003682083896865671,0.001,2.531748749129404e-05,0.005558924279826698
m2_M_fast,2,M,0.05,True,S3,faster_deterioration,evaluation,1000,True,3.0,38.0,997,0,0,3,997,16.0,16.0,0.003,0.0006190999316495713,0.008742023238478308,0.997,0.9912579767615217,0.9993809000683505,0.0,0.0,0.003682083896865671,0.0,0.0,0.003682083896865671,0.003,0.0006190999316495713,0.008742023238478308
m2_M_fast,2,M,0.05,True,S4,faster_deterioration,evaluation,1000,True,3.0,38.0,997,0,0,3,997,16.0,16.0,0.003,0.0006190999316495713,0.008742023238478308,0.997,0.9912579767615217,0.9993809000683505,0.0,0.0,0.003682083896865671,0.0,0.0,0.003682083896865671,0.003,0.0006190999316495713,0.008742023238478308
m2_CM,2,CM,0.05,False,S1,out_of_family,evaluation,1000,False,,,0,823,0,177,822,16.0,,,,,0.0,0.0,0.003682083896865671,0.823,0.7979040786922189,0.8461771732986039,0.0,0.0,0.003682083896865671,0.177,0.15382282670139608,0.20209592130778106
m2_CM,2,CM,0.05,False,S3,out_of_family,evaluation,1000,False,,,0,949,0,51,941,16.0,,,,,0.0,0.0,0.003682083896865671,0.949,0.9334865384050651,0.9617947632253139,0.0,0.0,0.003682083896865671,0.051,0.03820523677468615,0.06651346159493483
m2_CM,2,CM,0.05,False,S4,out_of_family,evaluation,1000,False,,,0,952,0,48,896,16.0,,,,,0.0,0.0,0.003682083896865671,0.952,0.9368598845984908,0.9643997346571167,0.0,0.0,0.003682083896865671,0.048,0.03560026534288328,0.06314011540150924
m2_CM,2,CM,0.05,True,S1,out_of_family,evaluation,1000,False,,,0,890,0,110,890,16.0,,,,,0.0,0.0,0.003682083896865671,0.89,0.8689475363625123,0.9087222255405338,0.0,0.0,0.003682083896865671,0.11,0.09127777445946614,0.13105246363748774
m2_CM,2,CM,0.05,True,S3,out_of_family,evaluation,1000,False,,,0,957,0,43,957,16.0,,,,,0.0,0.0,0.003682083896865671,0.957,0.9425137420380276,0.9687088295439074,0.0,0.0,0.003682083896865671,0.043,0.0312911704560926,0.057486257961972334
m2_CM,2,CM,0.05,True,S4,out_of_family,evaluation,1000,False,,,0,958,0,42,958,16.0,,,,,0.0,0.0,0.003682083896865671,0.958,0.9436497084242552,0.96956529373686,0.0,0.0,0.003682083896865671,0.042,0.030434706263140023,0.05635029157574473
m2_F_offdomain,2,F,0.05,False,S1,out_of_family,evaluation,1000,False,,,0,836,91,73,121,21.0,,,,,0.0,0.0,0.003682083896865671,0.836,0.8115686724739016,0.8584337235456381,0.091,0.0738991299424797,0.11055149410186922,0.073,0.057653625227932596,0.09091417539450124
m2_F_offdomain,2,F,0.05,False,S3,out_of_family,evaluation,1000,False,,,0,609,136,255,126,21.0,,,,,0.0,0.0,0.003682083896865671,0.609,0.5779707644429026,0.639385492047992,0.136,0.11535017762388164,0.15881863091402174,0.255,0.22823942000190797,0.28321116069706687
m2_F_offdomain,2,F,0.05,False,S4,out_of_family,evaluation,1000,False,,,0,166,9,825,122,16.0,,,,,0.0,0.0,0.003682083896865671,0.166,0.14344866158413716,0.1905367885418801,0.009,0.004123395660342473,0.017015783069894617,0.825,0.800003174430663,0.8480659670904693
m2_F_offdomain,2,F,0.05,True,S1,out_of_family,evaluation,1000,False,,,0,804,14,182,739,16.0,,,,,0.0,0.0,0.003682083896865671,0.804,0.7780159357151282,0.8281800339664227,0.014,0.007674501565020781,0.023378156010314545,0.182,0.15854965331143797,0.20733884949016518
m2_F_offdomain,2,F,0.05,True,S3,out_of_family,evaluation,1000,False,,,0,457,27,516,389,16.0,,,,,0.0,0.0,0.003682083896865671,0.457,0.4257906203218765,0.48846322441830337,0.027,0.01786690592524969,0.03904174680597018,0.516,0.4845177802207623,0.5473877721454373
m2_F_offdomain,2,F,0.05,True,S4,out_of_family,evaluation,1000,False,,,0,174,0,826,171,16.0,,,,,0.0,0.0,0.003682083896865671,0.174,0.15099005847602556,0.19894685799303644,0.0,0.0,0.003682083896865671,0.826,0.8010531420069635,0.8490099415239745
